,cohort,dimension,label,canonical_label
1,people,accessories,badge,badge
2,people,accessories,bag,bag
3,people,accessories,belt,belt
4,people,accessories,bracelet,bracelet
5,people,accessories,earrings,earring
6,people,accessories,gloves,glove
7,people,accessories,headphones,headphone
8,people,accessories,jewelry,jewelry
9,people,accessories,mask,mask
10,people,accessories,medical,medical
11,people,accessories,necklace,necklace
12,people,accessories,safety_gear,gear
13,people,accessories,scarf,scarf
14,people,accessories,tie,tie
15,people,accessories,tool,tool
16,people,accessories,watch,watch
17,people,activities,acting,acting
18,people,activities,addressing_bench,bench
19,people,activities,addressing_table,table
20,people,activities,adjusting,adjusting
21,people,activities,adjusting a valve,valve
22,people,activities,adjusting camera,camera
23,people,activities,adjusting controls,control
24,people,activities,adjusting equipment,equipment
25,people,activities,adjusting faucet,faucet
26,people,activities,adjusting glassware,glassware
27,people,activities,adjusting instrument,instrument
28,people,activities,adjusting IV,iv
29,people,activities,adjusting lathe,lathe
30,people,activities,adjusting light,light
31,people,activities,adjusting machine,machine
32,people,activities,adjusting part,part
33,people,activities,adjusting slide,slide
34,people,activities,adjusting tripod,tripod
35,people,activities,adjusting vials,vial
36,people,activities,adjusting_light,light
37,people,activities,adjusting_tie,tie
38,people,activities,administering care,care
39,people,activities,administering inhaler,inhaler
40,people,activities,advancing,advancing
41,people,activities,aiming hose,hose
42,people,activities,analyzing charts,chart
43,people,activities,answering,answering
44,people,activities,answering questions,question
45,people,activities,answering_phone,phone
46,people,activities,applying dressing,dressing
47,people,activities,applying ointment,ointment
48,people,activities,applying sanitizer,sanitizer
49,people,activities,approaching desk,desk
50,people,activities,approaching fire,fire
51,people,activities,arms_crossed,arm
52,people,activities,arms_folded,arm
53,people,activities,arranging,arranging
54,people,activities,arranging basket,basket
55,people,activities,arranging cookies,cookie
56,people,activities,arranging papers,paper
57,people,activities,arranging plants,plant
58,people,activities,arranging plate,plate
59,people,activities,arranging produce,produce
60,people,activities,arranging_fabric,fabric
61,people,activities,arranging_produce,produce
62,people,activities,asking_question,question
63,people,activities,assembling,assembling
64,people,activities,assessing fire,fire
65,people,activities,assisting,assisting
66,people,activities,assisting airway,assisting
67,people,activities,assisting guest,assisting
68,people,activities,at_desk,desk
69,people,activities,bagging,bagging
70,people,activities,baking,baking
71,people,activities,being carried,carried
72,people,activities,being examined,examined
73,people,activities,being_interviewed,interview
74,people,activities,being_operated,operated
75,people,activities,bending,bending
76,people,activities,blocking traffic,blocking
77,people,activities,brewing,brewer
78,people,activities,browsing,browsing
79,people,activities,browsing groceries,browsing
80,people,activities,browsing produce,browsing
81,people,activities,browsing shelves,browsing
82,people,activities,browsing_shelves,browsing
83,people,activities,calling out,calling
84,people,activities,carrying,carrying
85,people,activities,carrying backpack,carrying
86,people,activities,carrying bag,carrying
87,people,activities,carrying basket,carrying
88,people,activities,carrying box,carrying
89,people,activities,carrying crate,carrying
90,people,activities,carrying rifle,carrying
91,people,activities,carrying suitcase,carrying
92,people,activities,carrying tray,carrying
93,people,activities,carrying_bag,carrying
94,people,activities,carrying_bags,carrying
95,people,activities,carrying_equipment,carrying
96,people,activities,carrying_plate,carrying
97,people,activities,carving,carving
98,people,activities,checking inventory,checking
99,people,activities,checking list,checking
100,people,activities,checking patient,checking
101,people,activities,checking phone,checking
102,people,activities,checking tickets,checking
103,people,activities,checking time,checking
104,people,activities,checking_device,checking
105,people,activities,checking_patient,checking
106,people,activities,checking_phone,checking
107,people,activities,checking_wrist,checking
108,people,activities,chiseling,chiseling
109,people,activities,choosing vegetables,choosing
110,people,activities,chopping,chopping
111,people,activities,clapping,clapping
112,people,activities,cleaning,cleaning
113,people,activities,coaching,coaching
114,people,activities,coding,coding
115,people,activities,collecting apples,collecting
116,people,activities,collecting sample,collecting
117,people,activities,combing,combing
118,people,activities,connecting wires,connecting
119,people,activities,cooking,cooking
120,people,activities,crouching,crouching
121,people,activities,cutting,cutting
122,people,activities,cutting fabric,cutting
123,people,activities,cutting hair,cutting
124,people,activities,cutting vegetables,cutting
125,people,activities,digging,digging
126,people,activities,directing,directing
127,people,activities,directing traffic,directing
128,people,activities,dispensing pills,dispensing
129,people,activities,drafting,drafting
130,people,activities,drawing,drawing
131,people,activities,drawing plans,drawing
132,people,activities,drawing_blood,drawing
133,people,activities,drinking,drink
134,people,activities,driving,driving
135,people,activities,embracing,embracing
136,people,activities,engine repair,repair
137,people,activities,entering building,entering
138,people,activities,examining,examining
139,people,activities,examining arm,examining
140,people,activities,examining frames,examining
141,people,activities,examining hand,examining
142,people,activities,examining item,examining
143,people,activities,examining mouth,examining
144,people,activities,examining patient,examining
145,people,activities,examining plant,examining
146,people,activities,examining produce,examining
147,people,activities,examining sample,examining
148,people,activities,examining samples,examining
149,people,activities,examining_item,examining
150,people,activities,examining_leg,examining
151,people,activities,exchanging rings,exchanging
152,people,activities,explaining,explaining
153,people,activities,extinguishing fire,extinguishing
154,people,activities,facing audience,facing
155,people,activities,facing_audience,facing
156,people,activities,facing_fire,facing
157,people,activities,facing_gate,facing
158,people,activities,facing_reception,facing
159,people,activities,filming,filming
160,people,activities,fixing pipes,fixing
161,people,activities,flambé,flambace
162,people,activities,flying,flying
163,people,activities,folding cloth,folding
164,people,activities,folding fabric,folding
165,people,activities,forging,forge
166,people,activities,frothing milk,frothing
167,people,activities,gaming,game
168,people,activities,gardening,garden
169,people,activities,garnishing,garnishing
170,people,activities,garnishing drink,garnishing
171,people,activities,gesturing,gesturing
172,people,activities,getting hair done,getting
173,people,activities,getting haircut,getting
174,people,activities,grabbing item,grabbing
175,people,activities,grinding,grinding
176,people,activities,hammering,hammering
177,people,activities,hand on car,hand
178,people,activities,handing bottle,handing
179,people,activities,handing item,handing
180,people,activities,handling,handling
181,people,activities,handling bottle,handling
182,people,activities,handling card,handling
183,people,activities,handling components,handling
184,people,activities,handling flask,handling
185,people,activities,handling food,handling
186,people,activities,handling glassware,handling
187,people,activities,handling hose,handling
188,people,activities,handling item,handling
189,people,activities,handling material,material
190,people,activities,handling medication,medication
191,people,activities,handling papers,paper
192,people,activities,handling parts,part
193,people,activities,handling produce,produce
194,people,activities,handling soil,soil
195,people,activities,handling wires,wire
196,people,activities,handling_device,device
197,people,activities,handling_equipment,equipment
198,people,activities,handling_item,handling
199,people,activities,handling_items,item
200,people,activities,handling_paper,paper
201,people,activities,handling_plant,plant
202,people,activities,handling_plants,plant
203,people,activities,handling_produce,produce
204,people,activities,handling_sample,sample
205,people,activities,handling_sand,sand
206,people,activities,handling_tool,tool
207,people,activities,handling_wires,wire
208,people,activities,hands clasped,hand
209,people,activities,hands folded,hand
210,people,activities,hands in pockets,hand
211,people,activities,hands_clasped,hand
212,people,activities,hands_resting,hand
213,people,activities,having hair styled,hair
214,people,activities,having hand examined,hand
215,people,activities,holding-yellow-box,box
216,people,activities,holding airway,airway
217,people,activities,holding apple,apple
218,people,activities,holding bag,bag
219,people,activities,holding bags,bag
220,people,activities,holding ball,ball
221,people,activities,holding basket,basket
222,people,activities,holding baton,baton
223,people,activities,holding block,block
224,people,activities,holding book,book
225,people,activities,holding bottle,bottle
226,people,activities,holding bowl,bowl
227,people,activities,holding box,box
228,people,activities,holding boxes,box
229,people,activities,holding bread,bread
230,people,activities,holding broccoli,broccoli
231,people,activities,holding bucket,bucket
232,people,activities,holding cable,cable
233,people,activities,holding camera,camera
234,people,activities,holding cart,cart
235,people,activities,holding cash,cash
236,people,activities,holding clipboard,clipboard
237,people,activities,holding container,container
238,people,activities,holding cookie,cookie
239,people,activities,holding cup,cup
240,people,activities,holding device,device
241,people,activities,holding document,document
242,people,activities,holding drink,drink
243,people,activities,holding face,face
244,people,activities,holding flask,flask
245,people,activities,holding folder,folder
246,people,activities,holding food,food
247,people,activities,holding foot,foot
248,people,activities,holding fruit,fruit
249,people,activities,holding glass,glass
250,people,activities,holding glasses,glass
251,people,activities,holding greens,greens
252,people,activities,holding groceries,groceries
253,people,activities,holding hair,hair
254,people,activities,holding hand,hand
255,people,activities,holding hand to ear,hand
256,people,activities,holding handset,handset
257,people,activities,holding hose,hose
258,people,activities,holding instrument,instrument
259,people,activities,holding item,item
260,people,activities,holding jar,jar
261,people,activities,holding keys,key
262,people,activities,holding leash,leash
263,people,activities,holding leg,leg
264,people,activities,holding lettuce,lettuce
265,people,activities,holding light,light
266,people,activities,holding list,list
267,people,activities,holding mask,mask
268,people,activities,holding medication,medication
269,people,activities,holding melon,melon
270,people,activities,holding menu,menu
271,people,activities,holding metal,metal
272,people,activities,holding meter,meter
273,people,activities,holding microphone,microphone
274,people,activities,holding notebook,notebook
275,people,activities,holding package,package
276,people,activities,holding pad,pad
277,people,activities,holding paper,paper
278,people,activities,holding paper bag,bag
279,people,activities,holding papers,paper
280,people,activities,holding pastry,pastry
281,people,activities,holding patient,patient
282,people,activities,holding patient's hand,hand
283,people,activities,holding pen,pen
284,people,activities,holding phone,phone
285,people,activities,holding plant,plant
286,people,activities,holding plate,plate
287,people,activities,holding pot,pot
288,people,activities,holding produce,produce
289,people,activities,holding product,product
290,people,activities,holding receipt,receipt
291,people,activities,holding reflector,reflector
292,people,activities,holding rifle,rifle
293,people,activities,holding rod,rod
294,people,activities,holding small item,item
295,people,activities,holding soil,soil
296,people,activities,holding tablet,tablet
297,people,activities,holding tape,tape
298,people,activities,holding tickets,ticket
299,people,activities,holding tomato,tomato
300,people,activities,holding tomatoes,tomato
301,people,activities,holding tongs,tong
302,people,activities,holding tray,tray
303,people,activities,holding trowel,trowel
304,people,activities,holding ukulele,ukulele
305,people,activities,holding vegetable,vegetable
306,people,activities,holding vegetables,vegetable
307,people,activities,holding vial,vial
308,people,activities,holding watering can,can
309,people,activities,holding wires,wire
310,people,activities,holding wrench,wrench
311,people,activities,holding wrist,wrist
312,people,activities,holding_bag,bag
313,people,activities,holding_basket,basket
314,people,activities,holding_blueprint,blueprint
315,people,activities,holding_book,book
316,people,activities,holding_bouquet,bouquet
317,people,activities,holding_box,box
318,people,activities,holding_bread,bread
319,people,activities,holding_briefcase,briefcase
320,people,activities,holding_cables,cable
321,people,activities,holding_camera,camera
322,people,activities,holding_cart,cart
323,people,activities,holding_chalk,chalk
324,people,activities,holding_chart,chart
325,people,activities,holding_clipboard,clipboard
326,people,activities,holding_coat,coat
327,people,activities,holding_coffee,coffee
328,people,activities,holding_comb,comb
329,people,activities,holding_folder,folder
330,people,activities,holding_fruit,fruit
331,people,activities,holding_glasses,glass
332,people,activities,holding_gown,gown
333,people,activities,holding_groceries,groceries
334,people,activities,holding_hat,hat
335,people,activities,holding_hose,hose
336,people,activities,holding_instrument,instrument
337,people,activities,holding_item,item
338,people,activities,holding_leash,leash
339,people,activities,holding_list,list
340,people,activities,holding_mallet,mallet
341,people,activities,holding_mask,mask
342,people,activities,holding_notebook,notebook
343,people,activities,holding_object,object
344,people,activities,holding_package,package
345,people,activities,holding_pan,pan
346,people,activities,holding_panel,panel
347,people,activities,holding_paper,paper
348,people,activities,holding_papers,paper
349,people,activities,holding_part,part
350,people,activities,holding_pen,pen
351,people,activities,holding_phone,phone
352,people,activities,holding_pillow,pillow
353,people,activities,holding_plan,plan
354,people,activities,holding_produce,produce
355,people,activities,holding_remote,remote
356,people,activities,holding_rifle,rifle
357,people,activities,holding_rod,rod
358,people,activities,holding_tablet,tablet
359,people,activities,holding_tool,tool
360,people,activities,holding_tools,tool
361,people,activities,holding_vegetable,vegetable
362,people,activities,holding_watering_can,can
363,people,activities,inserting cash,cash
364,people,activities,inspecting,inspecting
365,people,activities,inspecting bottle,bottle
366,people,activities,inspecting glasses,glasses
367,people,activities,inspecting inventory,inventory
368,people,activities,inspecting item,item
369,people,activities,inspecting panel,panel
370,people,activities,inspecting plant,plant
371,people,activities,inspecting produce,produce
372,people,activities,inspecting shelves,shelf
373,people,activities,inspecting tomato,tomato
374,people,activities,inspecting tray,tray
375,people,activities,inspecting wires,wire
376,people,activities,inspecting_item,item
377,people,activities,inspecting_wiring,wiring
378,people,activities,installing fixture,fixture
379,people,activities,instructing,instructing
380,people,activities,interacting,interacting
381,people,activities,interviewing,interviewing
382,people,activities,kissing,kissing
383,people,activities,kneading,kneading
384,people,activities,kneading dough,dough
385,people,activities,kneeling,kneeling
386,people,activities,leading_discussion,discussion
387,people,activities,leaning,leaning
388,people,activities,leaning_forward,forward
389,people,activities,leveling,leveling
390,people,activities,lifting box,box
391,people,activities,lifting cookie,cookie
392,people,activities,listening,listening
393,people,activities,looking,looking
394,people,activities,looking at item,item
395,people,activities,looking at papers,paper
396,people,activities,looking at phone,phone
397,people,activities,looking at produce,produce
398,people,activities,looking at screens,screen
399,people,activities,looking at shelf,shelf
400,people,activities,looking at shelves,shelf
401,people,activities,looking down,look
402,people,activities,looking out window,window
403,people,activities,looking_at_desk,desk
404,people,activities,looking_at_documents,document
405,people,activities,looking_at_items,item
406,people,activities,looking_at_shelf,shelf
407,people,activities,looking_out,look
408,people,activities,looking_out_window,window
409,people,activities,lying,lying
410,people,activities,lying on stretcher,stretcher
411,people,activities,machining,machining
412,people,activities,making coffee,coffee
413,people,activities,making drink,drink
414,people,activities,marking,marking
415,people,activities,marking fabric,fabric
416,people,activities,marking plans,plan
417,people,activities,measuring,measuring
418,people,activities,meeting,meeting
419,people,activities,mixing,mixing
420,people,activities,mixing dough,dough
421,people,activities,mixing drink,drink
422,people,activities,monitor viewing,screen
423,people,activities,monitoring,monitor
424,people,activities,monitoring instruments,instrument
425,people,activities,monitoring traffic,traffic
426,people,activities,mopping,mopping
427,people,activities,moving boxes,box
428,people,activities,observing,observing
429,people,activities,observing patient,patient
430,people,activities,observing produce,produce
431,people,activities,observing sample,sample
432,people,activities,observing scene,scene
433,people,activities,observing traffic,traffic
434,people,activities,observing train,train
435,people,activities,on_phone,phone
436,people,activities,opening mouth,mouth
437,people,activities,opening_gate,gate
438,people,activities,operating,operating
439,people,activities,operating camera,camera
440,people,activities,operating controls,control
441,people,activities,operating equipment,equipment
442,people,activities,operating forklift,forklift
443,people,activities,operating hose,hose
444,people,activities,operating lathe,lathe
445,people,activities,operating machine,machine
446,people,activities,operating microscope,microscope
447,people,activities,operating pallet jack,pallet
448,people,activities,operating register,register
449,people,activities,operating_camera,camera
450,people,activities,operating_coffee_machine,machine
451,people,activities,operating_equipment,equipment
452,people,activities,operating_machine,machine
453,people,activities,operating_machinery,machinery
454,people,activities,operating_register,register
455,people,activities,packing bag,bag
456,people,activities,packing groceries,groceries
457,people,activities,patrolling,patrolling
458,people,activities,paying,paying
459,people,activities,performing,performing
460,people,activities,photographing,photographing
461,people,activities,photographing_bride,bride
462,people,activities,picking apples,apple
463,people,activities,picking produce,produce
464,people,activities,piloting,piloting
465,people,activities,pinning fabric,fabric
466,people,activities,pipetting,pipetting
467,people,activities,placing apples,apple
468,people,activities,placing bowl,bowl
469,people,activities,placing cookie,cookie
470,people,activities,placing fruit,fruit
471,people,activities,placing glass,glass
472,people,activities,placing in basket,basket
473,people,activities,placing item,item
474,people,activities,placing IV,iv
475,people,activities,placing payment,payment
476,people,activities,placing plate,plate
477,people,activities,planing,planing
478,people,activities,planing wood,wood
479,people,activities,planting,planting
480,people,activities,playing guitar,guitar
481,people,activities,playing piano,piano
482,people,activities,playing_instrument,instrument
483,people,activities,pointing,pointing
484,people,activities,posing,posing
485,people,activities,positioning strap,strap
486,people,activities,potting,potting
487,people,activities,pouring,pouring
488,people,activities,pouring coffee,coffee
489,people,activities,pouring drink,drink
490,people,activities,pouring liquid,liquid
491,people,activities,pouring water,water
492,people,activities,preparing,preparing
493,people,activities,preparing coffee,coffee
494,people,activities,preparing device,device
495,people,activities,preparing dough,dough
496,people,activities,preparing drink,drink
497,people,activities,preparing equipment,equipment
498,people,activities,preparing food,food
499,people,activities,preparing medication,medication
500,people,activities,preparing plate,plate
501,people,activities,preparing shot,shot
502,people,activities,preparing syringe,syringe
503,people,activities,preparing vegetables,vegetable
504,people,activities,preparing_device,device
505,people,activities,preparing_food,food
506,people,activities,preparing_injection,injection
507,people,activities,prepping,prepping
508,people,activities,presenting,presenting
509,people,activities,presenting document,document
510,people,activities,presiding,presiding
511,people,activities,processing payment,payment
512,people,activities,pruning,pruning
513,people,activities,pulling bag,bag
514,people,activities,pulling cables,cable
515,people,activities,pulling suitcase,suitcase
516,people,activities,pulling trolley,trolley
517,people,activities,pulling_case,case
518,people,activities,pushing basket,basket
519,people,activities,pushing boxes,box
520,people,activities,pushing cart,cart
521,people,activities,pushing_basket,basket
522,people,activities,pushing_cart,cart
523,people,activities,raising stick,stick
524,people,activities,raising_arms,arm
525,people,activities,raising_hand,hand
526,people,activities,reaching,reaching
527,people,activities,reaching fruit,fruit
528,people,activities,reaching shelf,shelf
529,people,activities,reaching_for_book,book
530,people,activities,reaching_shelf,shelf
531,people,activities,reading,reading
532,people,activities,reading book,book
533,people,activities,reading chart,chart
534,people,activities,reading clipboard,clipboard
535,people,activities,reading code,code
536,people,activities,reading document,document
537,people,activities,reading documents,document
538,people,activities,reading label,label
539,people,activities,reading level,leveling
540,people,activities,reading list,list
541,people,activities,reading map,map
542,people,activities,reading menu,menu
543,people,activities,reading monitor,screen
544,people,activities,reading newspaper,newspaper
545,people,activities,reading notes,note
546,people,activities,reading package,package
547,people,activities,reading paper,paper
548,people,activities,reading papers,paper
549,people,activities,reading plans,plan
550,people,activities,reading product,product
551,people,activities,reading receipt,receipt
552,people,activities,reading tablet,tablet
553,people,activities,reading_book,book
554,people,activities,reading_label,label
555,people,activities,reading_papers,paper
556,people,activities,reading_phone,phone
557,people,activities,receiving care,care
558,people,activities,receiving haircut,haircut
559,people,activities,receiving_treatment,treatment
560,people,activities,reclining,reclining
561,people,activities,repairing,repairing
562,people,activities,repairing car,car
563,people,activities,repairing engine,engine
564,people,activities,repairing faucet,faucet
565,people,activities,repairing pipes,pipe
566,people,activities,repairing sink,sink
567,people,activities,resting,resting
568,people,activities,resting head,head
569,people,activities,resting_head,head
570,people,activities,restocking,restocking
571,people,activities,reviewing,reviewing
572,people,activities,reviewing charts,chart
573,people,activities,reviewing document,document
574,people,activities,reviewing documents,document
575,people,activities,reviewing music,music
576,people,activities,reviewing papers,paper
577,people,activities,reviewing plans,plan
578,people,activities,reviewing_documents,document
579,people,activities,reviewing_papers,paper
580,people,activities,riding,riding
581,people,activities,riding horse,horse
582,people,activities,riding in cart,cart
583,people,activities,running,running
584,people,activities,sampling,sampling
585,people,activities,sanding,sanding
586,people,activities,scanning,scanner
587,people,activities,scanning item,item
588,people,activities,scanning items,item
589,people,activities,scanning phone,phone
590,people,activities,scooping,scooping
591,people,activities,scooping sand,sand
592,people,activities,scooping soil,soil
593,people,activities,screen_viewing,screen
594,people,activities,sculpting,sculpting
595,people,activities,seated,seated
596,people,activities,selecting apple,apple
597,people,activities,selecting fruit,fruit
598,people,activities,selecting glasses,glasses
599,people,activities,selecting item,item
600,people,activities,selecting medication,medication
601,people,activities,selecting produce,produce
602,people,activities,selecting_item,item
603,people,activities,selecting_produce,produce
604,people,activities,serving,serving
605,people,activities,serving drink,drink
606,people,activities,serving drinks,drink
607,people,activities,serving plate,plate
608,people,activities,setting plate,plate
609,people,activities,setting table,table
610,people,activities,sewing,sewing
611,people,activities,shaking hands,hand
612,people,activities,shaping,shaping
613,people,activities,shaping cookies,cookie
614,people,activities,shaping dough,dough
615,people,activities,shaping_dough,dough
616,people,activities,sharpening,sharpening
617,people,activities,shopping,shopping
618,people,activities,shoveling,shoveling
619,people,activities,showing paper,paper
620,people,activities,showing_phone,phone
621,people,activities,sifting,sifting
622,people,activities,sifting soil,soil
623,people,activities,signaling,signaling
624,people,activities,signing,signing
625,people,activities,signing paper,paper
626,people,activities,singing,singing
627,people,activities,sitting,sitting
628,people,activities,sketching,sketching
629,people,activities,slicing,slicing
630,people,activities,smiling,smiling
631,people,activities,smoothing mortar,mortar
632,people,activities,smoothing sand,sand
633,people,activities,sorting,sorting
634,people,activities,sorting papers,paper
635,people,activities,sorting produce,produce
636,people,activities,speaking,speaking
637,people,activities,spraying water,water
638,people,activities,sprinkling,sprinkling
639,people,activities,sprinkling_flour,flour
640,people,activities,standing,standing
641,people,activities,standing arms crossed,standing
642,people,activities,standing guard,standing
643,people,activities,standing with cart,standing
644,people,activities,steering,steering
645,people,activities,stirring,stirring
646,people,activities,stitching,stitching
647,people,activities,stocking,stocking
648,people,activities,stocking_shelves,shelf
649,people,activities,studying,studying
650,people,activities,styling,styling
651,people,activities,styling hair,hair
652,people,activities,supervising,supervising
653,people,activities,supporting_patient,patient
654,people,activities,surveying,surveying
655,people,activities,swinging,swinging
656,people,activities,taking notes,note
657,people,activities,taking_notes,note
658,people,activities,taking_photo,photo
659,people,activities,talking,talking
660,people,activities,talking on phone,phone
661,people,activities,tapping terminal,terminal
662,people,activities,teaching,teaching
663,people,activities,tending,tending
664,people,activities,tending plants,plant
665,people,activities,tending_plants,plant
666,people,activities,testing,testing
667,people,activities,testing wires,wire
668,people,activities,thinking,thinking
669,people,activities,tossing football,football
670,people,activities,touching car,car
671,people,activities,touching hair,hair
672,people,activities,touching_leg,leg
673,people,activities,tracing pattern,pattern
674,people,activities,treating patient,patient
675,people,activities,trimming,trimming
676,people,activities,trying glasses,glasses
677,people,activities,turning handwheel,handwheel
678,people,activities,turning page,page
679,people,activities,turning valve,valve
680,people,activities,turning_pages,page
681,people,activities,typing,typing
682,people,activities,undergoing_surgery,surgery
683,people,activities,using basket,basket
684,people,activities,using computer,computer
685,people,activities,using dental tool,tool
686,people,activities,using drill,drill
687,people,activities,using hairdryer,hairdryer
688,people,activities,using keyboard,keyboard
689,people,activities,using laptop,laptop
690,people,activities,using microscope,microscope
691,people,activities,using mouse,mouse
692,people,activities,using phone,phone
693,people,activities,using register,register
694,people,activities,using stylus,stylus
695,people,activities,using tablet,tablet
696,people,activities,using tool,tool
697,people,activities,using wrench,wrench
698,people,activities,using_calculator,calculating
699,people,activities,using_computer,computer
700,people,activities,using_device,device
701,people,activities,using_instruments,instrument
702,people,activities,using_keyboard,keyboard
703,people,activities,using_mouse,mouse
704,people,activities,using_phone,phone
705,people,activities,using_pliers,plier
706,people,activities,using_power_tool,tool
707,people,activities,using_scooter,scooter
708,people,activities,using_tablet,tablet
709,people,activities,vacuuming,vacuuming
710,people,activities,viewing monitors,screen
711,people,activities,viewing screens,screen
712,people,activities,viewing_monitors,screen
713,people,activities,viewing_screens,screen
714,people,activities,waiting,waiting
715,people,activities,walking,walking
716,people,activities,walking dog,dog
717,people,activities,walking dogs,dog
718,people,activities,washing_dishes,dish
719,people,activities,watching,watching
720,people,activities,watering,watering
721,people,activities,watering plants,plant
722,people,activities,wearing headset,headset
723,people,activities,weeding,weeding
724,people,activities,welcoming,welcoming
725,people,activities,welding,welding
726,people,activities,wiping mouth,mouth
727,people,activities,wire work,wire
728,people,activities,wiring,wiring
729,people,activities,working,working
730,people,activities,working at computer,computer
731,people,activities,working on engine,engine
732,people,activities,working on panel,panel
733,people,activities,working on wiring,wire
734,people,activities,working wires,wire
735,people,activities,writing,writing
736,people,activities,writing notes,note
737,people,activities,adding liquid,liquid
738,people,activities,adding_ingredient,ingredient
739,people,activities,adjusting apparatus,apparatus
740,people,activities,adjusting block,block
741,people,activities,adjusting cape,cape
742,people,activities,adjusting device,device
743,people,activities,adjusting drape,drape
744,people,activities,adjusting fabric,fabric
745,people,activities,adjusting gloves,glove
746,people,activities,adjusting headset,headset
747,people,activities,adjusting jacket,jacket
748,people,activities,adjusting knob,knob
749,people,activities,adjusting lens,lens
750,people,activities,adjusting microscope,microscope
751,people,activities,adjusting parts,part
752,people,activities,adjusting pipe,pipe
753,people,activities,adjusting slicer,slicer
754,people,activities,adjusting stretcher,stretcher
755,people,activities,adjusting tank,tank
756,people,activities,adjusting tie,tie
757,people,activities,adjusting valve,valve
758,people,activities,adjusting_belt,belt
759,people,activities,adjusting_controls,control
760,people,activities,adjusting_part,part
761,people,activities,adjusting_sleeve,sleeve
762,people,activities,adjusting_slide,slide
763,people,activities,aiming,aiming
764,people,activities,annotating,annotating
765,people,activities,applying hair product,product
766,people,activities,applying makeup,makeup
767,people,activities,approaching_fire,fire
768,people,activities,arguing,arguing
769,people,activities,arms crossed,arm
770,people,activities,arranging bread,bread
771,people,activities,arranging dishes,dish
772,people,activities,arranging items,item
773,people,activities,arranging pepper,pepper
774,people,activities,arranging tomatoes,tomato
775,people,activities,arranging yarn,yarn
776,people,activities,arranging_cash,cash
777,people,activities,arranging_food,food
778,people,activities,at counter,counter
779,people,activities,at_ambulance,ambulance
780,people,activities,attending station,station
781,people,activities,attending_fire,fire
782,people,activities,attending_patient,patient
783,people,activities,audio mixing,audio
784,people,activities,balancing,balancing
785,people,activities,ballet,ballet
786,people,activities,ballet_pose,pose
787,people,activities,being styled,style
788,people,activities,blow_drying,drying
789,people,activities,bracing,bracing
790,people,activities,brush_stroke,stroke
791,people,activities,brushing,brush
792,people,activities,brushing hair,hair
793,people,activities,brushing_hair,hair
794,people,activities,calculating,calculating
795,people,activities,carrying container,container
796,people,activities,carrying plate,carrying
797,people,activities,carrying toolbox,toolbox
798,people,activities,carrying_bin,bin
799,people,activities,carrying_box,carrying
800,people,activities,carrying_package,package
801,people,activities,carving wood,wood
802,people,activities,checking bread,bread
803,people,activities,checking camera,camera
804,people,activities,checking clipboard,clipboard
805,people,activities,checking item,item
806,people,activities,checking jacket,jacket
807,people,activities,checking papers,paper
808,people,activities,checking shelf,shelf
809,people,activities,checking supplies,supply
810,people,activities,checking tablet,tablet
811,people,activities,checking_list,checking
812,people,activities,clasping_hands,hand
813,people,activities,cleaning sink,sink
814,people,activities,combing hair,hair
815,people,activities,connecting,connecting
816,people,activities,cooking_prep,cooking
817,people,activities,crossing arms,arm
818,people,activities,cutting bread,bread
819,people,activities,cutting leather,leather
820,people,activities,cutting metal,metal
821,people,activities,cutting vegetable,vegetable
822,people,activities,cutting wood,wood
823,people,activities,dancing,dancing
824,people,activities,dining,dining
825,people,activities,displaying tablet,tablet
826,people,activities,dissecting,dissecting
827,people,activities,dribbling,dribbling
828,people,activities,drying dishes,dish
829,people,activities,dusting,dusting
830,people,activities,dusting flour,flour
831,people,activities,eating,eating
832,people,activities,examining camera,camera
833,people,activities,examining items,item
834,people,activities,examining specimen,specimen
835,people,activities,examining_sample,examining
836,people,activities,examining_slide,slide
837,people,activities,facing camera,camera
838,people,activities,facing_bench,bench
839,people,activities,facing_camera,camera
840,people,activities,filing,file
841,people,activities,fixing faucet,faucet
842,people,activities,fixing sprinkler,sprinkler
843,people,activities,flambéing,flambace
844,people,activities,flexing,flexing
845,people,activities,flipping,flipping
846,people,activities,flipping_pages,page
847,people,activities,floor cleaning,floor
848,people,activities,folding,folding
849,people,activities,folding napkin,napkin
850,people,activities,folding_linen,linen
851,people,activities,forging metal,metal
852,people,activities,getting hair styled,hair
853,people,activities,greeting,greeting
854,people,activities,guarding,guarding
855,people,activities,guiding fabric,fabric
856,people,activities,hand-stitching,stitching
857,people,activities,hand_on_book,book
858,people,activities,handing,handing
859,people,activities,handling bowls,bowl
860,people,activities,handling box,box
861,people,activities,handling bread,bread
862,people,activities,handling cables,cable
863,people,activities,handling eggs,egg
864,people,activities,handling equipment,equipment
865,people,activities,handling fabric,fabric
866,people,activities,handling instrument,instrument
867,people,activities,handling instruments,instrument
868,people,activities,handling items,item
869,people,activities,handling paperwork,paperwork
870,people,activities,handling plants,plant
871,people,activities,handling sample,sample
872,people,activities,handling straw,straw
873,people,activities,handling supplies,supply
874,people,activities,handling tongs,tong
875,people,activities,handling tools,tool
876,people,activities,handling tray,tray
877,people,activities,handling vials,vial
878,people,activities,handling wood,wood
879,people,activities,handling wooden board,board
880,people,activities,handling_bucket,bucket
881,people,activities,handling_card,handling
882,people,activities,handling_cart,cart
883,people,activities,handling_fabric,fabric
884,people,activities,handling_instruments,instrument
885,people,activities,handling_payment,payment
886,people,activities,handling_samples,sample
887,people,activities,handling_tools,tool
888,people,activities,handling_vacuum_bucket,bucket
889,people,activities,hands on keyboard,keyboard
890,people,activities,hands on table,table
891,people,activities,hands_folded,hand
892,people,activities,hands_in_pockets,hand
893,people,activities,hands_on_counter,counter
894,people,activities,hands_on_desk,desk
895,people,activities,hands_on_paper,paper
896,people,activities,hands_on_table,table
897,people,activities,harvesting,harvesting
898,people,activities,heating metal,metal
899,people,activities,hiking,hiking
900,people,activities,holding,holding
901,people,activities,holding-lever,lever
902,people,activities,holding apples,apple
903,people,activities,holding badge,badge
904,people,activities,holding belt,belt
905,people,activities,holding booklet,booklet
906,people,activities,holding brush,brush
907,people,activities,holding cake,cake
908,people,activities,holding cane,cane
909,people,activities,holding card,card
910,people,activities,holding card reader,reader
911,people,activities,holding carrot,carrot
912,people,activities,holding chart,chart
913,people,activities,holding chicken,chicken
914,people,activities,holding clamp,clamp
915,people,activities,holding cloth,cloth
916,people,activities,holding cockpit,cockpit
917,people,activities,holding comb,comb
918,people,activities,holding containers,container
919,people,activities,holding controls,control
920,people,activities,holding corn,corn
921,people,activities,holding crate,crate
922,people,activities,holding cutting board,board
923,people,activities,holding door,door
924,people,activities,holding dryer,drying
925,people,activities,holding equipment,equipment
926,people,activities,holding fabric,fabric
927,people,activities,holding faucet,faucet
928,people,activities,holding flower,flower
929,people,activities,holding flowers,flower
930,people,activities,holding gauze,gauze
931,people,activities,holding gavel,gavel
932,people,activities,holding gun,gun
933,people,activities,holding hair dryer,drying
934,people,activities,holding handle,handle
935,people,activities,holding hands,hand
936,people,activities,holding hat,hat
937,people,activities,holding hay,hay
938,people,activities,holding helmet,helmet
939,people,activities,holding kettle,kettle
940,people,activities,holding knife,knife
941,people,activities,holding loaf,loaf
942,people,activities,holding machine,machine
943,people,activities,holding map,map
944,people,activities,holding marker,marker
945,people,activities,holding mirror,mirror
946,people,activities,holding mop,mop
947,people,activities,holding newspaper,newspaper
948,people,activities,holding notepad,notepad
949,people,activities,holding nozzle,nozzle
950,people,activities,holding object,object
951,people,activities,holding pan,pan
952,people,activities,holding pencil,pencil
953,people,activities,holding pepper,pepper
954,people,activities,holding pipette,pipette
955,people,activities,holding plank,plank
956,people,activities,holding plants,plant
957,people,activities,holding pliers,plier
958,people,activities,holding scanner,scanner
959,people,activities,holding screwdriver,screwdriver
960,people,activities,holding small object,object
961,people,activities,holding spoon,spoon
962,people,activities,holding steering wheel,wheel
963,people,activities,holding stick,stick
964,people,activities,holding stool,stool
965,people,activities,holding straw,straw
966,people,activities,holding suitcase,suitcase
967,people,activities,holding surgical instrument,instrument
968,people,activities,holding test tube,tube
969,people,activities,holding ticket,ticket
970,people,activities,holding tool,tool
971,people,activities,holding towel,towel
972,people,activities,holding umbrella,umbrella
973,people,activities,holding utensils,utensil
974,people,activities,holding weapon,weapon
975,people,activities,holding wheat,wheat
976,people,activities,holding_beaker,beaker
977,people,activities,holding_bowl,bowl
978,people,activities,holding_broccoli,broccoli
979,people,activities,holding_broom,broom
980,people,activities,holding_brush,brush
981,people,activities,holding_bucket,bucket
982,people,activities,holding_can,can
983,people,activities,holding_container,container
984,people,activities,holding_control,control
985,people,activities,holding_device,device
986,people,activities,holding_document,document
987,people,activities,holding_documents,document
988,people,activities,holding_dustpan,dustpan
989,people,activities,holding_equipment,equipment
990,people,activities,holding_flashlight,flashlight
991,people,activities,holding_flask,flask
992,people,activities,holding_fork,fork
993,people,activities,holding_glass,glass
994,people,activities,holding_keys,key
995,people,activities,holding_knife,knife
996,people,activities,holding_lamp,lamp
997,people,activities,holding_laptop,laptop
998,people,activities,holding_medication,medication
999,people,activities,holding_microphone,microphone
1000,people,activities,holding_mop,mop
1001,people,activities,holding_napkin,napkin
1002,people,activities,holding_palette,palette
1003,people,activities,holding_peel,peel
1004,people,activities,holding_plate,plate
1005,people,activities,holding_pot,pot
1006,people,activities,holding_receipt,receipt
1007,people,activities,holding_small_object,object
1008,people,activities,holding_spoon,spoon
1009,people,activities,holding_stick,stick
1010,people,activities,holding_stretcher,stretcher
1011,people,activities,holding_tester,tester
1012,people,activities,holding_trolley,trolley
1013,people,activities,holding_utensils,utensil
1014,people,activities,holding_wheel,wheel
1015,people,activities,holding_wood,wood
1016,people,activities,holding_wrench,wrench
1017,people,activities,inspecting bread,bread
1018,people,activities,inspecting camera,camera
1019,people,activities,inspecting engine,engine
1020,people,activities,inspecting fixture,fixture
1021,people,activities,inspecting fruit,fruit
1022,people,activities,inspecting hose,hose
1023,people,activities,inspecting items,item
1024,people,activities,inspecting machine,machine
1025,people,activities,inspecting panels,panel
1026,people,activities,inspecting part,part
1027,people,activities,inspecting shelf,shelf
1028,people,activities,inspecting_panel,panel
1029,people,activities,inspecting_produce,produce
1030,people,activities,ironing,ironing
1031,people,activities,jogging,jogging
1032,people,activities,jumping,jumping
1033,people,activities,laughing,laughing
1034,people,activities,leaning on bar,bar
1035,people,activities,leaning on car,car
1036,people,activities,leaning on counter,counter
1037,people,activities,leaning on desk,desk
1038,people,activities,leaning on table,table
1039,people,activities,leaning_on_bar,bar
1040,people,activities,leaning_on_desk,desk
1041,people,activities,leaning_on_table,table
1042,people,activities,leap,leap
1043,people,activities,leaping,leaping
1044,people,activities,lifting turf,turf
1045,people,activities,loading,loading
1046,people,activities,looking at camera,camera
1047,people,activities,looking at monitor,screen
1048,people,activities,looking at screen,screen
1049,people,activities,looking out,look
1050,people,activities,looking outside,outside
1051,people,activities,looking right,right
1052,people,activities,looking through camera,camera
1053,people,activities,looking_at_monitor,screen
1054,people,activities,looking_at_shelves,shelf
1055,people,activities,looking_right,right
1056,people,activities,looking_up,up
1057,people,activities,lying still,lying
1058,people,activities,making bed,bed
1059,people,activities,manipulating equipment,equipment
1060,people,activities,marking_fabric,fabric
1061,people,activities,measuring liquid,liquid
1062,people,activities,metal grinding,metal
1063,people,activities,mixing audio,audio
1064,people,activities,mixing paint,paint
1065,people,activities,mixing solution,solution
1066,people,activities,monitor_viewing,screen
1067,people,activities,monitoring audio,audio
1068,people,activities,monitoring controls,control
1069,people,activities,monitoring equipment,equipment
1070,people,activities,monitoring fire,fire
1071,people,activities,moving,moving
1072,people,activities,moving box,box
1073,people,activities,moving_cleaning_machine,machine
1074,people,activities,moving_forward,forward
1075,people,activities,moving_granules,granule
1076,people,activities,moving_pallet_jack,jack
1077,people,activities,mowing,mowing
1078,people,activities,note taking,note
1079,people,activities,observing canvas,canvas
1080,people,activities,observing liquid,liquid
1081,people,activities,observing shelves,shelf
1082,people,activities,observing stage,stage
1083,people,activities,observing_shelves,shelf
1084,people,activities,on phone,phone
1085,people,activities,opening bottle,bottle
1086,people,activities,operating cleaner,cleaner
1087,people,activities,operating console,console
1088,people,activities,operating control panel,panel
1089,people,activities,operating drain snake,snake
1090,people,activities,operating handheld device,device
1091,people,activities,operating locomotive,locomotive
1092,people,activities,operating mixer,mixer
1093,people,activities,operating sewing machine,machine
1094,people,activities,operating tripod,tripod
1095,people,activities,operating_dryer,dryer
1096,people,activities,operating_mixer,mixer
1097,people,activities,operating_vacuum,vacuum
1098,people,activities,page_turning,page
1099,people,activities,painting,painting
1100,people,activities,performing procedure,procedure
1101,people,activities,phone call,call
1102,people,activities,phone_call,call
1103,people,activities,photography,photography
1104,people,activities,picking fruit,fruit
1105,people,activities,pinning,pinning
1106,people,activities,placing block,block
1107,people,activities,placing bread,bread
1108,people,activities,plating,plating
1109,people,activities,plating food,food
1110,people,activities,playing cello,cello
1111,people,activities,playing drums,drum
1112,people,activities,plumbing,plumbing
1113,people,activities,pointing to book,book
1114,people,activities,pouring fluid,fluid
1115,people,activities,pouring metal,metal
1116,people,activities,pouring_sauce,sauce
1117,people,activities,preparing hair,hair
1118,people,activities,preparing sprint,sprint
1119,people,activities,preparing start,start
1120,people,activities,preparing surgical site,site
1121,people,activities,preparing_coffee,coffee
1122,people,activities,preparing_medical_device,device
1123,people,activities,prepping food,food
1124,people,activities,presenting bread,bread
1125,people,activities,presenting dish,dish
1126,people,activities,presenting food,food
1127,people,activities,presenting pancakes,pancake
1128,people,activities,presenting_plate,plate
1129,people,activities,pressing keypad,keypad
1130,people,activities,pulling hose,hose
1131,people,activities,pushing,pushing
1132,people,activities,pushing box,box
1133,people,activities,pushing bucket,bucket
1134,people,activities,pushing machine,machine
1135,people,activities,pushing mower,mower
1136,people,activities,pushing_box,box
1137,people,activities,pushing_bucket,bucket
1138,people,activities,reaching for produce,produce
1139,people,activities,reacting,reacting
1140,people,activities,reading books,book
1141,people,activities,reading device,device
1142,people,activities,reading notepad,notepad
1143,people,activities,reading_notes,note
1144,people,activities,reading_screen,screen
1145,people,activities,receiving item,item
1146,people,activities,receiving makeup,makeup
1147,people,activities,register_operation,operation
1148,people,activities,relaxing,relaxing
1149,people,activities,repair,repair
1150,people,activities,repairing pipe,pipe
1151,people,activities,repairing_sink,sink
1152,people,activities,repositioning keyboard,keyboard
1153,people,activities,resting hand,hand
1154,people,activities,resting hands,hand
1155,people,activities,resting_hands,hand
1156,people,activities,reviewing book,book
1157,people,activities,reviewing notes,notes
1158,people,activities,reviewing_plans,plan
1159,people,activities,ringing_up,ring
1160,people,activities,rolling dough,dough
1161,people,activities,routing,routing
1162,people,activities,scanning produce,produce
1163,people,activities,scanning_items,item
1164,people,activities,scraping,scraping
1165,people,activities,scrubbing,scrubbing
1166,people,activities,seasoning,seasoning
1167,people,activities,seasoning meat,meat
1168,people,activities,selling,selling
1169,people,activities,serving food,food
1170,people,activities,serving_food,food
1171,people,activities,serving_plate,plate
1172,people,activities,setting tripod,tripod
1173,people,activities,sewing fabric,fabric
1174,people,activities,sewing_prep,sewing
1175,people,activities,shaking,shaking
1176,people,activities,shaping metal,metal
1177,people,activities,shaping_metal,metal
1178,people,activities,shaping_wood,wood
1179,people,activities,shooting camera,camera
1180,people,activities,shoveling sand,sand
1181,people,activities,signing papers,paper
1182,people,activities,singing into microphone,microphone
1183,people,activities,sitting on car,car
1184,people,activities,sitting on hood,hood
1185,people,activities,slicing bread,bread
1186,people,activities,slicing_bread,bread
1187,people,activities,smoothing,smoothing
1188,people,activities,smoothing concrete,concrete
1189,people,activities,smoothing soil,soil
1190,people,activities,spinning,spinning
1191,people,activities,sprinkling flour,flour
1192,people,activities,sprinting,sprinting
1193,people,activities,sprinting_prep,sprint
1194,people,activities,stacking bread,bread
1195,people,activities,standing at desk,desk
1196,people,activities,standing at podium,podium
1197,people,activities,standing behind bar,bar
1198,people,activities,standing on car,car
1199,people,activities,standing_by,stand
1200,people,activities,standing_with_basket,basket
1201,people,activities,starting,starting
1202,people,activities,starting position,position
1203,people,activities,starting sprint,sprint
1204,people,activities,stirring pan,pan
1205,people,activities,striking,striking
1206,people,activities,surgery,surgery
1207,people,activities,sweeping,sweeping
1208,people,activities,taking photo,photo
1209,people,activities,talking phone,phone
1210,people,activities,talking_on_phone,phone
1211,people,activities,talking_phone,phone
1212,people,activities,tapping screen,screen
1213,people,activities,tightening,tightening
1214,people,activities,tightening pipe,pipe
1215,people,activities,touching bread,bread
1216,people,activities,touching notebook,notebook
1217,people,activities,touching paper,paper
1218,people,activities,touching papers,paper
1219,people,activities,touching plants,plant
1220,people,activities,touching_straw,straw
1221,people,activities,trimming_wood,wood
1222,people,activities,untangling yarn,yarn
1223,people,activities,using calculator,calculating
1224,people,activities,using camera,camera
1225,people,activities,using chisel,chisel
1226,people,activities,using console,console
1227,people,activities,using controller,controller
1228,people,activities,using drill press,drill
1229,people,activities,using pipette,pipette
1230,people,activities,using pliers,plier
1231,people,activities,using screwdriver,screwdriver
1232,people,activities,using terminal,terminal
1233,people,activities,using tweezers,tweezers
1234,people,activities,using_equipment,equipment
1235,people,activities,using_instrument,instrument
1236,people,activities,using_laptop,laptop
1237,people,activities,using_microscope,microscope
1238,people,activities,using_payment_terminal,terminal
1239,people,activities,using_terminal,terminal
1240,people,activities,using_tool,tool
1241,people,activities,using_tweezers,tweezers
1242,people,activities,viewing monitor,screen
1243,people,activities,viewing screen,screen
1244,people,activities,viewing_monitor,screen
1245,people,activities,viewing_screen,screen
1246,people,activities,walking aisle,aisle
1247,people,activities,washing,washing
1248,people,activities,washing lettuce,lettuce
1249,people,activities,waving,waving
1250,people,activities,wearing headphones,headphones
1251,people,activities,weighing item,item
1252,people,activities,wiping,wiping
1253,people,activities,wiping cloth,cloth
1254,people,activities,woodworking,woodworking
1255,people,activities,working at bench,bench
1256,people,activities,working at desk,desk
1257,people,activities,working on car,car
1258,people,activities,working on laptop,laptop
1259,people,activities,working register,register
1260,people,activities,working valves,valve
1261,people,activities,working with tools,tool
1262,people,activities,working wood,wood
1263,people,activities,working_on_laptop,laptop
1264,people,activities,writing on clipboard,clipboard
1265,people,activities,writing/recording,writing
1266,people,activities,yelling,yelling
1267,scene_appearance,aesthetic_qualities,baroque,baroque
1268,scene_appearance,aesthetic_qualities,cinematic,cinematic
1269,scene_appearance,aesthetic_qualities,dreamy,dreamy
1270,scene_appearance,aesthetic_qualities,gritty,gritty
1271,scene_appearance,aesthetic_qualities,industrial,industrial
1272,scene_appearance,aesthetic_qualities,minimal,minimal
1273,scene_appearance,aesthetic_qualities,realistic,realistic
1274,scene_appearance,aesthetic_qualities,retro,retro
1275,scene_appearance,aesthetic_qualities,surreal,surreal
1276,people,age_range,child,child
1277,people,age_range,middle_aged,adult
1278,people,age_range,older_adult,adult
1279,people,age_range,teen,teen
1280,people,age_range,young_adult,adult
1281,people,body_type,athletic,athletic
1282,people,body_type,average,average
1283,people,body_type,slim,slim
1284,people,body_type,stocky,stocky
1285,people,clothing_color,beige,beige
1286,people,clothing_color,black,black
1287,people,clothing_color,blue,blue
1288,people,clothing_color,brown,brown
1289,people,clothing_color,cream,cream
1290,people,clothing_color,gold,gold
1291,people,clothing_color,gray,gray
1292,people,clothing_color,green,green
1293,people,clothing_color,navy,navy
1294,people,clothing_color,olive,olive
1295,people,clothing_color,orange,orange
1296,people,clothing_color,pink,pink
1297,people,clothing_color,purple,purple
1298,people,clothing_color,red,red
1299,people,clothing_color,silver,silver
1300,people,clothing_color,tan,tan
1301,people,clothing_color,teal,teal
1302,people,clothing_color,white,white
1303,people,clothing_color,yellow,yellow
1304,people,clothing_garment,ankle boots,boot
1305,people,clothing_garment,apron,apron
1306,people,clothing_garment,apron_front_panel,apron
1307,people,clothing_garment,armband,armband
1308,people,clothing_garment,backpack,backpack
1309,people,clothing_garment,backpack (visible strap),backpack
1310,people,clothing_garment,badge,badge
1311,people,clothing_garment,bag,bag
1312,people,clothing_garment,bag strap,bag
1313,people,clothing_garment,barefoot,barefoot
1314,people,clothing_garment,beanie,beanie
1315,people,clothing_garment,belt,belt
1316,people,clothing_garment,belt/holster,belt
1317,people,clothing_garment,beret,beret
1318,people,clothing_garment,blanket,blanket
1319,people,clothing_garment,blazer,blazer
1320,people,clothing_garment,blouse,blouse
1321,people,clothing_garment,blouse_scarf,scarf
1322,people,clothing_garment,body armor,armor
1323,people,clothing_garment,body_armor,armor
1324,people,clothing_garment,boots,boot
1325,people,clothing_garment,bow tie,tie
1326,people,clothing_garment,bow_tie,tie
1327,people,clothing_garment,breathing_apparatus,apparatus
1328,people,clothing_garment,bucket hat,hat
1329,people,clothing_garment,button-down shirt,shirt
1330,people,clothing_garment,button-up blouse,blouse
1331,people,clothing_garment,button-up shirt,shirt
1332,people,clothing_garment,button shirt,shirt
1333,people,clothing_garment,button_down_shirt,shirt
1334,people,clothing_garment,button_shirt,shirt
1335,people,clothing_garment,button_up shirt,shirt
1336,people,clothing_garment,button_up_shirt,shirt
1337,people,clothing_garment,buttoned shirt,shirt
1338,people,clothing_garment,camouflage jacket,jacket
1339,people,clothing_garment,camouflage pants,pants
1340,people,clothing_garment,camouflage uniform,uniform
1341,people,clothing_garment,cap,cap
1342,people,clothing_garment,cap (uniform),cap
1343,people,clothing_garment,cape,cape
1344,people,clothing_garment,cardigan,cardigan
1345,people,clothing_garment,carrier,carrier
1346,people,clothing_garment,chef coat,coat
1347,people,clothing_garment,chef hat,hat
1348,people,clothing_garment,chef jacket,jacket
1349,people,clothing_garment,chef_coat,coat
1350,people,clothing_garment,chef_hat,hat
1351,people,clothing_garment,chef_jacket,jacket
1352,people,clothing_garment,coat,coat
1353,people,clothing_garment,collar,collar
1354,people,clothing_garment,collared shirt,shirt
1355,people,clothing_garment,collared_shirt,shirt
1356,people,clothing_garment,combat boots,boot
1357,people,clothing_garment,combat uniform,uniform
1358,people,clothing_garment,coverall,coverall
1359,people,clothing_garment,coverall (work uniform),coverall
1360,people,clothing_garment,coverall/shirt,coverall
1361,people,clothing_garment,coveralls,coverall
1362,people,clothing_garment,cuffs,cuff
1363,people,clothing_garment,dark dress,dress
1364,people,clothing_garment,denim jacket,jacket
1365,people,clothing_garment,denim shirt,shirt
1366,people,clothing_garment,denim vest,vest
1367,people,clothing_garment,denim_overalls,overall
1368,people,clothing_garment,denim_shirt,shirt
1369,people,clothing_garment,dental gown,gown
1370,people,clothing_garment,dress,dress
1371,people,clothing_garment,dress pants,pants
1372,people,clothing_garment,dress shirt,shirt
1373,people,clothing_garment,dress shoes,shoe
1374,people,clothing_garment,dress_pants,pants
1375,people,clothing_garment,dress_shirt,shirt
1376,people,clothing_garment,dress_shoes,shoe
1377,people,clothing_garment,duty belt,belt
1378,people,clothing_garment,duty belt/holster,belt
1379,people,clothing_garment,duty_belt,belt
1380,people,clothing_garment,epaulet,epaulet
1381,people,clothing_garment,epaulettes,epaulette
1382,people,clothing_garment,face mask,mask
1383,people,clothing_garment,face_mask,mask
1384,people,clothing_garment,firefighter jacket,jacket
1385,people,clothing_garment,firefighter pants,pants
1386,people,clothing_garment,flannel shirt,shirt
1387,people,clothing_garment,flats,flat
1388,people,clothing_garment,gloves,glove
1389,people,clothing_garment,gown,gown
1390,people,clothing_garment,hairnet,hairnet
1391,people,clothing_garment,handbag,handbag
1392,people,clothing_garment,hard hat,hat
1393,people,clothing_garment,hardhat,hardhat
1394,people,clothing_garment,harness/straps,harness
1395,people,clothing_garment,hat,hat
1396,people,clothing_garment,headscarf,headscarf
1397,people,clothing_garment,heels,heel
1398,people,clothing_garment,helmet,helmet
1399,people,clothing_garment,hi-vis vest,vest
1400,people,clothing_garment,high-visibility jacket,jacket
1401,people,clothing_garment,high-visibility vest,vest
1402,people,clothing_garment,hood/scarf,hood
1403,people,clothing_garment,hooded jacket,jacket
1404,people,clothing_garment,hoodie,hoodie
1405,people,clothing_garment,hospital gown,gown
1406,people,clothing_garment,hospital_gown,gown
1407,people,clothing_garment,jacket,jacket
1408,people,clothing_garment,jeans,jean
1409,people,clothing_garment,knit hat,hat
1410,people,clothing_garment,lab coat,coat
1411,people,clothing_garment,lab_coat,coat
1412,people,clothing_garment,leather apron,apron
1413,people,clothing_garment,leggings,legging
1414,people,clothing_garment,long-sleeve shirt,shirt
1415,people,clothing_garment,long-sleeve undershirt,undershirt
1416,people,clothing_garment,long coat,coat
1417,people,clothing_garment,long sleeve top,top
1418,people,clothing_garment,long_coat,coat
1419,people,clothing_garment,long_skirt,skirt
1420,people,clothing_garment,long_sleeve_shirt,shirt
1421,people,clothing_garment,long_sleeve_top,top
1422,people,clothing_garment,mask,mask
1423,people,clothing_garment,medical coat,coat
1424,people,clothing_garment,name badge,badge
1425,people,clothing_garment,name_tag,tag
1426,people,clothing_garment,neck scarf,scarf
1427,people,clothing_garment,neck tabs,tab
1428,people,clothing_garment,neck_bow,bow
1429,people,clothing_garment,neck_scarf,scarf
1430,people,clothing_garment,necktie,necktie
1431,people,clothing_garment,neckwear,neckwear
1432,people,clothing_garment,none (bare feet),none
1433,people,clothing_garment,nurse_uniform,uniform
1434,people,clothing_garment,overalls,overall
1435,people,clothing_garment,overalls/apron,apron
1436,people,clothing_garment,overalls/vest,vest
1437,people,clothing_garment,overcoat,overcoat
1438,people,clothing_garment,overshirt,overshirt
1439,people,clothing_garment,oxygen_mask,mask
1440,people,clothing_garment,pants,pant
1441,people,clothing_garment,parka,parka
1442,people,clothing_garment,patient gown,gown
1443,people,clothing_garment,patient_gown,gown
1444,people,clothing_garment,patterned button-up shirt,shirt
1445,people,clothing_garment,patterned_shirt,shirt
1446,people,clothing_garment,peaked cap,cap
1447,people,clothing_garment,plaid shirt,shirt
1448,people,clothing_garment,plaid_shirt,shirt
1449,people,clothing_garment,pocket detail,pocket
1450,people,clothing_garment,pocket square,square
1451,people,clothing_garment,police cap,cap
1452,people,clothing_garment,police hat,hat
1453,people,clothing_garment,police jacket,jacket
1454,people,clothing_garment,police pants,pants
1455,people,clothing_garment,police shirt,shirt
1456,people,clothing_garment,police uniform pants,pants
1457,people,clothing_garment,police uniform shirt,shirt
1458,people,clothing_garment,polo,polo
1459,people,clothing_garment,polo shirt,shirt
1460,people,clothing_garment,polo_shirt,shirt
1461,people,clothing_garment,protective_jacket,jacket
1462,people,clothing_garment,protective_pants,pants
1463,people,clothing_garment,puffer jacket,jacket
1464,people,clothing_garment,puffer vest,vest
1465,people,clothing_garment,pullover,pullover
1466,people,clothing_garment,reflective vest,vest
1467,people,clothing_garment,reflective_band,band
1468,people,clothing_garment,reflective_stripes,stripe
1469,people,clothing_garment,reflective_vest,vest
1470,people,clothing_garment,robe,robe
1471,people,clothing_garment,safety vest,vest
1472,people,clothing_garment,safety_glasses,glasses
1473,people,clothing_garment,safety_helmet,helmet
1474,people,clothing_garment,safety_stripe,stripe
1475,people,clothing_garment,salon_cape,cape
1476,people,clothing_garment,sandals,sandal
1477,people,clothing_garment,sash,sash
1478,people,clothing_garment,scarf,scarf
1479,people,clothing_garment,SCBA backpack (air cylinders),backpack
1480,people,clothing_garment,SCBA tank,tank
1481,people,clothing_garment,scba_tank,tank
1482,people,clothing_garment,scrub dress,dress
1483,people,clothing_garment,scrub dress/top,dress
1484,people,clothing_garment,scrub pants,pants
1485,people,clothing_garment,scrub shirt,shirt
1486,people,clothing_garment,scrub top,top
1487,people,clothing_garment,scrub_cap,cap
1488,people,clothing_garment,scrub_pants,pants
1489,people,clothing_garment,scrub_top,top
1490,people,clothing_garment,scrubs,scrubs
1491,people,clothing_garment,scrubs (partial/under),scrubs
1492,people,clothing_garment,scrubs pants,pants
1493,people,clothing_garment,sheet,sheet
1494,people,clothing_garment,shirt,shirt
1495,people,clothing_garment,shoe_covers,cover
1496,people,clothing_garment,shoes,shoe
1497,people,clothing_garment,short-sleeve blouse,blouse
1498,people,clothing_garment,short-sleeve button-down shirt,shirt
1499,people,clothing_garment,short-sleeve button-up shirt,shirt
1500,people,clothing_garment,short-sleeve button shirt,shirt
1501,people,clothing_garment,short-sleeve checkered shirt,shirt
1502,people,clothing_garment,short-sleeve shirt,shirt
1503,people,clothing_garment,short-sleeve top,top
1504,people,clothing_garment,short sleeve top,top
1505,people,clothing_garment,short_sleeve,sleeve
1506,people,clothing_garment,short_sleeve_shirt,shirt
1507,people,clothing_garment,short_sleeve_top,top
1508,people,clothing_garment,shorts,shorts
1509,people,clothing_garment,shoulder bag,bag
1510,people,clothing_garment,shoulder patch / badge,badge
1511,people,clothing_garment,shoulder_bag,bag
1512,people,clothing_garment,skirt,skirt
1513,people,clothing_garment,skirt_or_pants,skirt
1514,people,clothing_garment,sleeveless dress,dress
1515,people,clothing_garment,sleeveless top,top
1516,people,clothing_garment,sleeveless vest,vest
1517,people,clothing_garment,slip-on shoes,shoe
1518,people,clothing_garment,smock,smock
1519,people,clothing_garment,sneakers,sneaker
1520,people,clothing_garment,socks,sock
1521,people,clothing_garment,sports shirt,shirt
1522,people,clothing_garment,strap,strap
1523,people,clothing_garment,straw hat,hat
1524,people,clothing_garment,striped sleeveless shirt,shirt
1525,people,clothing_garment,striped t-shirt,shirt
1526,people,clothing_garment,suit,suit
1527,people,clothing_garment,suit jacket,jacket
1528,people,clothing_garment,suit pants,pants
1529,people,clothing_garment,suit_jacket,jacket
1530,people,clothing_garment,surgical cap,cap
1531,people,clothing_garment,surgical mask,mask
1532,people,clothing_garment,surgical_drape,drape
1533,people,clothing_garment,surgical_gloves,glove
1534,people,clothing_garment,surgical_gown,gown
1535,people,clothing_garment,surgical_mask,mask
1536,people,clothing_garment,suspenders,suspender
1537,people,clothing_garment,sweater,sweater
1538,people,clothing_garment,sweater/vest,sweater
1539,people,clothing_garment,sweatshirt,sweatshirt
1540,people,clothing_garment,t-shirt,shirt
1541,people,clothing_garment,tactical vest,vest
1542,people,clothing_garment,tailcoat,tailcoat
1543,people,clothing_garment,tie,tie
1544,people,clothing_garment,tights,tight
1545,people,clothing_garment,tool belt,belt
1546,people,clothing_garment,tool pouch,pouch
1547,people,clothing_garment,tool_bag,bag
1548,people,clothing_garment,tool_belt,belt
1549,people,clothing_garment,top,top
1550,people,clothing_garment,track pants,pants
1551,people,clothing_garment,trench coat,coat
1552,people,clothing_garment,trousers,trouser
1553,people,clothing_garment,turnout coat,coat
1554,people,clothing_garment,turnout jacket,jacket
1555,people,clothing_garment,turnout pants,pants
1556,people,clothing_garment,turnout_coat,coat
1557,people,clothing_garment,turtleneck,turtleneck
1558,people,clothing_garment,undershirt,undershirt
1559,people,clothing_garment,uniform,uniform
1560,people,clothing_garment,uniform dress,dress
1561,people,clothing_garment,uniform jacket,jacket
1562,people,clothing_garment,uniform pants,pants
1563,people,clothing_garment,uniform shirt,shirt
1564,people,clothing_garment,uniform top,top
1565,people,clothing_garment,uniform trousers,trousers
1566,people,clothing_garment,uniform_shirt,shirt
1567,people,clothing_garment,utility_belt,belt
1568,people,clothing_garment,veil,veil
1569,people,clothing_garment,vest,vest
1570,people,clothing_garment,vest_apron,apron
1571,people,clothing_garment,waistcoat,waistcoat
1572,people,clothing_garment,wedding dress,dress
1573,people,clothing_garment,wedding gown,gown
1574,people,clothing_garment,welding jacket,jacket
1575,people,clothing_garment,white blazer,blazer
1576,people,clothing_garment,white coat,coat
1577,people,clothing_garment,white medical coat,coat
1578,people,clothing_garment,work apron,apron
1579,people,clothing_garment,work boots,boot
1580,people,clothing_garment,work coat,coat
1581,people,clothing_garment,work gloves,glove
1582,people,clothing_garment,work jacket,jacket
1583,people,clothing_garment,work pants,pants
1584,people,clothing_garment,work shirt,shirt
1585,people,clothing_garment,work vest,vest
1586,people,clothing_garment,work_gloves,glove
1587,people,clothing_garment,zip sweater,sweater
1588,people,clothing_garment,apron or belt-like sash,apron
1589,people,clothing_garment,apron or uniform top,apron
1590,people,clothing_garment,apron strap,strap
1591,people,clothing_garment,apron/overalls,apron
1592,people,clothing_garment,apron/pocket,apron
1593,people,clothing_garment,apron/skirt,apron
1594,people,clothing_garment,apron/vest,apron
1595,people,clothing_garment,apron_bodice,apron
1596,people,clothing_garment,apron_straps,strap
1597,people,clothing_garment,athletic shirt,shirt
1598,people,clothing_garment,athletic shoes,shoe
1599,people,clothing_garment,backpack_strap,strap
1600,people,clothing_garment,badge (pinned),badge
1601,people,clothing_garment,ballet shoes,shoe
1602,people,clothing_garment,ballet slippers,slipper
1603,people,clothing_garment,ballet_shoes,shoe
1604,people,clothing_garment,baseball cap,cap
1605,people,clothing_garment,bib,bib
1606,people,clothing_garment,bib overalls,overall
1607,people,clothing_garment,black apron,apron
1608,people,clothing_garment,black skirt,skirt
1609,people,clothing_garment,black tie,tie
1610,people,clothing_garment,black vest,vest
1611,people,clothing_garment,blouse sleeve (visible lace cuff),sleeve
1612,people,clothing_garment,bodice,bodice
1613,people,clothing_garment,breathing_apparatus/backpack,backpack
1614,people,clothing_garment,breathing_apparatus_harness,harness
1615,people,clothing_garment,button-down overshirt,shirt
1616,people,clothing_garment,camisole,camisole
1617,people,clothing_garment,camisole (lace),camisole
1618,people,clothing_garment,cargo pants,pants
1619,people,clothing_garment,checkered shirt,shirt
1620,people,clothing_garment,chef pants,pants
1621,people,clothing_garment,chin_mask,mask
1622,people,clothing_garment,clerical_collar,collar
1623,people,clothing_garment,collar_trim,collar
1624,people,clothing_garment,collared short-sleeve shirt,shirt
1625,people,clothing_garment,combat jacket,jacket
1626,people,clothing_garment,combat uniform (jacket),jacket
1627,people,clothing_garment,combat_jacket,jacket
1628,people,clothing_garment,combat_pants,pants
1629,people,clothing_garment,compression shorts,shorts
1630,people,clothing_garment,coverall_shirt,shirt
1631,people,clothing_garment,coveralls/overalls,coverall
1632,people,clothing_garment,crop top,top
1633,people,clothing_garment,crossbody bag,bag
1634,people,clothing_garment,dance top,top
1635,people,clothing_garment,denim overalls,overall
1636,people,clothing_garment,denim_jacket,jacket
1637,people,clothing_garment,disposable gloves,glove
1638,people,clothing_garment,disposable sleeve,sleeve
1639,people,clothing_garment,dress jacket (uniform),jacket
1640,people,clothing_garment,dress/vest,dress
1641,people,clothing_garment,dress_like_top,top
1642,people,clothing_garment,epaulets,epaulet
1643,people,clothing_garment,fedora,fedora
1644,people,clothing_garment,fedora hat,hat
1645,people,clothing_garment,firefighter_jacket,jacket
1646,people,clothing_garment,flight jacket,jacket
1647,people,clothing_garment,flight suit,suit
1648,people,clothing_garment,flight_suit,suit
1649,people,clothing_garment,flight_suit_jacket,jacket
1650,people,clothing_garment,garment_under_cape,garment
1651,people,clothing_garment,glove,glove
1652,people,clothing_garment,goggles,goggle
1653,people,clothing_garment,gray trousers,trouser
1654,people,clothing_garment,guitar strap,strap
1655,people,clothing_garment,harness,harness
1656,people,clothing_garment,headband,headband
1657,people,clothing_garment,high-visibility shirt,shirt
1658,people,clothing_garment,high_heels,heel
1659,people,clothing_garment,high_visibility_jacket,jacket
1660,people,clothing_garment,high_visibility_vest,vest
1661,people,clothing_garment,hood,hood
1662,people,clothing_garment,inner jacket,jacket
1663,people,clothing_garment,judge_robe,robe
1664,people,clothing_garment,judicial robe,robe
1665,people,clothing_garment,jumpsuit,jumpsuit
1666,people,clothing_garment,knee pads,pad
1667,people,clothing_garment,knee_socks,sock
1668,people,clothing_garment,lanyard,lanyard
1669,people,clothing_garment,leggings/pants,legging
1670,people,clothing_garment,leotard,leotard
1671,people,clothing_garment,long-sleeve patterned shirt,shirt
1672,people,clothing_garment,long-sleeve top,top
1673,people,clothing_garment,long skirt/apron,skirt
1674,people,clothing_garment,long sleeve shirt,shirt
1675,people,clothing_garment,long_sleeve shirt,shirt
1676,people,clothing_garment,metal badges,badge
1677,people,clothing_garment,military coat,coat
1678,people,clothing_garment,military jacket,jacket
1679,people,clothing_garment,military pants,pant
1680,people,clothing_garment,mortarboard,mortarboard
1681,people,clothing_garment,name tag,tag
1682,people,clothing_garment,name_badge,badge
1683,people,clothing_garment,navy apron,apron
1684,people,clothing_garment,neck gaiter,gaiter
1685,people,clothing_garment,neck gaiter / scarf,gaiter
1686,people,clothing_garment,neck tie,tie
1687,people,clothing_garment,neckband,neckband
1688,people,clothing_garment,neckerchief,neckerchief
1689,people,clothing_garment,nurse_cap,cap
1690,people,clothing_garment,off-shoulder denim shirt,shirt
1691,people,clothing_garment,overall_straps,strap
1692,people,clothing_garment,overalls/pants,pant
1693,people,clothing_garment,oxygen mask,mask
1694,people,clothing_garment,pants (partially visible),pant
1695,people,clothing_garment,pantyhose,pantyhose
1696,people,clothing_garment,patch,patch
1697,people,clothing_garment,patterned shirt,shirt
1698,people,clothing_garment,pilot jacket,jacket
1699,people,clothing_garment,pinafore,pinafore
1700,people,clothing_garment,pinafore dress,dress
1701,people,clothing_garment,pistol holster,holster
1702,people,clothing_garment,plaid vest,vest
1703,people,clothing_garment,plate carrier,carrier
1704,people,clothing_garment,plate_carrier,carrier
1705,people,clothing_garment,pocket pens,pen
1706,people,clothing_garment,pocket_flap,flap
1707,people,clothing_garment,pocket_square,square
1708,people,clothing_garment,pointe shoes,shoe
1709,people,clothing_garment,pointe_shoes,shoe
1710,people,clothing_garment,police_hat,hat
1711,people,clothing_garment,preaching bands / collar,band
1712,people,clothing_garment,protective_gloves,glove
1713,people,clothing_garment,pumps,pump
1714,people,clothing_garment,race bib,bib
1715,people,clothing_garment,rubber gloves,glove
1716,people,clothing_garment,rubber_gloves,glove
1717,people,clothing_garment,running shoes,shoe
1718,people,clothing_garment,running_shoes,shoe
1719,people,clothing_garment,safety harness,harness
1720,people,clothing_garment,safety shoes,shoe
1721,people,clothing_garment,safety_straps,strap
1722,people,clothing_garment,safety_vest,vest
1723,people,clothing_garment,salon cape,cape
1724,people,clothing_garment,salon_smock,smock
1725,people,clothing_garment,satchel,satchel
1726,people,clothing_garment,scarf_or_trim,scarf
1727,people,clothing_garment,scrub,scrubs
1728,people,clothing_garment,scrub cap,cap
1729,people,clothing_garment,scrub shirt/collar,shirt
1730,people,clothing_garment,scrubs_shirt,shirt
1731,people,clothing_garment,seatbelt,seatbelt
1732,people,clothing_garment,service cap,cap
1733,people,clothing_garment,sheer skirt,skirt
1734,people,clothing_garment,sheriff shirt,shirt
1735,people,clothing_garment,shirt_sleeves,sleeve
1736,people,clothing_garment,shoe covers,cover
1737,people,clothing_garment,short-sleeve jacket,jacket
1738,people,clothing_garment,short sleeve shirt,shirt
1739,people,clothing_garment,shoulder patch,patch
1740,people,clothing_garment,shoulder radio (mounted),radio
1741,people,clothing_garment,shoulder strap,strap
1742,people,clothing_garment,shoulder_epaulet,epaulet
1743,people,clothing_garment,shoulder_holster,holster
1744,people,clothing_garment,shoulder_patch,patch
1745,people,clothing_garment,shoulder_strap,strap
1746,people,clothing_garment,singlet,singlet
1747,people,clothing_garment,skirt or pants,skirt
1748,people,clothing_garment,sleeve_patch,patch
1749,people,clothing_garment,sleeveless blouse,blouse
1750,people,clothing_garment,sleeveless_dress,dress
1751,people,clothing_garment,sleeveless_shirt,shirt
1752,people,clothing_garment,slippers,slipper
1753,people,clothing_garment,sock,sock
1754,people,clothing_garment,sports bra,bra
1755,people,clothing_garment,sports_bra,bra
1756,people,clothing_garment,stockings,stocking
1757,people,clothing_garment,straps,strap
1758,people,clothing_garment,striped shirt,shirt
1759,people,clothing_garment,striped sleeveless top,top
1760,people,clothing_garment,suit vest,vest
1761,people,clothing_garment,sunglasses,sunglasses
1762,people,clothing_garment,surgical gloves,glove
1763,people,clothing_garment,surgical gown,gown
1764,people,clothing_garment,surgical_cap,cap
1765,people,clothing_garment,suspenders/overalls straps,strap
1766,people,clothing_garment,suspenders/straps,suspender
1767,people,clothing_garment,suspenders/vest,suspender
1768,people,clothing_garment,sweater vest,vest
1769,people,clothing_garment,tactical vest / body armor,vest
1770,people,clothing_garment,tactical vest / plate carrier,vest
1771,people,clothing_garment,tank top,top
1772,people,clothing_garment,tank_top,top
1773,people,clothing_garment,tie_scarf,scarf
1774,people,clothing_garment,tool_pouch,pouch
1775,people,clothing_garment,toque (chef hat),toque
1776,people,clothing_garment,towel,towel
1777,people,clothing_garment,tulle skirt,skirt
1778,people,clothing_garment,tunic,tunic
1779,people,clothing_garment,turnout_pants,pants
1780,people,clothing_garment,turtleneck_sweater,sweater
1781,people,clothing_garment,tutu,tutu
1782,people,clothing_garment,tutu dress,dress
1783,people,clothing_garment,tutu skirt,skirt
1784,people,clothing_garment,uniform_jacket,jacket
1785,people,clothing_garment,uniform_patch,patch
1786,people,clothing_garment,uniform_top,top
1787,people,clothing_garment,uniform_tunic,tunic
1788,people,clothing_garment,vest/apron,vest
1789,people,clothing_garment,vest/harness,vest
1790,people,clothing_garment,waist_apron,apron
1791,people,clothing_garment,waist_pack,pack
1792,people,clothing_garment,welding_jacket,jacket
1793,people,clothing_garment,white dress shirt,shirt
1794,people,clothing_garment,white shirt,shirt
1795,people,clothing_garment,white_collar,collar
1796,people,clothing_garment,work trousers,trouser
1797,people,clothing_garment,work vest/coverall,vest
1798,people,clothing_garment,work_boots,boot
1799,people,clothing_garment,work_jacket,jacket
1800,people,clothing_garment,work_pants,pants
1801,people,clothing_garment,work_shirt,shirt
1802,people,clothing_garment,work_vest,vest
1803,people,clothing_garment,workshirt,workshirt
1804,people,clothing_garment,wristband,wristband
1805,objects,color,beige,beige
1806,objects,color,black,black
1807,objects,color,blue,blue
1808,objects,color,brown,brown
1809,objects,color,cream,cream
1810,objects,color,gold,gold
1811,objects,color,gray,gray
1812,objects,color,green,green
1813,objects,color,navy,navy
1814,objects,color,orange,orange
1815,objects,color,pink,pink
1816,objects,color,purple,purple
1817,objects,color,red,red
1818,objects,color,silver,silver
1819,objects,color,tan,tan
1820,objects,color,teal,teal
1821,objects,color,white,white
1822,objects,color,yellow,yellow
1823,objects,color,olive,olive
1824,scene_appearance,color_temperature,cool,cool
1825,scene_appearance,color_temperature,mixed,mixed
1826,scene_appearance,color_temperature,neutral,neutral
1827,scene_appearance,color_temperature,warm,warm
1828,camera,depth_of_field,deep,deep
1829,camera,depth_of_field,medium,medium
1830,camera,depth_of_field,shallow,shallow
1831,scene_appearance,dominant_colors,beige,beige
1832,scene_appearance,dominant_colors,black,black
1833,scene_appearance,dominant_colors,blue,blue
1834,scene_appearance,dominant_colors,brown,brown
1835,scene_appearance,dominant_colors,cream,cream
1836,scene_appearance,dominant_colors,gold,gold
1837,scene_appearance,dominant_colors,gray,gray
1838,scene_appearance,dominant_colors,green,green
1839,scene_appearance,dominant_colors,navy,navy
1840,scene_appearance,dominant_colors,olive,olive
1841,scene_appearance,dominant_colors,orange,orange
1842,scene_appearance,dominant_colors,pink,pink
1843,scene_appearance,dominant_colors,purple,purple
1844,scene_appearance,dominant_colors,red,red
1845,scene_appearance,dominant_colors,silver,silver
1846,scene_appearance,dominant_colors,tan,tan
1847,scene_appearance,dominant_colors,teal,teal
1848,scene_appearance,dominant_colors,white,white
1849,scene_appearance,dominant_colors,yellow,yellow
1850,people,expression,focused,focused
1851,people,expression,neutral,neutral
1852,people,expression,smiling,smiling
1853,people,expression,surprised,surprise
1854,people,expression,angry,angry
1855,people,eyewear_present,no,no
1856,people,eyewear_present,yes,yes
1857,people,eyewear_type,eyeglasses,eyeglass
1858,people,eyewear_type,protective_face_shield,shield
1859,people,eyewear_type,safety_goggles,goggles
1860,people,eyewear_type,sunglasses,sunglasses
1861,people,facial_hair_color,black,black
1862,people,facial_hair_color,brown,brown
1863,people,facial_hair_color,gray,gray
1864,people,facial_hair_color,white,white
1865,people,facial_hair_present,no,no
1866,people,facial_hair_present,yes,yes
1867,people,facial_hair_style,beard,beard
1868,people,facial_hair_style,goatee,goatee
1869,people,facial_hair_style,mustache,mustache
1870,people,facial_hair_style,stubble,stubble
1871,camera,framing,asymmetric,asymmetric
1872,camera,framing,balanced,balanced
1873,camera,framing,medium,medium
1874,camera,framing,tight,tight
1875,camera,framing,wide,wide
1876,people,gaze_direction,away,away
1877,people,gaze_direction,down,down
1878,people,gaze_direction,forward,forward
1879,people,gaze_direction,left,left
1880,people,gaze_direction,right,right
1881,people,gaze_direction,toward_camera,gaze
1882,people,gaze_direction,up,up
1883,people,gender_presentation,female,female
1884,people,gender_presentation,male,male
1885,people,hair_color,black,black
1886,people,hair_color,blonde,blonde
1887,people,hair_color,brown,brown
1888,people,hair_color,grey,grey
1889,people,hair_color,red,red
1890,people,hair_color,white,white
1891,people,hair_present,no,no
1892,people,hair_present,yes,yes
1893,people,hair_style,afro,afro
1894,people,hair_style,bob,bob
1895,people,hair_style,braids,braid
1896,people,hair_style,bun,bun
1897,people,hair_style,curly,curly
1898,people,hair_style,long,long
1899,people,hair_style,ponytail,ponytail
1900,people,hair_style,shaved,shaved
1901,people,hair_style,short,short
1902,people,hair_style,straight,straight
1903,people,hair_style,updo,updo
1904,people,hair_style,wavy,wavy
1905,safety,hazards,active fire and dense smoke,fire
1906,safety,hazards,active fire and heavy smoke,fire
1907,safety,hazards,active fire and heavy smoke near building entrance,fire
1908,safety,hazards,active fire and heavy smoke; trip hazard from multiple hoses on ground,fire
1909,safety,hazards,active fire and smoke,fire
1910,safety,hazards,"active fire, heavy smoke, hot surfaces",fire
1911,safety,hazards,active flames and heavy smoke,flame
1912,safety,hazards,active police vehicle on roadway; potential traffic hazard,vehicle
1913,safety,hazards,"active smoke and fire, inhalation risk, hot surfaces and debris",fire
1914,safety,hazards,blocked intersection with stopped vehicles,intersection
1915,safety,hazards,cables and camera equipment on table,cable
1916,safety,hazards,cables on floor creating tripping hazard,cable
1917,safety,hazards,emergency vehicles and active traffic,vehicle
1918,safety,hazards,exposed cables and cluttered desk surface,cable
1919,safety,hazards,"exposed construction framing and open edges, visible metal beams and rebar, no visible fall protection",framing
1920,safety,hazards,exposed construction materials and scattered lumber presenting trip and puncture hazards,material
1921,safety,hazards,exposed construction site and scaffolding visible,site
1922,safety,hazards,exposed electrical wires on floor and wall,wire
1923,safety,hazards,exposed electrical wires on floor; trip hazard,wire
1924,safety,hazards,exposed electrical wiring and open electrical panel,wire
1925,safety,hazards,exposed electrical wiring and tangled cables on floor,wire
1926,safety,hazards,exposed industrial machinery and conveyor present; potential pinch points near moving equipment,machinery
1927,safety,hazards,exposed machine parts; potential pinch points,part
1928,safety,hazards,exposed machinery and moving parts,machinery
1929,safety,hazards,"exposed moving machinery parts, pinch points",part
1930,safety,hazards,exposed open electrical panel and loose wires on floor,panel
1931,safety,hazards,exposed open electrical panel and visible wiring,panel
1932,safety,hazards,exposed rebar and construction debris present on site,rebar
1933,safety,hazards,exposed scaffolding and vertical rebar visible on a construction site,scaffold
1934,safety,hazards,"exposed structural framing, construction debris on ground",framing
1935,safety,hazards,exposed wiring and loose hanging cables visible,wire
1936,safety,hazards,exposed wiring and open electrical panel; loose cables on floor creating trip hazard,wire
1937,safety,hazards,flashing emergency lights and stopped vehicles occupying intersection,light
1938,safety,hazards,flying sparks and hot metal particles visible,spark
1939,safety,hazards,heavy machinery and open construction site with loose sand and building materials,machinery
1940,safety,hazards,"heavy machinery near worker, open excavation, loose soil",machinery
1941,safety,hazards,heavy machinery nearby; loose soil and uneven ground,machinery
1942,safety,hazards,"heavy machinery present, loose dirt and uneven ground",machinery
1943,safety,hazards,heavy machinery present; loose soil/uneven ground,machinery
1944,safety,hazards,"heavy machinery, scaffolding, construction materials present on site",machinery
1945,safety,hazards,"heavy machinery, uneven ground, construction site equipment",machinery
1946,safety,hazards,heavy machinery; exposed rebar; uneven ground,machinery
1947,safety,hazards,industrial machinery and conveyor present,machinery
1948,safety,hazards,industrial machinery with moving parts,machinery
1949,safety,hazards,loose cables on desk,cable
1950,safety,hazards,"loose metal particles visible, exposed machinery parts",particle
1951,safety,hazards,moving vehicles and active police vehicle with lights in traffic,vehicle
1952,safety,hazards,open construction site with exposed framing and building materials,site
1953,safety,hazards,open electrical panel and exposed wiring visible,panel
1954,safety,hazards,"open flames, heavy smoke, active fire near person",flame
1955,safety,hazards,open wooden framing and unfinished structure,framing
1956,safety,hazards,platform edge / gap beside train,platform
1957,safety,hazards,platform edge adjacent to tracks,platform
1958,safety,hazards,platform edge and open tracks visible,platform
1959,safety,hazards,platform edge and track gap visible near standing person,platform
1960,safety,hazards,platform edge visible near subject,platform
1961,safety,hazards,platform gap at train edge,platform
1962,safety,hazards,police vehicles with flashing lights blocking roadway,vehicle
1963,safety,hazards,tangled microphone cables on table,cable
1964,safety,hazards,"uneven dusty floor, loose planks and construction debris visible",floor
1965,safety,hazards,uneven ground and visible heavy machinery on active construction site,machinery
1966,safety,hazards,uneven ground; heavy machinery; open construction area,machinery
1967,safety,hazards,uneven sand piles; exposed structural framing; visible trip and worksite hazards,pile
1968,safety,hazards,vehicle traffic,vehicle
1969,safety,hazards,vehicles in intersection and active emergency lights visible,vehicle
1970,safety,hazards,visible holstered firearm on duty belt,firearm
1971,safety,hazards,visible tangled cables on desk and cluttered workstation,cable
1972,safety,hazards,active fire and heavy smoke visible,fire
1973,safety,hazards,alcohol bottles visible,bottle
1974,safety,hazards,alcoholic beverages and open bottles on bar,beverage
1975,safety,hazards,armed individual with rifle in store,person
1976,safety,hazards,Armed person holding a rifle,person
1977,safety,hazards,armed person holding rifle in a public supermarket,person
1978,safety,hazards,armed person present,person
1979,safety,hazards,armed person with rifle in grocery store,person
1980,safety,hazards,armed person with rifle visible,person
1981,safety,hazards,armed person with rifle visible inside store,person
1982,safety,hazards,armed person with rifle; heavy dust/smoke in environment,person
1983,safety,hazards,barefoot person near stove and pots,person
1984,safety,hazards,boxes on floor and a person lifting a large box — potential trip or lifting hazard,box
1985,safety,hazards,boxes placed in parking area creating an obstruction,box
1986,safety,hazards,broom head on floor may be a trip hazard,broom
1987,safety,hazards,busy traffic on street,traffic
1988,safety,hazards,busy traffic on street near person,traffic
1989,safety,hazards,cable and art supplies on floor creating a trip hazard,cable
1990,safety,hazards,cable on floor creating a trip hazard,cable
1991,safety,hazards,cables and equipment on floor creating trip hazard,cable
1992,safety,hazards,cables and exposed electronics on console,cable
1993,safety,hazards,cables on console and bright stage light glare,cable
1994,safety,hazards,cables on desk,cable
1995,safety,hazards,cables on floor,cable
1996,safety,hazards,cables on floor and studio lighting/tripod stands present,cable
1997,safety,hazards,cables on floor creating trip hazard,cable
1998,safety,hazards,"cables on floor present, potential trip hazard",cable
1999,safety,hazards,cables on floor presenting a trip hazard,cable
2000,safety,hazards,"cables on floor, trip hazard",cable
2001,safety,hazards,cables on floor; stacked heavy equipment cases; potential trip hazard,cable
2002,safety,hazards,cables on stage,cable
2003,safety,hazards,camera tripod positioned in aisle on the floor could be a tripping hazard,tripod
2004,safety,hazards,chemical containers and glassware on bench,container
2005,safety,hazards,"chemical containers and glassware on bench, open containers and breakable glass present",container
2006,safety,hazards,chemical containers and glassware on bench; potential spill or breakage hazard,container
2007,safety,hazards,chemical containers and glassware on bench; potential spill/cut hazard,container
2008,safety,hazards,chemical containers and glassware on open shelves,container
2009,safety,hazards,chemical containers and glassware present on workbench,container
2010,safety,hazards,"chemical containers and open glassware present, potential spill and breakage risk",container
2011,safety,hazards,chemical containers and open glassware visible,container
2012,safety,hazards,chemical containers on bench,container
2013,safety,hazards,chemical glassware present on bench,glassware
2014,safety,hazards,chemical liquids and open glassware on lab bench,liquid
2015,safety,hazards,chemical spill; broken glass on work surface,spill
2016,safety,hazards,chemicals and glassware present on work surface,chemical
2017,safety,hazards,cleaning chemicals visible,chemical
2018,safety,hazards,"cleaning equipment present (broom and wheeled bucket), possible slip hazard",equipment
2019,safety,hazards,cluttered desk with many loose papers,paper
2020,safety,hazards,cluttered desk with scattered papers,paper
2021,safety,hazards,cluttered desk with stacked papers,paper
2022,safety,hazards,cluttered desk with stacks of papers and books,paper
2023,safety,hazards,cluttered stacks of loose paper on desk and shelves,paper
2024,safety,hazards,cluttered workbench with scattered tools and metal parts,tool
2025,safety,hazards,cluttered workspace with large stacks of papers,workspace
2026,safety,hazards,coffee cup near documents and electronics,cup
2027,safety,hazards,construction equipment and open trenches present,equipment
2028,safety,hazards,construction site with heavy machinery and unfinished interior,machinery
2029,safety,hazards,construction site with heavy materials and equipment visible,material
2030,safety,hazards,construction site with scattered lumber and equipment visible,lumber
2031,safety,hazards,"construction site with tools, uneven ground, loose sand",tool
2032,safety,hazards,cutting tool on table,tool
2033,safety,hazards,dancer en pointe in a confined kitchen near hard countertops and cookware,dancer
2034,safety,hazards,"dancer on pointe near kitchen counters and stove, potential fall or burn risk",dancer
2035,safety,hazards,dancer on pointe near stove and countertops (slip/impact risk),dancer
2036,safety,hazards,dancer on pointe on hard kitchen floor; possible slip or trip risk,dancer
2037,safety,hazards,dense smoke and active firefighting environment visible,smoke
2038,safety,hazards,dense vegetation and limited visibility due to foliage and mist,vegetation
2039,safety,hazards,dense vegetation and low visibility in misty forest,vegetation
2040,safety,hazards,"desk clutter (papers, electronics) visible",desk
2041,safety,hazards,dusty environment with airborne dust; no visible eye protection,dust
2042,safety,hazards,electrical cord on floor,cord
2043,safety,hazards,electrical cords and desk clutter present,cord
2044,safety,hazards,electrical equipment and cables visible,equipment
2045,safety,hazards,electronic equipment near aquariums,equipment
2046,safety,hazards,elevated platforms and metal piping,platform
2047,safety,hazards,exposed cables and cluttered heavy machinery on workbench,cable
2048,safety,hazards,exposed cables and electronic equipment,cable
2049,safety,hazards,exposed cables and overhead lighting,cable
2050,safety,hazards,exposed cables on desk,cable
2051,safety,hazards,exposed cables on desk creating clutter and potential trip hazard,cable
2052,safety,hazards,exposed cables on floor creating trip hazard,cable
2053,safety,hazards,exposed chemical containers and glassware on bench,container
2054,safety,hazards,exposed electrical cable and small lab device on desk,cable
2055,safety,hazards,exposed electrical wires and open electrical panels visible,wire
2056,safety,hazards,exposed electrical wiring and open panel presenting shock risk,wire
2057,safety,hazards,exposed electrical wiring; open electrical panel with live components,wire
2058,safety,hazards,exposed electronic equipment and visible cables,equipment
2059,safety,hazards,exposed electronic equipment and visible cables on desk,equipment
2060,safety,hazards,exposed engine components (open hood),component
2061,safety,hazards,exposed engine components and open hood; mechanic handling fluid,component
2062,safety,hazards,exposed engine parts under open hood; tool in use; no visible eye protection,part
2063,safety,hazards,exposed glassware and chemical-containing vessels on bench; potential spill hazard,glassware
2064,safety,hazards,exposed glassware and chemical liquids on bench,glassware
2065,safety,hazards,exposed glassware and wiring visible on workbench,glassware
2066,safety,hazards,"exposed ground/hole at worker's feet, trip hazard",hole
2067,safety,hazards,exposed heavy machinery and loose hand tools on bench,machinery
2068,safety,hazards,exposed heavy machinery and moving equipment visible,machinery
2069,safety,hazards,exposed heavy machinery and moving parts,machinery
2070,safety,hazards,exposed heavy rotating machine parts near worker hands,machine
2071,safety,hazards,exposed industrial machinery,machinery
2072,safety,hazards,exposed industrial machinery and moving parts visible,machinery
2073,safety,hazards,exposed machine components and moving parts visible,machine
2074,safety,hazards,exposed machine parts and potential pinch points near hands,machine
2075,safety,hazards,exposed machinery and moving parts visible,machinery
2076,safety,hazards,exposed machinery and multiple tools on bench near hands,machinery
2077,safety,hazards,exposed machinery; sharp tools on work surface,machinery
2078,safety,hazards,exposed mechanical components and visible wiring near operator,component
2079,safety,hazards,exposed mechanical equipment near hands,equipment
2080,safety,hazards,"exposed metal machine parts and tools near hands, potential pinch/cutting points",machine
2081,safety,hazards,exposed microphone cables on floor,cable
2082,safety,hazards,exposed moving machine parts; hands close to cutting surfaces; no visible eye protection,machine
2083,safety,hazards,exposed moving machinery and pinch points near worker's hands,machinery
2084,safety,hazards,exposed moving machinery parts,machinery
2085,safety,hazards,"exposed moving machinery, potential pinch points",machinery
2086,safety,hazards,"exposed pipes and open ground trench near worker, tools on ground",pipe
2087,safety,hazards,exposed plumbing and loose tools on counter and under sink,plumbing
2088,safety,hazards,exposed plumbing and tools in open cabinet,plumbing
2089,safety,hazards,exposed plumbing and tools on floor,plumbing
2090,safety,hazards,exposed plumbing and tools under sink,plumbing
2091,safety,hazards,exposed plumbing and tools visible,plumbing
2092,safety,hazards,"exposed plumbing, cables and tools on floor creating tripping hazard",plumbing
2093,safety,hazards,exposed railway tracks; visible steam emission,track
2094,safety,hazards,exposed rotating drill bit; no visible eye protection,drill
2095,safety,hazards,exposed rotating machine parts and pinch points visible,machine
2096,safety,hazards,exposed rotating machine parts visible,machine
2097,safety,hazards,exposed rotating machinery and visible sparks near hands,machinery
2098,safety,hazards,exposed rotating machinery parts and pinch points near machine,machinery
2099,safety,hazards,exposed scaffolding and construction site environment,scaffold
2100,safety,hazards,exposed scaffolding and elevated platforms visible,scaffold
2101,safety,hazards,exposed sewing machine needle,needle
2102,safety,hazards,exposed sewing machine needle / sharp sewing tools visible,needle
2103,safety,hazards,exposed sewing machine needle and sharp sewing tools visible,needle
2104,safety,hazards,exposed sewing needle and cluttered work surface visible,needle
2105,safety,hazards,exposed sewing needle and sharp tools visible on worktable,tool
2106,safety,hazards,exposed sewing needle near fingers,needle
2107,safety,hazards,exposed sewing needle near hands,needle
2108,safety,hazards,exposed sewing needle; scissors on table,tool
2109,safety,hazards,exposed structural materials and construction site environment,material
2110,safety,hazards,exposed surgical instruments visible on tray; sterile field present,instrument
2111,safety,hazards,exposed tools and machinery on workbench,tool
2112,safety,hazards,"exposed tools and machinery, visible cables and equipment on workbench",tool
2113,safety,hazards,exposed wires and cluttered tools on workbench,wire
2114,safety,hazards,exposed wires and heavy machinery components visible,wire
2115,safety,hazards,exposed wiring and cluttered workbench,wire
2116,safety,hazards,exposed wiring and electronic components visible,wire
2117,safety,hazards,exposed wiring and electronic components visible on work surface,wire
2118,safety,hazards,exposed wiring and electronic equipment present,wire
2119,safety,hazards,exposed wiring and many loose cables on floor; person handling live electrical panel with tool,wire
2120,safety,hazards,exposed wiring and open electrical panel present,wire
2121,safety,hazards,farm machinery (tractor) and uneven ground/hay,machine
2122,safety,hazards,fire and heavy smoke,fire
2123,safety,hazards,fire extinguishers in shopping cart,extinguisher
2124,safety,hazards,"fire, smoke, armed soldier",fire
2125,safety,hazards,firearm present,firearm
2126,safety,hazards,firearm visible,firearm
2127,safety,hazards,firearm visible; military equipment present,firearm
2128,safety,hazards,flying sparks and hot metal visible,spark
2129,safety,hazards,flying sparks visible; no visible eye protection,spark
2130,safety,hazards,flying sparks; hot metal; burn risk,spark
2131,safety,hazards,flying sparks; hot metal; risk of burns,spark
2132,safety,hazards,gas stove with exposed burners visible,stove
2133,safety,hazards,glass chemical bottles and open containers on bench,bottle
2134,safety,hazards,glass laboratory apparatus and equipment present,apparatus
2135,safety,hazards,glassware and chemical bottles on bench,bottle
2136,safety,hazards,glassware and chemical containers on bench,container
2137,safety,hazards,glassware and chemical containers on bench; potential chemical exposure,container
2138,safety,hazards,glassware and chemical containers visible on lab bench,container
2139,safety,hazards,glassware and open chemical containers on bench; tubing and cables on work surface,container
2140,safety,hazards,glassware and open chemical containers present,container
2141,safety,hazards,glassware and open containers with liquids on bench,container
2142,safety,hazards,"glassware with liquids on bench, potential chemical exposure",container
2143,safety,hazards,heavy machinery and active construction site visible,machine
2144,safety,hazards,heavy machinery and construction debris visible on site,machine
2145,safety,hazards,heavy machinery and exposed equipment visible,machinery
2146,safety,hazards,heavy machinery and loose soil pile present at worksite,machinery
2147,safety,hazards,heavy machinery and open construction area; piles of dirt and uneven ground,machinery
2148,safety,hazards,heavy machinery present on construction site,machinery
2149,safety,hazards,heavy machinery present; operator not visibly wearing eye protection,machinery
2150,safety,hazards,"heavy machinery, uneven/loose soil, open construction site",machinery
2151,safety,hazards,heavy machinery; elevated platforms; construction site,machinery
2152,safety,hazards,hose on ground presenting potential trip hazard,hose
2153,safety,hazards,hoses on ground; potential trip hazard,hose
2154,safety,hazards,hot beverage near electronics,beverage
2155,safety,hazards,hot cooking pot,pot
2156,safety,hazards,"hot cookware and open pans, potential burn risk",cookware
2157,safety,hazards,hot cookware and open pot on stove visible,cookware
2158,safety,hazards,hot cookware and pots on stove; potential burn hazard,cookware
2159,safety,hazards,hot cookware and surfaces visible,cookware
2160,safety,hazards,hot metal and flying sparks,metal
2161,safety,hazards,hot metal and sharp tools visible,metal
2162,safety,hazards,"hot metal, open fire and sparks visible",metal
2163,safety,hazards,hot oven surfaces and trays visible,oven
2164,safety,hazards,"hot pan visible, knives present",pan
2165,safety,hazards,hot pots and sharp utensils visible on work surface,pot
2166,safety,hazards,hot pots and steam visible on stove,pot
2167,safety,hazards,"hot sparks and bright arc present, risk of burns and eye injury",spark
2168,safety,hazards,hot sparks and flying particles; burn risk,spark
2169,safety,hazards,hot sparks and open forge present (burn hazard),spark
2170,safety,hazards,hot sparks present; risk of fire to nearby plants,spark
2171,safety,hazards,hot steam; raw meat on counter,steam
2172,safety,hazards,hot stove and cookware present,stove
2173,safety,hazards,hot stove and pot visible,stove
2174,safety,hazards,hot stove and pot with visible steam,stove
2175,safety,hazards,hot stove and pots visible,stove
2176,safety,hazards,hot stove and sharp utensils visible,stove
2177,safety,hazards,hot stove and visible knife on cutting board,stove
2178,safety,hazards,hot stove burners,stove
2179,safety,hazards,"hot stove visible, knife on cutting board",stove
2180,safety,hazards,hot stove with pot on burner,stove
2181,safety,hazards,hot stove with pots; cutting utensils on table,stove
2182,safety,hazards,"hot stovetop and pans visible, burn risk",stovetop
2183,safety,hazards,hot stovetop and pots visible,stovetop
2184,safety,hazards,hot surfaces (pots/pans on stove),surface
2185,safety,hazards,"hot surfaces and steam, sharp knives, raw meat on cutting board",knife
2186,safety,hazards,hot surfaces and visible steam from cooking,surface
2187,safety,hazards,hot surfaces and visible steam near food and pans,surface
2188,safety,hazards,hot surfaces; commercial kitchen equipment,surface
2189,safety,hazards,hot surfaces; potential burn risk,surface
2190,safety,hazards,hot surfaces; sharp tools; clutter on floor,surface
2191,safety,hazards,hot welding sparks near plants and vegetation,spark
2192,safety,hazards,industrial machinery and piping present,machinery
2193,safety,hazards,industrial machinery present,machinery
2194,safety,hazards,knife and hot cookware visible on work surface,knife
2195,safety,hazards,knife blade exposed on counter; kitchen towel hanging near stove,knife
2196,safety,hazards,knife blade visible on cutting board,knife
2197,safety,hazards,knife in use; hot cookware/pots visible,knife
2198,safety,hazards,knife on counter,knife
2199,safety,hazards,knife on counter visible,knife
2200,safety,hazards,knife on cutting board,knife
2201,safety,hazards,knife on cutting board and hot cooking equipment visible,knife
2202,safety,hazards,knife on cutting board visible,knife
2203,safety,hazards,knife on cutting board; active stove and hot cookware visible,knife
2204,safety,hazards,knife on cutting board; potential cutting hazard,knife
2205,safety,hazards,knife on cutting board; sharp object visible,knife
2206,safety,hazards,knife on cutting board; stovetop with pan,knife
2207,safety,hazards,knife on table visible,knife
2208,safety,hazards,knife visible on work surface,knife
2209,safety,hazards,knife visible; hot cookware and stove present,knife
2210,safety,hazards,laboratory equipment and glassware present,equipment
2211,safety,hazards,large cardboard box on wheeled dolly may pose trip or tipping hazard,box
2212,safety,hazards,large reptile on desk near seated person,reptile
2213,safety,hazards,lit candle near open books/papers,candle
2214,safety,hazards,lit candles near paper and books,candle
2215,safety,hazards,lit candles near paper creating a fire risk,candle
2216,safety,hazards,loose backdrop on floor; multiple tripods and stands present,backdrop
2217,safety,hazards,loose cables and multiple tripods/light stands on floor creating trip hazard,cable
2218,safety,hazards,loose cables on desk and around equipment,cable
2219,safety,hazards,loose cables on floor creating tripping hazard,cable
2220,safety,hazards,loose cables on floor near tripods,cable
2221,safety,hazards,loose cables on ground,cable
2222,safety,hazards,loose cables on work surface; heavy machinery present,cable
2223,safety,hazards,loose electrical cable on floor near person's feet (trip hazard),cable
2224,safety,hazards,loose orange cable at worker hip visible,cable
2225,safety,hazards,loose papers and art supplies on floor and around workspace could be tripping hazard,paper
2226,safety,hazards,"loose soil and exposed wooden frames present, potential trip hazard",soil
2227,safety,hazards,loose soil and tools at ground level in an open construction area,soil
2228,safety,hazards,machinery with exposed metal parts and pinch points,machine
2229,safety,hazards,many glass containers with liquids on bench,container
2230,safety,hazards,"mop and bucket visible, potential wet floor slip hazard",bucket
2231,safety,hazards,moving heavy machinery and visible pinch points,machine
2232,safety,hazards,moving taxi close to pedestrian in crosswalk,taxi
2233,safety,hazards,moving vehicles on street,vehicle
2234,safety,hazards,multiple medication bottles visible on shelves,bottle
2235,safety,hazards,needle and pins present,needle
2236,safety,hazards,needle and sewing machine near hands/fingers,needle
2237,safety,hazards,needle and sharp sewing tools visible,needle
2238,safety,hazards,needle and sharp sewing tools visible on work surface,needle
2239,safety,hazards,no eye protection visible; hand tools and dust present,tool
2240,safety,hazards,no eye protection while operating power tool; visible wood dust on work surface,tool
2241,safety,hazards,no gloves while handling equipment; exposed wires and electrical components visible,wire
2242,safety,hazards,no visible eye or hearing protection while using a power sander,sander
2243,safety,hazards,none visible,none
2244,safety,hazards,numerous chemical bottles and open glassware present; potential chemical and glass hazards,chemical
2245,safety,hazards,open alcoholic beverages and glassware on counter,beverage
2246,safety,hazards,open ambulance rear door on roadway,door
2247,safety,hazards,open ambulance rear doors and extended step present,door
2248,safety,hazards,open bottles and glassware on bar counter,bottle
2249,safety,hazards,open candle flame near paper and books,candle
2250,safety,hazards,open car hood and exposed engine components,hood
2251,safety,hazards,open car hood and tools/equipment on floor and workbenches,hood
2252,safety,hazards,open car hood; floor jack pad on ground,hood
2253,safety,hazards,open car hood; tools and equipment on workbench; potential trip or tool hazards,hood
2254,safety,hazards,open cardboard boxes on walkway may be trip hazards,box
2255,safety,hazards,open chemical containers and glassware on bench,container
2256,safety,hazards,open chemical containers and multiple glass vessels on bench,container
2257,safety,hazards,open chemical containers and visible liquids on bench,container
2258,safety,hazards,open chemical containers on bench,container
2259,safety,hazards,"open chemical containers on bench, glassware present",container
2260,safety,hazards,"open chemical containers, visible vapour/smoke",container
2261,safety,hazards,open chemical containers; multiple glassware items on bench,container
2262,safety,hazards,open chemical glassware containing liquids on bench,glassware
2263,safety,hazards,open chemical glassware on bench,glassware
2264,safety,hazards,"open construction area, heavy equipment nearby, uneven ground",equipment
2265,safety,hazards,open construction site with loose materials and tools,site
2266,safety,hazards,open electrical panel with exposed wiring and energized components visible,panel
2267,safety,hazards,open engine bay and hand tools present,bay
2268,safety,hazards,open engine bay; exposed engine components,bay
2269,safety,hazards,open excavation with exposed pipes and visible steam,excavation
2270,safety,hazards,open flame (candle) near papers,flame
2271,safety,hazards,"open flame, flying sparks, hot metal surfaces",flame
2272,safety,hazards,"open flame, hot glowing metal, sparks",flame
2273,safety,hazards,"open flame, hot metal and sparks, burn hazard",flame
2274,safety,hazards,"open flame, sparks, hot metal, smoke",flame
2275,safety,hazards,open flame; hot metal; scattered tools on floor,flame
2276,safety,hazards,open flame; hot metal; sharp tools and equipment in workspace,flame
2277,safety,hazards,open flame; hot metal; sparks,flame
2278,safety,hazards,open flame; hot pan and cooking surfaces,flame
2279,safety,hazards,open flame; molten metal; hot surfaces,flame
2280,safety,hazards,open flame; sparks; hot metal; potential burn risk,flame
2281,safety,hazards,open flames (candles) near papers and books,flame
2282,safety,hazards,open flames and dense smoke near person,flame
2283,safety,hazards,open flames and dense smoke; breathing hazard,flame
2284,safety,hazards,open flames and heavy smoke visible,flame
2285,safety,hazards,open flames and hot sparks visible; potential burn risk,flame
2286,safety,hazards,open flames; hot metal; sparks; burn hazard,flame
2287,safety,hazards,"open furnace, hot metal, sparks",furnace
2288,safety,hazards,open glass bottles on counter and glassware,glassware
2289,safety,hazards,open glassware and chemical bottles on bench,glassware
2290,safety,hazards,open glassware and chemical bottles present,glassware
2291,safety,hazards,open glassware and visible chemical liquids on lab bench,glassware
2292,safety,hazards,open glassware on table outdoors,glassware
2293,safety,hazards,"open glassware with liquid, electrical wiring and heated lamp near workspace",glassware
2294,safety,hazards,open glassware with liquids on bench; chemical containers visible,glassware
2295,safety,hazards,open hole in ground; exposed pipes; water on ground,hole
2296,safety,hazards,open hood and exposed engine,hood
2297,safety,hazards,"open hood, exposed engine components, hand near engine/tools",hood
2298,safety,hazards,open paint buckets and paint on floor that may create slip/trip hazard,bucket
2299,safety,hazards,open paint containers on table,container
2300,safety,hazards,open paint jars and liquids on table,jar
2301,safety,hazards,open patch of removed turf and gardening tool on walkway,patch
2302,safety,hazards,open rear van doors; stacked boxes,door
2303,safety,hazards,open sharp scissors on work surface,scissors
2304,safety,hazards,open sparks and hot metal creating burn/fire risk,spark
2305,safety,hazards,open sparks contacting nearby plants and foliage,spark
2306,safety,hazards,open sparks near plants and person,spark
2307,safety,hazards,open sparks; hot metal; bright welding arc,spark
2308,safety,hazards,open surgical wound and sharp instruments visible,wound
2309,safety,hazards,open utility pit with exposed valves and water,pit
2310,safety,hazards,open_knife_on_cutting_board,knife
2311,safety,hazards,paper clutter on desk,paper
2312,safety,hazards,paper_clutter_on_desk,paper
2313,safety,hazards,papers on floor and cluttered desk presenting trip and workspace clutter,paper
2314,safety,hazards,papers on floor creating potential slip/trip hazard,paper
2315,safety,hazards,pedestrian close to bus in roadway,pedestrian
2316,safety,hazards,pedestrian standing close to active traffic and multiple vehicles visible,pedestrian
2317,safety,hazards,pedestrian standing in roadway near moving vehicles,pedestrian
2318,safety,hazards,person handling a knife on the table,person
2319,safety,hazards,person holding firearm; icy snowy street,person
2320,safety,hazards,person in roadway near moving vehicles,person
2321,safety,hazards,person operating camera close to roadway,person
2322,safety,hazards,person practicing en pointe on hard kitchen floor near counters and appliances,person
2323,safety,hazards,person seated at open rear of ambulance with doors open at street level,person
2324,safety,hazards,person seated in grocery aisle potentially obstructing walkway,person
2325,safety,hazards,person seated on front of locomotive,person
2326,safety,hazards,person sitting on car hood in street near traffic,person
2327,safety,hazards,person sitting on front of locomotive near tracks,person
2328,safety,hazards,person sitting on vehicle in active street with nearby traffic,person
2329,safety,hazards,person standing at curb near moving traffic,person
2330,safety,hazards,person standing in roadway in front of a bus and nearby traffic,person
2331,safety,hazards,person standing in roadway in front of bus,person
2332,safety,hazards,person standing in roadway near taxis; wet road surface visible,person
2333,safety,hazards,person standing in roadway near vehicles,person
2334,safety,hazards,person standing near active steam locomotive on tracks,person
2335,safety,hazards,person standing near large vehicle on roadway,person
2336,safety,hazards,person standing on active railway tracks,person
2337,safety,hazards,person standing on car hood,person
2338,safety,hazards,person standing on railroad tracks near a locomotive,person
2339,safety,hazards,person standing on tracks close to train,person
2340,safety,hazards,person walking in roadway near vehicles,person
2341,safety,hazards,pins and scissors on work table,pin
2342,safety,hazards,possible manual handling hazard from large box,box
2343,safety,hazards,pot on stove,pot
2344,safety,hazards,potential slip hazard from wet floor where mopping,floor
2345,safety,hazards,potential trip hazard from pallet jack and stacked boxes on floor,box
2346,safety,hazards,"power tool and airborne wood dust, no visible eye protection",tool
2347,safety,hazards,powered pallet jack present in aisle,jack
2348,safety,hazards,presence of laboratory glassware and liquids on bench,glassware
2349,safety,hazards,raised vehicle and tools on workbench visible,vehicle
2350,safety,hazards,raw fish on cutting board (food safety/cross-contamination),fish
2351,safety,hazards,raw meat on counter (food safety hazard),meat
2352,safety,hazards,raw meat present on prep surface,meat
2353,safety,hazards,raw meat visible in mixing bowl on counter,meat
2354,safety,hazards,"sawdust on bench, exposed woodworking tools",sawdust
2355,safety,hazards,sawdust on work surface; hand tool in use,sawdust
2356,safety,hazards,sawdust on workbench; hand tool in use,sawdust
2357,safety,hazards,scalpel or sharp instrument in use near patient,scalpel
2358,safety,hazards,scattered lumber and construction materials on floor present trip hazards,lumber
2359,safety,hazards,scattered papers and electronic equipment on desk,paper
2360,safety,hazards,sewing machine needle and pins (sharp sewing tools) visible,needle
2361,safety,hazards,sewing machine needle and sharp sewing tools visible,needle
2362,safety,hazards,sewing machine needle and sharp tools present,needle
2363,safety,hazards,sewing machine needle/exposed sharp tools,needle
2364,safety,hazards,sewing machine with exposed needle visible,needle
2365,safety,hazards,sharp blade in use near hands,blade
2366,safety,hazards,sharp cutting tool on table,tool
2367,safety,hazards,sharp cutting tool on table visible,tool
2368,safety,hazards,sharp hand tool and wood debris on work surface,tool
2369,safety,hazards,sharp hand tool being used on countertop in a public aisle,tool
2370,safety,hazards,sharp hand tool in use; wood shavings on work surface; no visible eye protection,tool
2371,safety,hazards,sharp hand tool on work surface,tool
2372,safety,hazards,sharp hand tool; wood shavings/dust on work surface,tool
2373,safety,hazards,sharp hand tools and woodworking machinery visible; no eye protection visible,tool
2374,safety,hazards,sharp hand tools on bench,tool
2375,safety,hazards,sharp knife in use on a cutting board,knife
2376,safety,hazards,sharp knife in use on cutting board,knife
2377,safety,hazards,sharp knife in use on table,knife
2378,safety,hazards,sharp knife in use; hot stove/pots visible,knife
2379,safety,hazards,sharp knife on cutting board,knife
2380,safety,hazards,sharp knife on cutting board visible on counter,knife
2381,safety,hazards,sharp knife on cutting surface,knife
2382,safety,hazards,sharp knife present,knife
2383,safety,hazards,sharp knife visible on cutting board,knife
2384,safety,hazards,sharp knife; hot stove/pot,knife
2385,safety,hazards,sharp knives and hot stove visible,knife
2386,safety,hazards,sharp needle and sewing machine parts visible,needle
2387,safety,hazards,sharp needle and small sewing tools visible,needle
2388,safety,hazards,sharp needles and cluttered workspace,needle
2389,safety,hazards,sharp scalpel and visible blood on tray,scalpel
2390,safety,hazards,sharp scissors and visible pins on worktable,scissors
2391,safety,hazards,sharp scissors on workbench,scissors
2392,safety,hazards,sharp scissors on worktable,scissors
2393,safety,hazards,sharp scissors visible while in use,scissors
2394,safety,hazards,sharp sewing machine needle and machinery visible,needle
2395,safety,hazards,sharp sewing machine needle and moving machine parts visible,needle
2396,safety,hazards,sharp sewing needle and hand tools visible on work surface,needle
2397,safety,hazards,sharp sewing needle and operating sewing machine present,needle
2398,safety,hazards,sharp sewing needle and sewing machine components visible,needle
2399,safety,hazards,sharp sewing needle visible,needle
2400,safety,hazards,sharp sewing tools and pins on the worktable,tool
2401,safety,hazards,sharp surgical instrument visible,instrument
2402,safety,hazards,sharp surgical instruments visible,instrument
2403,safety,hazards,sharp surgical instruments visible; active surgical procedure in progress,instrument
2404,safety,hazards,sharp tools (scissors) on work table,tool
2405,safety,hazards,"sharp tools (scissors), visible sewing needle",tool
2406,safety,hazards,sharp tools and exposed plane blade; wood shavings on work surface,tool
2407,safety,hazards,sharp tools and heavy metal equipment on work surfaces,tool
2408,safety,hazards,sharp tools and needle on table,tool
2409,safety,hazards,"sharp tools and scissors on work surface, cluttered workspace",tool
2410,safety,hazards,sharp tools and sewing needle on work surface,tool
2411,safety,hazards,sharp tools and sewing needle visible on work surface,tool
2412,safety,hazards,sharp tools and sewing needles visible on workbench,tool
2413,safety,hazards,sharp tools and wood dust on work surface,tool
2414,safety,hazards,sharp tools and woodworking equipment present,tool
2415,safety,hazards,sharp tools on bench; no visible eye protection,tool
2416,safety,hazards,sharp tools on workspace,tool
2417,safety,hazards,"sharp tools visible (scissors, needles)",tool
2418,safety,hazards,"sharp tools visible on work surface (scissors, sewing needle)",tool
2419,safety,hazards,sharp tools visible; airborne dust/smoke over work surface,tool
2420,safety,hazards,"sharp tools, sewing needle, powered sewing machine on workbench",tool
2421,safety,hazards,sharp utensils and raw food visible on cutting board,utensil
2422,safety,hazards,sharp_knife; hot_surfaces,knife
2423,safety,hazards,slippery_floor_spill,spill
2424,safety,hazards,smoke and haze visible,smoke
2425,safety,hazards,"smoke coming from washing machine, possible fire hazard",smoke
2426,safety,hazards,smoke; potential inhalation hazard,smoke
2427,safety,hazards,sparks and flying metal particles; no visible eye protection,spark
2428,safety,hazards,sparks and hot metal fragments; exposed cables on floor (trip hazard),spark
2429,safety,hazards,sparks and hot metal from active welding,spark
2430,safety,hazards,sparks and hot metal present,spark
2431,safety,hazards,sparks and hot metal present; risk of burns,spark
2432,safety,hazards,sparks and hot metal visible,spark
2433,safety,hazards,sparks and hot metal visible; burn/fire hazard,spark
2434,safety,hazards,sparks and hot metal; coiled cables on floor creating trip and electrical hazard,spark
2435,safety,hazards,sparks and hot metal; exposed cables on floor creating trip and burn hazards,spark
2436,safety,hazards,sparks and hot metal; visible arc/welding sparks and potential burn/fire hazard,spark
2437,safety,hazards,sparks from grinder near plants,spark
2438,safety,hazards,sparks from welding near vegetation and worker; visible hot sparks and potential burn/fire hazard,spark
2439,safety,hazards,sparks from welding; hot metal and burn risk; workshop environment,spark
2440,safety,hazards,sparks near vegetation and open sparks,spark
2441,safety,hazards,sparks visible; no visible eye protection,spark
2442,safety,hazards,"sparks, open flames, hot metal",spark
2443,safety,hazards,stacked boxes,box
2444,safety,hazards,stacked boxes and open boxes on floor could be trip hazard,box
2445,safety,hazards,stacked boxes on cart near walkway could shift,box
2446,safety,hazards,stacked boxes on high racks,box
2447,safety,hazards,stacked boxes partially blocking walkway,box
2448,safety,hazards,stacked high boxes and a pallet jack present on the floor,box
2449,safety,hazards,stacked planks and handheld power tool on site; uneven ground present,plank
2450,safety,hazards,stacks of heavy material and an open metal container,material
2451,safety,hazards,stage cables on floor; trip hazard,cable
2452,safety,hazards,"stained floor visible, potential slip/cleanliness hazard",floor
2453,safety,hazards,standing close to train tracks,track
2454,safety,hazards,standing in roadway near moving vehicles,vehicle
2455,safety,hazards,steam visible; raw fish and knife on cutting board,steam
2456,safety,hazards,stove and cookware visible on counter,stove
2457,safety,hazards,stove and hard floor near performer; fall or burn risk,stove
2458,safety,hazards,stove top and knives visible,stove
2459,safety,hazards,surgical procedure in progress,procedure
2460,safety,hazards,surgical procedure in progress; sharp instruments and open sterile field visible,procedure
2461,safety,hazards,tall stacked boxes on high racking,box
2462,safety,hazards,tall stacks of paper on shelving,paper
2463,safety,hazards,tangled cables on desk,cable
2464,safety,hazards,tools and bottles on floor creating trip hazard,tool
2465,safety,hazards,tools and cables on floor,tool
2466,safety,hazards,tools and canisters placed on ground creating potential trip hazard,tool
2467,safety,hazards,tools and hoses on floor present trip hazard,tool
2468,safety,hazards,"tools and pipes on ground, exposed plumbing",tool
2469,safety,hazards,tools on floor and confined workspace in small bathroom,tool
2470,safety,hazards,tools on floor and crouched working position near plumbing,tool
2471,safety,hazards,tools on floor creating trip hazard,tool
2472,safety,hazards,tools on floor creating tripping hazard; open cabinet exposing plumbing,tool
2473,safety,hazards,tools on floor presenting tripping hazard,tool
2474,safety,hazards,tools on floor; open cabinet with exposed plumbing,tool
2475,safety,hazards,tractor and agricultural machinery present,tractor
2476,safety,hazards,trip hazard from cables and light stands on floor,cable
2477,safety,hazards,trip hazard from cords and light stands on floor,cord
2478,safety,hazards,trip hazards from cables and light stands/tripods,cable
2479,safety,hazards,tripod and camera equipment positioned near waterfront edge on cobblestones,tripod
2480,safety,hazards,tripod and visible cables,tripod
2481,safety,hazards,tripod legs and cables on floor,tripod
2482,safety,hazards,tripod legs on floor,tripod
2483,safety,hazards,tripod placed in aisle creating a potential obstruction,tripod
2484,safety,hazards,tripods and cables on floor creating potential trip hazard,tripod
2485,safety,hazards,"tripods and light stands on floor present, potential trip hazard",tripod
2486,safety,hazards,uncovered glass vials on work surface,vial
2487,safety,hazards,uneven moss-covered ground,ground
2488,safety,hazards,uneven moss-covered ground; low visibility from mist,ground
2489,safety,hazards,uneven rocky path may be a tripping hazard,path
2490,safety,hazards,unguarded rotating machinery; no eye protection visible,machinery
2491,safety,hazards,unlabeled container of liquid being held,container
2492,safety,hazards,unprotected hands handling chemicals; open glass containers,hand
2493,safety,hazards,vacuum hose across floor may present trip hazard,hose
2494,safety,hazards,vehicle inside store,vehicle
2495,safety,hazards,vehicle_parked_inside_store,vehicle
2496,safety,hazards,vehicles in traffic visible,vehicle
2497,safety,hazards,vehicles nearby,vehicle
2498,safety,hazards,"visible armed combat, explosion, flying debris",combat
2499,safety,hazards,visible armed person with rifle,person
2500,safety,hazards,visible audio cables and equipment on platform,cable
2501,safety,hazards,visible cable clutter on desk,cable
2502,safety,hazards,visible cables and electronic equipment on desk,cable
2503,safety,hazards,visible cables and stage equipment that could be tripping hazards,cable
2504,safety,hazards,visible cables on desk,cable
2505,safety,hazards,visible cables on desk and electronic equipment,cable
2506,safety,hazards,visible cables on floor creating trip hazard,cable
2507,safety,hazards,visible cables on floor creating tripping hazard,cable
2508,safety,hazards,visible cables on floor; bright stage lighting,cable
2509,safety,hazards,visible cables; open cup (spill hazard),cable
2510,safety,hazards,visible duty belt with holster and equipment,belt
2511,safety,hazards,visible firearm,firearm
2512,safety,hazards,visible firearm (rifle) held by person,firearm
2513,safety,hazards,visible firearm and military gear,firearm
2514,safety,hazards,visible firearm being held,firearm
2515,safety,hazards,Visible firearm held by a person inside a public indoor retail space,firearm
2516,safety,hazards,visible firearm held by person,firearm
2517,safety,hazards,visible firearm in public indoor space,firearm
2518,safety,hazards,visible firearm on duty belt,firearm
2519,safety,hazards,visible firearm on hip,firearm
2520,safety,hazards,visible firearm present,firearm
2521,safety,hazards,visible firearm(s) and armored vehicle,firearm
2522,safety,hazards,"visible firearm, damaged building, smoke/dust",firearm
2523,safety,hazards,visible firearm; armed person,firearm
2524,safety,hazards,visible firearm; uneven rocky ground,firearm
2525,safety,hazards,visible glassware and chemical bottles on bench,glassware
2526,safety,hazards,visible glassware and open chemical bottles on work surface,glassware
2527,safety,hazards,visible holster/weapon on officer,holster
2528,safety,hazards,visible holstered firearm,firearm
2529,safety,hazards,visible holstered firearm on belt,firearm
2530,safety,hazards,visible holstered firearm on officer's duty belt,firearm
2531,safety,hazards,visible holstered firearm on officer; potential weapon on scene,firearm
2532,safety,hazards,visible holstered firearm on person,firearm
2533,safety,hazards,visible holstered firearm on person's belt,firearm
2534,safety,hazards,"visible hot metal and sparks, open flame and workshop smoke",metal
2535,safety,hazards,visible hot sparks and molten metal from welding,metal
2536,safety,hazards,visible kitchen knife on counter,knife
2537,safety,hazards,visible knife on cutting board,knife
2538,safety,hazards,visible loose cables on desk,cable
2539,safety,hazards,visible railway tracks and moving steam train near person,railway_track
2540,safety,hazards,"visible sharp objects (pins, sewing needle) and sewing machine; potential entanglement with fabric",object
2541,safety,hazards,visible soap suds and wet surfaces that could be slippery,surface
2542,safety,hazards,"visible sparks and electrical equipment, exposed wiring",spark
2543,safety,hazards,visible sparks from metal grinding,spark
2544,safety,hazards,visible stage cable on floor,cable
2545,safety,hazards,visible welding sparks and bright arc; hot metal and burn risk,spark
2546,safety,hazards,visible welding sparks and hot metal (burn/eye risk),spark
2547,safety,hazards,visible welding sparks and hot metal; risk of burns and fire,spark
2548,safety,hazards,welding sparks and active welding equipment near plants and electrical cables,spark
2549,safety,hazards,welding sparks and hot work visible; potential burn/eye hazard,spark
2550,safety,hazards,welding sparks visible near dry plants and foliage,spark
2551,safety,hazards,welding sparks visible near plant material,spark
2552,safety,hazards,"wet-looking floor spots near cart, possible slippery floor",floor
2553,safety,hazards,wet conditions (rain),condition
2554,safety,hazards,wet floor,floor
2555,safety,hazards,wet floor (visible reflection) — slip hazard,floor
2556,safety,hazards,wet floor / slip hazard visible (mop and bucket),floor
2557,safety,hazards,wet floor / slip risk,floor
2558,safety,hazards,wet floor / slippery surface visible,floor
2559,safety,hazards,wet floor and cleaning equipment presenting slip hazard,floor
2560,safety,hazards,wet floor and mop bucket present in aisle,floor
2561,safety,hazards,wet floor cleaning machine in use (possible slippery surface),floor
2562,safety,hazards,wet floor from mopping,floor
2563,safety,hazards,"wet floor from mopping, potential slip hazard",floor
2564,safety,hazards,wet floor slip hazard,floor
2565,safety,hazards,wet floor slip hazard indicated by caution sign,floor
2566,safety,hazards,wet floor slip risk,floor
2567,safety,hazards,wet floor visible (mop and caution sign),floor
2568,safety,hazards,wet floor visible from mopping,floor
2569,safety,hazards,wet floor warning sign present,floor
2570,safety,hazards,wet foliage and dense undergrowth visible,foliage
2571,safety,hazards,"wet or recently cleaned floor, potential slip hazard",floor
2572,safety,hazards,wet pavement,pavement
2573,safety,hazards,wet road and moving traffic visible,road
2574,safety,hazards,wet rocks and uneven terrain near stream,rock
2575,safety,hazards,wet surface and open irrigation pit,surface
2576,safety,hazards,wet surface and spilled powder on countertop (slip risk),surface
2577,safety,hazards,wet surfaces and soap on countertop,surface
2578,safety,hazards,wet_surface,surface
2579,safety,hazards,wood dust on work surface; scattered wood pieces; tools and sharp objects visible on shelving,dust
2580,safety,hazards,wood shavings and dust on work surface,shaving
2581,safety,hazards,wood shavings and dust on work surface; exposed sharp tools,shaving
2582,safety,hazards,wood shavings and hand tools on workbench,shaving
2583,people,head_covering_present,no,no
2584,people,head_covering_present,yes,yes
2585,people,head_covering_type,beanie,beanie
2586,people,head_covering_type,hairnet,hairnet
2587,people,head_covering_type,hat,hat
2588,people,head_covering_type,headband,headband
2589,people,head_covering_type,helmet,helmet
2590,people,head_covering_type,hijab,hijab
2591,people,head_covering_type,hood,hood
2592,people,head_covering_type,turban,turban
2593,people,head_covering_type,veil,veil
2594,objects,items,acoustic guitar,guitar
2595,objects,items,air cylinder,cylinder
2596,objects,items,air_filter,filter
2597,objects,items,air_tank,tank
2598,objects,items,airplane seat,seat
2599,objects,items,aisle shelves,shelf
2600,objects,items,aisle sign,sign
2601,objects,items,aisle signage,sign
2602,objects,items,ambu bag,bag
2603,objects,items,ambulance seat,seat
2604,objects,items,ambulance_doors,door
2605,objects,items,amplifier,amplifier
2606,objects,items,angle grinder,grinder
2607,objects,items,anvil,anvil
2608,objects,items,apple baskets,basket
2609,objects,items,apple trees,tree
2610,objects,items,apples,apple
2611,objects,items,arched columns,column
2612,objects,items,arched doorway,doorway
2613,objects,items,archway,arch
2614,objects,items,armchair,armchair
2615,objects,items,armored vehicle,vehicle
2616,objects,items,assault rifle,rifle
2617,objects,items,assembly machine,machine
2618,objects,items,athletic track,track
2619,objects,items,audio mixer,mixer
2620,objects,items,auditorium seats,seat
2621,objects,items,awning/sign,awning/sign
2622,objects,items,backpack,backpack
2623,objects,items,backpack sprayer,sprayer
2624,objects,items,badge,badge
2625,objects,items,bag,bag
2626,objects,items,bag of chips,bag
2627,objects,items,bagged bread,bread
2628,objects,items,baking tray,tray
2629,objects,items,baking_sheet,sheet
2630,objects,items,balcony,balcony
2631,objects,items,ball,ball
2632,objects,items,bananas,banana
2633,objects,items,banknote,banknote
2634,objects,items,banquette,banquette
2635,objects,items,bar counter,counter
2636,objects,items,bar stool,stool
2637,objects,items,barber chair,chair
2638,objects,items,barn,barn
2639,objects,items,basket,basket
2640,objects,items,basket of oranges,basket
2641,objects,items,baskets,basket
2642,objects,items,bathtub,bathtub
2643,objects,items,battery pack,battery
2644,objects,items,beaker,beaker
2645,objects,items,bedside lamp,lamp
2646,objects,items,beer_taps,tap
2647,objects,items,bell pepper,bell_pepper
2648,objects,items,bell peppers,bell_pepper
2649,objects,items,bell_peppers,bell_pepper
2650,objects,items,bench,bench
2651,objects,items,bench vise,vise
2652,objects,items,benches,bench
2653,objects,items,binder,binder
2654,objects,items,blackboard,blackboard
2655,objects,items,blade,blade
2656,objects,items,blanket,blanket
2657,objects,items,bleachers,bleacher
2658,objects,items,blood collection tube,tube
2659,objects,items,blueprint,blueprint
2660,objects,items,blueprints,blueprint
2661,objects,items,body_armor,armor
2662,objects,items,book,book
2663,objects,items,books,book
2664,objects,items,bookshelf,bookshelve
2665,objects,items,bookshelves,bookshelve
2666,objects,items,booth seating,seating
2667,objects,items,bottle,bottle
2668,objects,items,bottles,bottle
2669,objects,items,bouquet,bouquet
2670,objects,items,bowl,bowl
2671,objects,items,bowl of eggs,bowl
2672,objects,items,bowl of oranges,bowl
2673,objects,items,bowl of tomatoes,bowl
2674,objects,items,boxes,box
2675,objects,items,bread,bread
2676,objects,items,bread loaves,bread
2677,objects,items,bread rack,rack
2678,objects,items,bread roll,bread
2679,objects,items,brick building,building
2680,objects,items,brick buildings with clock tower,building
2681,objects,items,brick pathway,pathway
2682,objects,items,brick wall,wall
2683,objects,items,briefcase,briefcase
2684,objects,items,broccoli,broccoli
2685,objects,items,brochure,brochure
2686,objects,items,bucket,bucket
2687,objects,items,building,building
2688,objects,items,building entrance,entrance
2689,objects,items,building facade,facade
2690,objects,items,building framework,framework
2691,objects,items,building scaffolding,scaffold
2692,objects,items,buildings,building
2693,objects,items,bulldozer,bulldozer
2694,objects,items,bumper,bumper
2695,objects,items,burette,burette
2696,objects,items,burning building,building
2697,objects,items,bus,bus
2698,objects,items,bush,bush
2699,objects,items,bushes,bush
2700,objects,items,cabbage,cabbage
2701,objects,items,cabinets,cabinet
2702,objects,items,cables,cable
2703,objects,items,calculator,calculator
2704,objects,items,camera,camera
2705,objects,items,candle,candle
2706,objects,items,candlestick,candlestick
2707,objects,items,canned_goods,can
2708,objects,items,cap,cap
2709,objects,items,car,car
2710,objects,items,car engine,engine
2711,objects,items,car hood,hood
2712,objects,items,card reader,reader
2713,objects,items,card terminal,terminal
2714,objects,items,cardboard box,box
2715,objects,items,cardboard boxes,box
2716,objects,items,cardboard_box,box
2717,objects,items,carriage,carriage
2718,objects,items,carrots,carrot
2719,objects,items,cart,cart
2720,objects,items,cash register,register
2721,objects,items,ceiling light fixture,fixture
2722,objects,items,ceiling lights,light
2723,objects,items,ceramic vase,vase
2724,objects,items,cervical collar,collar
2725,objects,items,chair,chair
2726,objects,items,chairs,chair
2727,objects,items,chalkboard,chalkboard
2728,objects,items,chandelier,chandelier
2729,objects,items,checkout counter,counter
2730,objects,items,checkout monitor,screen
2731,objects,items,chisel,chisel
2732,objects,items,chuck,chuck
2733,objects,items,cinema camera,camera
2734,objects,items,circuit breakers,breaker
2735,objects,items,city buildings,building
2736,objects,items,civilian car,car
2737,objects,items,clamp,clamp
2738,objects,items,clay_sculpture,sculpture
2739,objects,items,clipboard,clipboard
2740,objects,items,clock,clock
2741,objects,items,clothing rack,rack
2742,objects,items,cobblestone street,street
2743,objects,items,cocktail coupe,glass
2744,objects,items,cocktail glass,glass
2745,objects,items,cocktail shaker,shaker
2746,objects,items,coffee brewer,brewer
2747,objects,items,coffee carafe,carafe
2748,objects,items,coffee cup,cup
2749,objects,items,coffee grinder,grinder
2750,objects,items,coffee machine,machine
2751,objects,items,coffee maker,maker
2752,objects,items,coffee mug,mug
2753,objects,items,coffee table,table
2754,objects,items,coffee_cup,cup
2755,objects,items,column,column
2756,objects,items,columns,column
2757,objects,items,comb,comb
2758,objects,items,computer monitor,screen
2759,objects,items,computer monitors,screen
2760,objects,items,computer mouse,mouse
2761,objects,items,computer_monitor,screen
2762,objects,items,concrete bench,bench
2763,objects,items,concrete pipe,pipe
2764,objects,items,concrete_structure,structure
2765,objects,items,cone,cone
2766,objects,items,conference chairs,chair
2767,objects,items,conference table,table
2768,objects,items,conference_table,table
2769,objects,items,control panel,panel
2770,objects,items,control yoke,yoke
2771,objects,items,control_console,console
2772,objects,items,control_panel,panel
2773,objects,items,conveyor,conveyor
2774,objects,items,conveyor belt,belt
2775,objects,items,conveyor system,system
2776,objects,items,cookie_tray,tray
2777,objects,items,cookies,cooky
2778,objects,items,cooling rack,rack
2779,objects,items,couch,couch
2780,objects,items,counter,counter
2781,objects,items,countertop,countertop
2782,objects,items,crankshaft,crankshaft
2783,objects,items,crate,crate
2784,objects,items,crate of tomatoes,crate
2785,objects,items,crop rows,row
2786,objects,items,crossbody bag,bag
2787,objects,items,crosswalk,crosswalk
2788,objects,items,crosswalk markings,marking
2789,objects,items,cup,cup
2790,objects,items,curtain,curtain
2791,objects,items,cutting board,board
2792,objects,items,cutting torch,torch
2793,objects,items,cylindrical tank,tank
2794,objects,items,decanter,decanter
2795,objects,items,dental chair,chair
2796,objects,items,dental handpieces,handpiece
2797,objects,items,dental lamp,lamp
2798,objects,items,dental light,light
2799,objects,items,dental monitor,screen
2800,objects,items,dental tray,tray
2801,objects,items,desk,desk
2802,objects,items,desk lamp,lamp
2803,objects,items,desk phone,phone
2804,objects,items,desk_lamp,lamp
2805,objects,items,desk_telephone,telephone
2806,objects,items,desktop monitor,screen
2807,objects,items,digital_display,display
2808,objects,items,dining table,table
2809,objects,items,dirt pile,pile
2810,objects,items,dishwasher,dishwasher
2811,objects,items,display counter,counter
2812,objects,items,display rack,rack
2813,objects,items,display screens,screen
2814,objects,items,display shelves,shelf
2815,objects,items,display table,table
2816,objects,items,display_case,case
2817,objects,items,display_screen,screen
2818,objects,items,display_shelf,shelf
2819,objects,items,distillation apparatus,apparatus
2820,objects,items,document,document
2821,objects,items,documents,document
2822,objects,items,dog,dog
2823,objects,items,dolly,dolly
2824,objects,items,dome building,building
2825,objects,items,door,door
2826,objects,items,double-decker bus,bus
2827,objects,items,dough,dough
2828,objects,items,dough balls,dough
2829,objects,items,dough rounds,dough
2830,objects,items,drawing paper,paper
2831,objects,items,dress,dress
2832,objects,items,dress form,form
2833,objects,items,drill,drill
2834,objects,items,drill_press,press
2835,objects,items,drink,drink
2836,objects,items,drink glass,glass
2837,objects,items,drink tray,tray
2838,objects,items,drum kit,drum
2839,objects,items,drum_set,drum
2840,objects,items,duct,duct
2841,objects,items,duffel bag,bag
2842,objects,items,electric guitar,guitar
2843,objects,items,electric kettle,kettle
2844,objects,items,electrical panel,panel
2845,objects,items,electrical_box,box
2846,objects,items,engine,engine
2847,objects,items,equipment box,box
2848,objects,items,equipment rack,rack
2849,objects,items,Erlenmeyer flask,flask
2850,objects,items,espresso machine,machine
2851,objects,items,exam light,light
2852,objects,items,examination bed,bed
2853,objects,items,examination table,table
2854,objects,items,examination_chair,chair
2855,objects,items,excavator,excavator
2856,objects,items,extinguisher_tank,tank
2857,objects,items,eyeglass frames,frame
2858,objects,items,eyeglasses,eyeglass
2859,objects,items,fabric,fabric
2860,objects,items,fabric bolts,bolt
2861,objects,items,fabric samples,sample
2862,objects,items,fabric stacks,stack
2863,objects,items,faucet,faucet
2864,objects,items,fence,fence
2865,objects,items,field_marker,marker
2866,objects,items,file binders,binder
2867,objects,items,film camera,camera
2868,objects,items,fire,fire
2869,objects,items,fire hose,hose
2870,objects,items,fireplace,fireplace
2871,objects,items,flag,flag
2872,objects,items,flames,flame
2873,objects,items,flask,flask
2874,objects,items,flasks,flask
2875,objects,items,flexible duct,duct
2876,objects,items,flip chart,chart
2877,objects,items,flip_chart,chart
2878,objects,items,floodlight pole,pole
2879,objects,items,floor drain,drain
2880,objects,items,floor lamp,lamp
2881,objects,items,floor_lamp,lamp
2882,objects,items,floral arch,arch
2883,objects,items,floral arrangement,arrangement
2884,objects,items,flower arrangement,arrangement
2885,objects,items,flower bed,bed
2886,objects,items,flower beds,bed
2887,objects,items,flower plants,plant
2888,objects,items,flower pot,pot
2889,objects,items,flower pots,pot
2890,objects,items,flower_pots,pot
2891,objects,items,flowerbed,flowerbed
2892,objects,items,flowering shrub,shrub
2893,objects,items,flowers,flower
2894,objects,items,flowing water,water
2895,objects,items,fluorescent ceiling lights,light
2896,objects,items,fluorescent light,light
2897,objects,items,folder,folder
2898,objects,items,football,football
2899,objects,items,forge,forge
2900,objects,items,forklift,forklift
2901,objects,items,fountain,fountain
2902,objects,items,fountain basin,basin
2903,objects,items,French press,press
2904,objects,items,fruit,fruit
2905,objects,items,fruit (produce),fruit
2906,objects,items,fruit basket,basket
2907,objects,items,fruit crates,crate
2908,objects,items,fruit display,display
2909,objects,items,fruits,fruit
2910,objects,items,fruits and vegetables,fruit
2911,objects,items,frying pan,pan
2912,objects,items,furrow,furrow
2913,objects,items,garden bed,bed
2914,objects,items,garden bench,bench
2915,objects,items,garden cart,cart
2916,objects,items,garden fixture,fixture
2917,objects,items,garden fork,fork
2918,objects,items,garden hose,hose
2919,objects,items,garden hose/nozzle,hose
2920,objects,items,garden shelf,shelf
2921,objects,items,garden shrubs,shrub
2922,objects,items,garden soil,soil
2923,objects,items,garden trowel,trowel
2924,objects,items,garden_sprayer,sprayer
2925,objects,items,garnish glass,glass
2926,objects,items,gas_stove,stove
2927,objects,items,gavel,gavel
2928,objects,items,glass,glass
2929,objects,items,glass beakers,beaker
2930,objects,items,glass bottles,bottle
2931,objects,items,glass carafe,carafe
2932,objects,items,glass coffee table,table
2933,objects,items,glass door,door
2934,objects,items,glass flask,flask
2935,objects,items,glass flasks,flask
2936,objects,items,glass jars,jar
2937,objects,items,glass tubing,tubing
2938,objects,items,glass_cup,cup
2939,objects,items,glasses,glasses
2940,objects,items,glasses frame,frame
2941,objects,items,glassware,glassware
2942,objects,items,gloves,glove
2943,objects,items,goal frame,frame
2944,objects,items,goal/net,goal
2945,objects,items,goalpost,goalpost
2946,objects,items,goblet,goblet
2947,objects,items,golf ball,ball
2948,objects,items,golf club,club
2949,objects,items,graduated cylinder,cylinder
2950,objects,items,green apples,apple
2951,objects,items,green drum,drum
2952,objects,items,green plants,plant
2953,objects,items,griddle,griddle
2954,objects,items,grinder,grinder
2955,objects,items,grocery packages,package
2956,objects,items,grocery products,product
2957,objects,items,grocery shelf,shelf
2958,objects,items,grocery shelves,shelf
2959,objects,items,grocery shelving,shelving
2960,objects,items,grocery_bag,bag
2961,objects,items,grocery_shelves,shelf
2962,objects,items,grow lights,light
2963,objects,items,guitar,guitar
2964,objects,items,hair dryer,dryer
2965,objects,items,hair product bottles,bottle
2966,objects,items,hair products,product
2967,objects,items,hammer,hammer
2968,objects,items,hand basket,basket
2969,objects,items,hand plane,plane
2970,objects,items,hand trowel,trowel
2971,objects,items,hand truck,truck
2972,objects,items,hand_tools,tool
2973,objects,items,handbag,handbag
2974,objects,items,handgun,handgun
2975,objects,items,handheld basket,basket
2976,objects,items,handheld scanner,scanner
2977,objects,items,handheld_power_tool,tool
2978,objects,items,handheld_scanner,scanner
2979,objects,items,handwheel,handwheel
2980,objects,items,hanging fabric panels,panel
2981,objects,items,hanging lamp,lamp
2982,objects,items,hanging light,light
2983,objects,items,hanging pans,pan
2984,objects,items,hanging plant,plant
2985,objects,items,hanging pot,pot
2986,objects,items,hanging_lamp,lamp
2987,objects,items,hard hat,hat
2988,objects,items,hat,hat
2989,objects,items,head of lettuce,lettuce
2990,objects,items,headlight,headlight
2991,objects,items,headphones,headphone
2992,objects,items,headset,headset
2993,objects,items,hedge,hedge
2994,objects,items,helmet,helmet
2995,objects,items,horse,horse
2996,objects,items,hose,hose
2997,objects,items,hose cart,cart
2998,objects,items,hose/watering wand,hose
2999,objects,items,hospital bed,bed
3000,objects,items,industrial machine,machine
3001,objects,items,information sign,sign
3002,objects,items,instrument display,display
3003,objects,items,instrument gauges,gauge
3004,objects,items,instrument panel,panel
3005,objects,items,instrument screens,screen
3006,objects,items,instrument tray,tray
3007,objects,items,iron,iron
3008,objects,items,IV pole,pole
3009,objects,items,IV pole with infusion pump,pole
3010,objects,items,IV stand,stand
3011,objects,items,jar,jar
3012,objects,items,jars,jar
3013,objects,items,judge bench,bench
3014,objects,items,juice bottles,bottle
3015,objects,items,junction box,box
3016,objects,items,keyboard,keyboard
3017,objects,items,kitchen counter,counter
3018,objects,items,kitchen scale,scale
3019,objects,items,kitchen_utensils,utensil
3020,objects,items,knife,knife
3021,objects,items,knives,knive
3022,objects,items,lab bench,bench
3023,objects,items,lab clamp rack,rack
3024,objects,items,lab glassware,glassware
3025,objects,items,lab notebook,notebook
3026,objects,items,laboratory bench,bench
3027,objects,items,lacrosse stick,stick
3028,objects,items,ladder,ladder
3029,objects,items,lamp,lamp
3030,objects,items,lamp post,lamp
3031,objects,items,lamp_post,lamp
3032,objects,items,lamppost,lamppost
3033,objects,items,laptop,laptop
3034,objects,items,laptop_keyboard,keyboard
3035,objects,items,large leaves,leaf
3036,objects,items,large pipe,pipe
3037,objects,items,large windows,window
3038,objects,items,large_pot,pot
3039,objects,items,laser level,level
3040,objects,items,lathe,lathe
3041,objects,items,lathe chuck,chuck
3042,objects,items,law book,book
3043,objects,items,leaf,leaf
3044,objects,items,leafy greens,greens
3045,objects,items,leash,leash
3046,objects,items,lectern,lectern
3047,objects,items,ledger,ledger
3048,objects,items,lemons,lemon
3049,objects,items,lettuce,lettuce
3050,objects,items,levers,lever
3051,objects,items,light,light
3052,objects,items,light fixture,fixture
3053,objects,items,lighting stand,stand
3054,objects,items,liquor bottles,bottle
3055,objects,items,loaf of bread,loaf
3056,objects,items,loaf_of_bread,loaf
3057,objects,items,loaves,loave
3058,objects,items,locomotive,locomotive
3059,objects,items,lumber,lumber
3060,objects,items,machine,machine
3061,objects,items,machinery,machinery
3062,objects,items,mailbox,mailbox
3063,objects,items,mallet,mallet
3064,objects,items,mannequin,mannequin
3065,objects,items,map,map
3066,objects,items,marble pillar,pillar
3067,objects,items,mechanical parts,part
3068,objects,items,medical bag,bag
3069,objects,items,medical bed,bed
3070,objects,items,medical cabinet,cabinet
3071,objects,items,medical cabinet/cart,cart
3072,objects,items,medical lamp,lamp
3073,objects,items,medical monitor,screen
3074,objects,items,medical shelving,shelving
3075,objects,items,medical supplies,supply
3076,objects,items,medical_bottles,bottle
3077,objects,items,medical_cart,cart
3078,objects,items,medical_monitor,screen
3079,objects,items,medicine bottles,bottle
3080,objects,items,medicine shelves,shelf
3081,objects,items,melon,melon
3082,objects,items,melons,melon
3083,objects,items,menu,menu
3084,objects,items,menu folder,folder
3085,objects,items,metal beam,beam
3086,objects,items,metal canister,canister
3087,objects,items,metal chuck,chuck
3088,objects,items,metal gate,gate
3089,objects,items,metal lathe,lathe
3090,objects,items,metal milk jug,jug
3091,objects,items,metal milk pitcher,pitcher
3092,objects,items,metal mixing bowl,bowl
3093,objects,items,metal parts,part
3094,objects,items,metal pipe,pipe
3095,objects,items,metal pipes,pipe
3096,objects,items,metal plate,plate
3097,objects,items,metal probe,probe
3098,objects,items,metal rack,rack
3099,objects,items,metal rod,rod
3100,objects,items,metal rollers,roller
3101,objects,items,metal sheet,sheet
3102,objects,items,metal shelf,shelf
3103,objects,items,metal shelving,shelving
3104,objects,items,metal table,table
3105,objects,items,metal tray,tray
3106,objects,items,metal vertical grille,grille
3107,objects,items,metal workpiece,workpiece
3108,objects,items,metal worktable,table
3109,objects,items,metal_container,container
3110,objects,items,metal_workpiece,workpiece
3111,objects,items,microphone,microphone
3112,objects,items,microphone stand,stand
3113,objects,items,microscope,microscope
3114,objects,items,mirror,mirror
3115,objects,items,mixing bowl,bowl
3116,objects,items,mixing console,console
3117,objects,items,mixing glass,glass
3118,objects,items,monitor,monitor
3119,objects,items,monitor_screen,screen
3120,objects,items,mop,mop
3121,objects,items,mossy log,log
3122,objects,items,mouse,mouse
3123,objects,items,movie camera,camera
3124,objects,items,mug,mug
3125,objects,items,multimeter,multimeter
3126,objects,items,navigation display,display
3127,objects,items,neon sign,sign
3128,objects,items,newspaper,newspaper
3129,objects,items,notebook,notebook
3130,objects,items,notebook_paper,paper
3131,objects,items,office chair,chair
3132,objects,items,office chairs,chair
3133,objects,items,office_chair,chair
3134,objects,items,ointment jar,jar
3135,objects,items,onions,onion
3136,objects,items,open book,book
3137,objects,items,open shelves,shelf
3138,objects,items,operating table,table
3139,objects,items,orange,orange
3140,objects,items,orange bucket,bucket
3141,objects,items,orange cone,cone
3142,objects,items,oranges,orange
3143,objects,items,outdoor table,table
3144,objects,items,oven,oven
3145,objects,items,overhead bin,bin
3146,objects,items,overhead dental light,light
3147,objects,items,overhead fluorescent lights,light
3148,objects,items,overhead lamp,lamp
3149,objects,items,overhead lamps,lamp
3150,objects,items,overhead light,light
3151,objects,items,overhead lights,light
3152,objects,items,overhead medical monitor,monitor
3153,objects,items,overhead sign,sign
3154,objects,items,overhead_exam_light,light
3155,objects,items,overhead_lamp,lamp
3156,objects,items,oxygen mask,mask
3157,objects,items,oxygen_mask,mask
3158,objects,items,packaged food,food
3159,objects,items,packaged food items,food
3160,objects,items,packaged goods,goods
3161,objects,items,packaged goods shelves,shelf
3162,objects,items,packaged groceries,groceries
3163,objects,items,packaged pastries,pastry
3164,objects,items,packaged produce,produce
3165,objects,items,packaged products,product
3166,objects,items,packaged_food,food
3167,objects,items,packaged_goods,goods
3168,objects,items,packaged_groceries,groceries
3169,objects,items,packaged_produce,produce
3170,objects,items,packages,package
3171,objects,items,pallet jack,jack
3172,objects,items,pallet racking,racking
3173,objects,items,pallets,pallet
3174,objects,items,pan,pan
3175,objects,items,paper,paper
3176,objects,items,paper bag,bag
3177,objects,items,paper document,document
3178,objects,items,paper documents,document
3179,objects,items,paper drawings,drawing
3180,objects,items,paper stacks,stack
3181,objects,items,paper_bag,bag
3182,objects,items,paper_documents,document
3183,objects,items,paper_shopping_bag,bag
3184,objects,items,paper_stack,stack
3185,objects,items,papers,paper
3186,objects,items,parchment_paper,paper
3187,objects,items,park bench,bench
3188,objects,items,park chair,chair
3189,objects,items,park umbrella,umbrella
3190,objects,items,passenger carriage,carriage
3191,objects,items,path,path
3192,objects,items,pathway,pathway
3193,objects,items,patio tiles,tile
3194,objects,items,patio umbrella,umbrella
3195,objects,items,paved path,path
3196,objects,items,paved walkway,walkway
3197,objects,items,paved_path,path
3198,objects,items,payment terminal,terminal
3199,objects,items,pears,pear
3200,objects,items,pen,pen
3201,objects,items,pen cup,cup
3202,objects,items,pencil,pencil
3203,objects,items,pencil cup,cup
3204,objects,items,pencil holder,holder
3205,objects,items,pendant lamp,lamp
3206,objects,items,pendant light,light
3207,objects,items,pendant_lamp,lamp
3208,objects,items,piano,piano
3209,objects,items,pickup truck,truck
3210,objects,items,picnic_table,table
3211,objects,items,pile of sand,pile
3212,objects,items,pill bottle,bottle
3213,objects,items,pillow,pillow
3214,objects,items,pink flowering plants,plant
3215,objects,items,pipe,pipe
3216,objects,items,pipe wrench,wrench
3217,objects,items,pipeline,pipeline
3218,objects,items,pipes,pipe
3219,objects,items,pipette,pipette
3220,objects,items,piping,piping
3221,objects,items,pistol holster,holster
3222,objects,items,pitcher of juice,pitcher
3223,objects,items,plant,plant
3224,objects,items,plant bench,bench
3225,objects,items,plant pot,pot
3226,objects,items,plant pots,pot
3227,objects,items,plant shelf,shelf
3228,objects,items,plant trays,tray
3229,objects,items,planter,planter
3230,objects,items,planter bed,bed
3231,objects,items,planter box,box
3232,objects,items,planter pots,pot
3233,objects,items,planter table,table
3234,objects,items,plants,plant
3235,objects,items,plastic container,container
3236,objects,items,plastic pipette,pipette
3237,objects,items,plastic trays,tray
3238,objects,items,plastic_bag,bag
3239,objects,items,plate,plate
3240,objects,items,platform,platform
3241,objects,items,platform_column,column
3242,objects,items,pliers,plier
3243,objects,items,plowed field,field
3244,objects,items,plowed furrows,furrow
3245,objects,items,plumbing pump,pump
3246,objects,items,plywood sheet,sheet
3247,objects,items,podium,podium
3248,objects,items,pole,pole
3249,objects,items,police car,car
3250,objects,items,police pickup truck,truck
3251,objects,items,police SUV,suv
3252,objects,items,police SUV/truck,vehicle
3253,objects,items,police vehicle,vehicle
3254,objects,items,pond,pond
3255,objects,items,portafilter,portafilter
3256,objects,items,pot,pot
3257,objects,items,pot tray,tray
3258,objects,items,potted fern,plant
3259,objects,items,potted flowering plant,plant
3260,objects,items,potted herb,plant
3261,objects,items,potted plant,plant
3262,objects,items,potted plants,plant
3263,objects,items,potted tree,tree
3264,objects,items,potted_plant,plant
3265,objects,items,potting table,table
3266,objects,items,pour-over coffee maker,coffee
3267,objects,items,prepackaged produce,produce
3268,objects,items,prescription bottles,bottle
3269,objects,items,printed charts,chart
3270,objects,items,produce,produce
3271,objects,items,produce (fruits and vegetables),produce
3272,objects,items,produce (fruits),produce
3273,objects,items,produce (fruits/vegetables),produce
3274,objects,items,produce (oranges),produce
3275,objects,items,produce (peppers),produce
3276,objects,items,produce (vegetables),produce
3277,objects,items,produce basket,basket
3278,objects,items,produce baskets,basket
3279,objects,items,produce bins,bin
3280,objects,items,produce counter,counter
3281,objects,items,produce crate,crate
3282,objects,items,produce display,display
3283,objects,items,produce display shelves,shelf
3284,objects,items,produce packages,package
3285,objects,items,produce shelf,shelf
3286,objects,items,produce shelves,shelf
3287,objects,items,produce shelving,shelving
3288,objects,items,produce tray,tray
3289,objects,items,produce_bin,bin
3290,objects,items,produce_shelf,shelf
3291,objects,items,product box,box
3292,objects,items,projector screen,screen
3293,objects,items,projector_screen,screen
3294,objects,items,proscenium arch,arch
3295,objects,items,pump,pump
3296,objects,items,pumpkins,pumpkin
3297,objects,items,racking,racking
3298,objects,items,radio,radio
3299,objects,items,rail tracks,track
3300,objects,items,railing,railing
3301,objects,items,railroad track,track
3302,objects,items,raised garden bed,bed
3303,objects,items,raised planter,planter
3304,objects,items,raised_planter,planter
3305,objects,items,range hood,hood
3306,objects,items,reactor,reactor
3307,objects,items,reagent bottles,bottle
3308,objects,items,receipt,receipt
3309,objects,items,receipt printer,printer
3310,objects,items,reception desk,desk
3311,objects,items,red bag,bag
3312,objects,items,red box,box
3313,objects,items,red bucket,bucket
3314,objects,items,red rug,rug
3315,objects,items,red shopping basket,basket
3316,objects,items,reflector,reflector
3317,objects,items,refrigerated display,display
3318,objects,items,refrigerated display case,case
3319,objects,items,refrigerated shelf,shelf
3320,objects,items,refrigerated shelves,shelf
3321,objects,items,refrigerator,refrigerator
3322,objects,items,refrigerator case,case
3323,objects,items,register,register
3324,objects,items,retractable_dog_leash,leash
3325,objects,items,reusable bag,bag
3326,objects,items,reusable shopping bag,bag
3327,objects,items,revolving door,door
3328,objects,items,rifle,rifle
3329,objects,items,road,road
3330,objects,items,road sign,sign
3331,objects,items,roasting pan,pan
3332,objects,items,robotic_arm,arm
3333,objects,items,rolling pin,pin
3334,objects,items,rolling shopping basket,basket
3335,objects,items,rolling suitcase,suitcase
3336,objects,items,rolling_suitcase,suitcase
3337,objects,items,round-bottom flasks,flask
3338,objects,items,round table,table
3339,objects,items,row of seedlings,seedling
3340,objects,items,rug,rug
3341,objects,items,ruler,ruler
3342,objects,items,running track,track
3343,objects,items,saddle,saddle
3344,objects,items,salon chair,chair
3345,objects,items,salt_and_pepper_shakers,shaker
3346,objects,items,sample container,container
3347,objects,items,sample tray,tray
3348,objects,items,sand mound,mound
3349,objects,items,sand pile,pile
3350,objects,items,sandbag barrier,sandbag
3351,objects,items,saucepan,saucepan
3352,objects,items,scaffolding,scaffold
3353,objects,items,scale,scale
3354,objects,items,SCBA tank,tank
3355,objects,items,scissors,scissors
3356,objects,items,scoop,scoop
3357,objects,items,scooter,scooter
3358,objects,items,screed board,board
3359,objects,items,screwdriver,screwdriver
3360,objects,items,sculpture,sculpture
3361,objects,items,seats,seat
3362,objects,items,seedling,seedling
3363,objects,items,semi-truck,truck
3364,objects,items,server rack,rack
3365,objects,items,service cart,cart
3366,objects,items,serving tray,tray
3367,objects,items,sewing machine,machine
3368,objects,items,shelf,shelf
3369,objects,items,shelf lights,light
3370,objects,items,shelves,shelve
3371,objects,items,shelving,shelving
3372,objects,items,shelving racks,rack
3373,objects,items,shipping container,container
3374,objects,items,shoes,shoe
3375,objects,items,shopping bag,bag
3376,objects,items,shopping basket,basket
3377,objects,items,shopping cart,cart
3378,objects,items,shopping tote,tote
3379,objects,items,shopping_bag,bag
3380,objects,items,shopping_bags,bag
3381,objects,items,shopping_basket,basket
3382,objects,items,shoulder bag,bag
3383,objects,items,shovel,shovel
3384,objects,items,sideboard,sideboard
3385,objects,items,sidewalk,sidewalk
3386,objects,items,signpost,signpost
3387,objects,items,sink,sink
3388,objects,items,skyscraper,skyscraper
3389,objects,items,small plastic container,container
3390,objects,items,smartphone,smartphone
3391,objects,items,sofa,sofa
3392,objects,items,softbox,softbox
3393,objects,items,softbox light,light
3394,objects,items,soil,soil
3395,objects,items,soil clump,clump
3396,objects,items,soil_bed,bed
3397,objects,items,soil_clod,clod
3398,objects,items,soil_rows,row
3399,objects,items,spatula,spatula
3400,objects,items,spirit level,level
3401,objects,items,sports field,field
3402,objects,items,spotlights,spotlight
3403,objects,items,spray bottle,bottle
3404,objects,items,sprayer nozzle,nozzle
3405,objects,items,spreader,spreader
3406,objects,items,sprinkler,sprinkler
3407,objects,items,stack of books,stack
3408,objects,items,stack of lumber,stack
3409,objects,items,stack of papers,paper
3410,objects,items,stack of papers/files,file
3411,objects,items,stack_of_papers,paper
3412,objects,items,stage,stage
3413,objects,items,stage lights,light
3414,objects,items,stainless-steel piping,pipe
3415,objects,items,stairs,stair
3416,objects,items,stand_mixer,mixer
3417,objects,items,statue,statue
3418,objects,items,steam locomotive,locomotive
3419,objects,items,steel beam,beam
3420,objects,items,steering wheel,wheel
3421,objects,items,stemmed_glass,glass
3422,objects,items,stethoscope,stethoscope
3423,objects,items,stock pot,pot
3424,objects,items,stone,stone
3425,objects,items,stone block,stone
3426,objects,items,stone fountain,fountain
3427,objects,items,stone path,path
3428,objects,items,stone pathway,path
3429,objects,items,stone pieces,stone
3430,objects,items,stone sculpture,sculpture
3431,objects,items,stone slab,stone
3432,objects,items,stool,stool
3433,objects,items,stop sign,sign
3434,objects,items,storage cabinet,cabinet
3435,objects,items,storage racks,rack
3436,objects,items,storage_shelves,shelf
3437,objects,items,store shelves,shelf
3438,objects,items,store shelving,shelf
3439,objects,items,store_shelves,shelf
3440,objects,items,store_sign,sign
3441,objects,items,stove,stove
3442,objects,items,stove/pots,stove
3443,objects,items,strap,strap
3444,objects,items,straw hat,hat
3445,objects,items,stream,stream
3446,objects,items,street,street
3447,objects,items,street lamp,lamp
3448,objects,items,stretcher,stretcher
3449,objects,items,student desks,desk
3450,objects,items,studio light,light
3451,objects,items,studio_light,light
3452,objects,items,studio_light_panel,panel
3453,objects,items,studio_umbrella,umbrella
3454,objects,items,suitcase,suitcase
3455,objects,items,supermarket shelves,shelf
3456,objects,items,supermarket shelving,shelf
3457,objects,items,supermarket_shelves,shelf
3458,objects,items,supply_shelves,shelf
3459,objects,items,surgical_drape,drape
3460,objects,items,surgical_instruments,instrument
3461,objects,items,surgical_light,light
3462,objects,items,surveying instrument,instrument
3463,objects,items,surveying tripod with instrument,tripod
3464,objects,items,table,table
3465,objects,items,table lamp,lamp
3466,objects,items,tablet,tablet
3467,objects,items,tactical vest,vest
3468,objects,items,tall glass,glass
3469,objects,items,tap,tap
3470,objects,items,tape measure,measure
3471,objects,items,taxi,taxi
3472,objects,items,taxi roof sign,sign
3473,objects,items,telephone,telephone
3474,objects,items,telephone handset,handset
3475,objects,items,television,television
3476,objects,items,terracotta pot,pot
3477,objects,items,terracotta pots,pot
3478,objects,items,test tube rack,rack
3479,objects,items,test tubes,test_tube
3480,objects,items,test_tube,test_tube
3481,objects,items,test_tube_rack,rack
3482,objects,items,test_tubes,test_tube
3483,objects,items,theater seats,seat
3484,objects,items,throttle lever,lever
3485,objects,items,ticket stack,ticket
3486,objects,items,timetable_stand,stand
3487,objects,items,toilet,toilet
3488,objects,items,tomato,tomato
3489,objects,items,tomato_crate,crate
3490,objects,items,tomatoes,tomato
3491,objects,items,tongs,tong
3492,objects,items,tool,tool
3493,objects,items,tool belt,belt
3494,objects,items,tool pouch,pouch
3495,objects,items,tool rack,rack
3496,objects,items,tool_post,post
3497,objects,items,toolbag,toolbag
3498,objects,items,toolbox,toolbox
3499,objects,items,tools,tool
3500,objects,items,tote bag,bag
3501,objects,items,tote_bag,bag
3502,objects,items,toy train,train
3503,objects,items,traffic light,light
3504,objects,items,traffic sign,sign
3505,objects,items,trailer,trailer
3506,objects,items,train,train
3507,objects,items,train car,car
3508,objects,items,train locomotive,locomotive
3509,objects,items,train tracks,track
3510,objects,items,train_tracks,track
3511,objects,items,training cones,cone
3512,objects,items,training pylon,pylon
3513,objects,items,trash can,can
3514,objects,items,tray,tray
3515,objects,items,tree,tree
3516,objects,items,trees,tree
3517,objects,items,tripod,tripod
3518,objects,items,trolley bag,bag
3519,objects,items,trowel,trowel
3520,objects,items,truck,truck
3521,objects,items,umbrella,umbrella
3522,objects,items,unfinished sculpture,sculpture
3523,objects,items,utensil holder,holder
3524,objects,items,vacuum,vacuum
3525,objects,items,vacuum cleaner,cleaner
3526,objects,items,valve,valve
3527,objects,items,van,van
3528,objects,items,vanity,vanity
3529,objects,items,vanity mirror,mirror
3530,objects,items,vegetables,vegetable
3531,objects,items,vegetables and fruit,vegetable
3532,objects,items,ventilation fan,fan
3533,objects,items,video camera,camera
3534,objects,items,vise,vise
3535,objects,items,walking path,path
3536,objects,items,walking_poles,pole
3537,objects,items,wall clock,clock
3538,objects,items,wall display,display
3539,objects,items,wall lamp,lamp
3540,objects,items,wall maps,map
3541,objects,items,wall screen,screen
3542,objects,items,wall_clock,clock
3543,objects,items,wall_monitor,screen
3544,objects,items,warehouse shelving,shelving
3545,objects,items,warehouse_racks,rack
3546,objects,items,washbasin,washbasin
3547,objects,items,water,water
3548,objects,items,water bottle,bottle
3549,objects,items,water drain,drain
3550,objects,items,water fountain,fountain
3551,objects,items,water nozzle,nozzle
3552,objects,items,water spout,spout
3553,objects,items,water spray,spray
3554,objects,items,water_pump,pump
3555,objects,items,watering can,can
3556,objects,items,watering hose,hose
3557,objects,items,watering nozzle,nozzle
3558,objects,items,watering tool,tool
3559,objects,items,weighing scale,scale
3560,objects,items,welding helmet,helmet
3561,objects,items,welding torch,torch
3562,objects,items,wheelbarrow,wheelbarrow
3563,objects,items,whiskey glass,glass
3564,objects,items,whistle,whistle
3565,objects,items,white containers,container
3566,objects,items,whiteboard,whiteboard
3567,objects,items,wicker basket,basket
3568,objects,items,window,window
3569,objects,items,windows,window
3570,objects,items,windshield wipers,wiper
3571,objects,items,wine glass,glass
3572,objects,items,wire basket,basket
3573,objects,items,wires,wire
3574,objects,items,wood boards,board
3575,objects,items,wood plank,plank
3576,objects,items,wooden backdrop,backdrop
3577,objects,items,wooden beams,beam
3578,objects,items,wooden bench,bench
3579,objects,items,wooden benches,bench
3580,objects,items,wooden boards,board
3581,objects,items,wooden bowl,bowl
3582,objects,items,wooden counter,counter
3583,objects,items,wooden crate,crate
3584,objects,items,wooden crates,crate
3585,objects,items,wooden cutting board,board
3586,objects,items,wooden door,door
3587,objects,items,wooden frame,frame
3588,objects,items,wooden framing,framing
3589,objects,items,wooden plank,plank
3590,objects,items,wooden planks,plank
3591,objects,items,wooden planter boxes,box
3592,objects,items,wooden shelves,shelf
3593,objects,items,wooden spatula,spatula
3594,objects,items,wooden spoon,spoon
3595,objects,items,wooden studs,stud
3596,objects,items,wooden table,table
3597,objects,items,wooden tray,tray
3598,objects,items,wooden_spoon,spoon
3599,objects,items,wooden_studs,stud
3600,objects,items,wooden_table,table
3601,objects,items,work lamp,lamp
3602,objects,items,work light,light
3603,objects,items,work surface,surface
3604,objects,items,work table,table
3605,objects,items,workbench,workbench
3606,objects,items,workbench tools,tool
3607,objects,items,worktable,worktable
3608,objects,items,woven basket,basket
3609,objects,items,wrench,wrench
3610,objects,items,x-ray display,display
3611,objects,items,yellow box,box
3612,objects,items,arched windows,window
3613,objects,items,athletic shoe,shoe
3614,objects,items,backdrop,backdrop
3615,objects,items,ballet barre,barre
3616,objects,items,ballet shoes,shoe
3617,objects,items,bib,bib
3618,objects,items,blue cleaning cart,cart
3619,objects,items,brick path,path
3620,objects,items,brick_path,path
3621,objects,items,bridge,bridge
3622,objects,items,broom,broom
3623,objects,items,canopy,canopy
3624,objects,items,canvas,canva
3625,objects,items,center console,console
3626,objects,items,concrete ledge,ledge
3627,objects,items,container,container
3628,objects,items,cooking pot,pot
3629,objects,items,dashboard,dashboard
3630,objects,items,dashboard display,display
3631,objects,items,drum set,drum
3632,objects,items,easel,easel
3633,objects,items,flight controls,control
3634,objects,items,floor,floor
3635,objects,items,floor buffer,buffer
3636,objects,items,folding chair,chair
3637,objects,items,gas stove,stove
3638,objects,items,gear shift,shift
3639,objects,items,grass,grass
3640,objects,items,guardrail,guardrail
3641,objects,items,hallway_floor,floor
3642,objects,items,handrail,handrail
3643,objects,items,highway,highway
3644,objects,items,hurdle,hurdle
3645,objects,items,infotainment screen,screen
3646,objects,items,kettle,kettle
3647,objects,items,kitchen cabinets,cabinet
3648,objects,items,kitchen_counter,counter
3649,objects,items,ladle,ladle
3650,objects,items,lane lines,line
3651,objects,items,lane markings,marking
3652,objects,items,leather chair,chair
3653,objects,items,leaves,leave
3654,objects,items,lighting rig,rig
3655,objects,items,metal fence,fence
3656,objects,items,mixing_bowl,bowl
3657,objects,items,monitor speaker,speaker
3658,objects,items,mop bucket,bucket
3659,objects,items,overhead console,console
3660,objects,items,overhead panel,panel
3661,objects,items,paint jars,jar
3662,objects,items,paint palette,palette
3663,objects,items,paintbrush,paintbrush
3664,objects,items,palette,palette
3665,objects,items,pilot seat,seat
3666,objects,items,plates,plate
3667,objects,items,pointe shoes,shoe
3668,objects,items,race bib,bib
3669,objects,items,rearview mirror,mirror
3670,objects,items,round bench,bench
3671,objects,items,running_shoes,shoe
3672,objects,items,sneakers,sneaker
3673,objects,items,spotlight,spotlight
3674,objects,items,stadium,stadium
3675,objects,items,stadium seating,seating
3676,objects,items,stadium stands,stand
3677,objects,items,stage floor,floor
3678,objects,items,stage rigging,rigging
3679,objects,items,stone_seat,seat
3680,objects,items,stovetop,stovetop
3681,objects,items,streetlamp,streetlamp
3682,objects,items,teapot,teapot
3683,objects,items,throttle,throttle
3684,objects,items,track,track
3685,objects,items,trash bin,bin
3686,objects,items,trash_can,can
3687,objects,items,walking cane,cane
3688,objects,items,wall seal,seal
3689,objects,items,wing,wing
3690,objects,items,wooden floor,floor
3691,objects,items,wooden stage,stage
3692,objects,items,wooden_countertop,countertop
3693,objects,items,yellow bucket,bucket
3694,objects,items,yoke,yoke
3695,objects,material,brick,brick
3696,objects,material,ceramic,ceramic
3697,objects,material,composite,composite
3698,objects,material,concrete,concrete
3699,objects,material,fabric,fabric
3700,objects,material,glass,glass
3701,objects,material,leather,leather
3702,objects,material,metal,metal
3703,objects,material,organic,organic
3704,objects,material,paper,paper
3705,objects,material,plastic,plastic
3706,objects,material,stone,stone
3707,objects,material,tile,tile
3708,objects,material,vegetation,vegetation
3709,objects,material,wood,wood
3710,objects,material,carpet,carpet
3711,objects,material,water,water
3712,scene_appearance,mood,calm,calm
3713,scene_appearance,mood,dramatic,dramatic
3714,scene_appearance,mood,foreboding,foreboding
3715,scene_appearance,mood,joyful,joyful
3716,scene_appearance,mood,mysterious,mysteriou
3717,scene_appearance,mood,romantic,romantic
3718,scene_appearance,mood,tense,tense
3719,scene_appearance,mood,whimsical,whimsical
3720,scene_appearance,mood,melancholic,melancholic
3721,scene_appearance,mood,minimalistic,minimalistic
3722,safety,nsfw,no,no
3723,safety,nsfw,medical blood visible,blood
3724,safety,nsfw,medical procedure / sensitive medical content,procedure
3725,safety,nsfw,no explicit content,content
3726,safety,nsfw,no explicit sexual content,content
3727,safety,nsfw,no_explicit_content,content
3728,safety,nsfw,non-explicit nudity (shirtless adult male),nudity
3729,safety,nsfw,none visible,none
3730,safety,nsfw,visible surgical incision/exposed chest,incision
3731,camera,perspective,eye_level,level
3732,camera,perspective,high_angle,angle
3733,camera,perspective,wormseye,wormseye
3734,camera,perspective,first_person,person
3735,camera,perspective,third_person,person
3736,people,pose,arms_crossed,arm
3737,people,pose,bending,bending
3738,people,pose,kneeling,kneeling
3739,people,pose,leaning,leaning
3740,people,pose,lying,lying
3741,people,pose,sitting,sitting
3742,people,pose,standing,standing
3743,people,pose,hands_on_hips,hand
3744,people,pose,walking,walking
3745,objects,size,large,large
3746,objects,size,medium,medium
3747,objects,size,small,small
3748,people,skin_tone,dark,dark
3749,people,skin_tone,light,light
3750,people,skin_tone,medium,medium
3751,people,tattoo_present,no,no
3752,people,tattoo_present,yes,yes
3753,scene_appearance,weather,clear,clear
3754,scene_appearance,weather,cloudy,cloudy
3755,scene_appearance,weather,fog,fog
3756,scene_appearance,weather,mist,mist
3757,scene_appearance,weather,overcast,overcast
3758,scene_appearance,weather,rain,rain
3759,scene_appearance,weather,sunny,sunny
3760,scene_appearance,weather,snow,snow
3761,scene_appearance,weather,storm,storm
3762,scene_appearance,weather,windy,windy
3763,people,activities,accepting card,card
3764,people,activities,addressing,addressing
3765,people,activities,addressing court,court
3766,people,activities,addressing podium,podium
3767,people,activities,adjust equipment,equipment
3768,people,activities,adjusting apron,apron
3769,people,activities,adjusting bed,bed
3770,people,activities,adjusting bedding,bedding
3771,people,activities,adjusting breakers,breaker
3772,people,activities,adjusting cabinet,cabinet
3773,people,activities,adjusting clamp,clamp
3774,people,activities,adjusting component,component
3775,people,activities,adjusting console,console
3776,people,activities,adjusting conveyor,conveyor
3777,people,activities,adjusting dress,dress
3778,people,activities,adjusting earbud,earbud
3779,people,activities,adjusting flask,flask
3780,people,activities,adjusting frames,frame
3781,people,activities,adjusting gear,gear
3782,people,activities,adjusting glasses,glasses
3783,people,activities,adjusting glove,glove
3784,people,activities,adjusting hair,hair
3785,people,activities,adjusting knobs,knob
3786,people,activities,adjusting machinery,machinery
3787,people,activities,adjusting metal,metal
3788,people,activities,adjusting mixer,mixer
3789,people,activities,adjusting monitor,screen
3790,people,activities,adjusting needle,needle
3791,people,activities,adjusting panel,panel
3792,people,activities,adjusting pillow,pillow
3793,people,activities,adjusting rack,rack
3794,people,activities,adjusting rebar,rebar
3795,people,activities,adjusting rig,rig
3796,people,activities,adjusting sample,sample
3797,people,activities,adjusting screen,screen
3798,people,activities,adjusting settings,settings
3799,people,activities,adjusting sheet,sheet
3800,people,activities,adjusting sheets,sheet
3801,people,activities,adjusting sleeve,sleeve
3802,people,activities,adjusting strap,strap
3803,people,activities,adjusting veil,veil
3804,people,activities,adjusting watch,watch
3805,people,activities,adjusting wires,wire
3806,people,activities,adjusting workpiece,workpiece
3807,people,activities,adjusting_apparatus,apparatus
3808,people,activities,adjusting_camera,camera
3809,people,activities,adjusting_faucet,faucet
3810,people,activities,adjusting_instrument,instrument
3811,people,activities,adjusting_machine,machine
3812,people,activities,adjusting_microscope,microscope
3813,people,activities,adjusting_pipe,pipe
3814,people,activities,adjusting_wires,wire
3815,people,activities,administering drops,drops
3816,people,activities,administering injection,injection
3817,people,activities,administering IV,iv
3818,people,activities,administering medication,medication
3819,people,activities,administering treatment,treatment
3820,people,activities,administering_care,care
3821,people,activities,aligning boards,board
3822,people,activities,aligning fabric,fabric
3823,people,activities,aligning pattern,pattern
3824,people,activities,aligning_material,material
3825,people,activities,analyzing,analyzing
3826,people,activities,analyzing data,data
3827,people,activities,answering phone,phone
3828,people,activities,applying product,product
3829,people,activities,applying_makeup,makeup
3830,people,activities,approaching building,building
3831,people,activities,approaching doorway,doorway
3832,people,activities,approaching truck,truck
3833,people,activities,approaching window,window
3834,people,activities,arms folded,arm
3835,people,activities,arms outstretched,arm
3836,people,activities,arms_resting,arm
3837,people,activities,arranging apples,apple
3838,people,activities,arranging bar,bar
3839,people,activities,arranging boards,board
3840,people,activities,arranging bottles,bottle
3841,people,activities,arranging fabric,fabric
3842,people,activities,arranging fruit,fruit
3843,people,activities,arranging glasses,glass
3844,people,activities,arranging groceries,grocery
3845,people,activities,arranging hair,hair
3846,people,activities,arranging pastries,pastry
3847,people,activities,arranging plates,plate
3848,people,activities,arranging seedlings,seedling
3849,people,activities,arranging shelf,shelf
3850,people,activities,arranging tray,tray
3851,people,activities,arranging vials,vial
3852,people,activities,arranging wood,wood
3853,people,activities,arranging_dishes,dish
3854,people,activities,arranging_plates,plate
3855,people,activities,assembling panel,panel
3856,people,activities,assembling wood,wood
3857,people,activities,assessing patient,patient
3858,people,activities,assisting camera,camera
3859,people,activities,assisting patient,patient
3860,people,activities,assisting surgery,surgery
3861,people,activities,assisting_preparation,preparation
3862,people,activities,at computer,computer
3863,people,activities,at desk,desk
3864,people,activities,at microphone,microphone
3865,people,activities,at_computer,computer
3866,people,activities,at_table,table
3867,people,activities,attending patient,patient
3868,people,activities,attending_meeting,meeting
3869,people,activities,bagging produce,produce
3870,people,activities,ballet dancing,dance
3871,people,activities,ballet pose,pose
3872,people,activities,behind_counter,counter
3873,people,activities,being attended,attention
3874,people,activities,being filmed,film
3875,people,activities,being held,hold
3876,people,activities,being treated,treatment
3877,people,activities,being_examined,examined
3878,people,activities,being_groomed,grooming
3879,people,activities,being_hairdressed,hairdressing
3880,people,activities,being_recorded,recording
3881,people,activities,blocking road,road
3882,people,activities,blocking_road,road
3883,people,activities,boarding,boarding
3884,people,activities,browsing books,book
3885,people,activities,browsing glasses,glasses
3886,people,activities,browsing shelf,shelf
3887,people,activities,browsing_books,book
3888,people,activities,browsing_glasses,glasses
3889,people,activities,brushwork,brush
3890,people,activities,bundling plants,plant
3891,people,activities,cable row,cable
3892,people,activities,carrying bags,carrying
3893,people,activities,carrying boxes,box
3894,people,activities,carrying broom,broom
3895,people,activities,carrying bucket,bucket
3896,people,activities,carrying case,case
3897,people,activities,carrying cloth,cloth
3898,people,activities,carrying drinks,drink
3899,people,activities,carrying fruit,fruit
3900,people,activities,carrying groceries,grocery
3901,people,activities,carrying pallet,pallet
3902,people,activities,carrying produce,produce
3903,people,activities,carrying supplies,supply
3904,people,activities,carrying tomatoes,tomato
3905,people,activities,carrying tool,tool
3906,people,activities,carrying trash bag,bag
3907,people,activities,carrying_basket,carrying
3908,people,activities,carrying_bucket,bucket
3909,people,activities,carrying_item,item
3910,people,activities,carrying_jug,jug
3911,people,activities,carrying_watering_can,watering
3912,people,activities,carving stone,stone
3913,people,activities,checking,checking
3914,people,activities,checking airway,airway
3915,people,activities,checking bed,bed
3916,people,activities,checking computer,computer
3917,people,activities,checking device,checking
3918,people,activities,checking documents,document
3919,people,activities,checking engine,engine
3920,people,activities,checking equipment,equipment
3921,people,activities,checking items,item
3922,people,activities,checking machine,machine
3923,people,activities,checking medication,medication
3924,people,activities,checking monitor,screen
3925,people,activities,checking neck,neck
3926,people,activities,checking notes,note
3927,people,activities,checking passport,passport
3928,people,activities,checking produce,produce
3929,people,activities,checking shelves,shelf
3930,people,activities,checking ticket,ticket
3931,people,activities,checking tomatoes,tomato
3932,people,activities,checking train,train
3933,people,activities,checking vehicle,vehicle
3934,people,activities,checking_bed,bed
3935,people,activities,checking_hands,hand
3936,people,activities,checking_monitors,screen
3937,people,activities,checking_screen,screen
3938,people,activities,checking_supplies,supply
3939,people,activities,choosing produce,produce
3940,people,activities,choosing_produce,produce
3941,people,activities,collecting samples,sample
3942,people,activities,collecting_sample,collecting
3943,people,activities,combing_hair,hair
3944,people,activities,communicating,communicating
3945,people,activities,computer_use,computer
3946,people,activities,computer_work,computer
3947,people,activities,connecting_wires,connecting
3948,people,activities,consulting,consulting
3949,people,activities,conversation,conversation
3950,people,activities,conversing,conversing
3951,people,activities,counting pills,pill
3952,people,activities,curling,curling
3953,people,activities,cutting food,food
3954,people,activities,cutting tomatoes,tomato
3955,people,activities,cutting wires,wire
3956,people,activities,cutting_hair,cutting
3957,people,activities,cutting_strawberry,strawberry
3958,people,activities,dental drilling,dental
3959,people,activities,dental exam,dental
3960,people,activities,dental examination,dental
3961,people,activities,dental procedure,dental
3962,people,activities,dental treatment,dental
3963,people,activities,dental work,dental
3964,people,activities,discussing,discussing
3965,people,activities,dispensing,dispensing
3966,people,activities,drilling,drill
3967,people,activities,drinking water,water
3968,people,activities,driving train,train
3969,people,activities,drying hair,hair
3970,people,activities,dumbbell_curls,dumbbell
3971,people,activities,editing,editing
3972,people,activities,en pointe,pointe
3973,people,activities,enter_pin,pin
3974,people,activities,entering,entering
3975,people,activities,entering doorway,doorway
3976,people,activities,entering fire,fire
3977,people,activities,entering PIN,pin
3978,people,activities,entering room,room
3979,people,activities,entering truck,truck
3980,people,activities,entering_fire,fire
3981,people,activities,examining display,display
3982,people,activities,examining fabric,fabric
3983,people,activities,examining face,face
3984,people,activities,examining flask,flask
3985,people,activities,examining flowers,flower
3986,people,activities,examining fruit,fruit
3987,people,activities,examining glasses,glasses
3988,people,activities,examining glassware,glassware
3989,people,activities,examining instrument,instrument
3990,people,activities,examining liquid,liquid
3991,people,activities,examining medication,medication
3992,people,activities,examining model,model
3993,people,activities,examining moss,moss
3994,people,activities,examining notes,note
3995,people,activities,examining plants,plant
3996,people,activities,examining product,product
3997,people,activities,examining screen,screen
3998,people,activities,examining screens,screen
3999,people,activities,examining seeds,seed
4000,people,activities,examining sheet,sheet
4001,people,activities,examining skull,skull
4002,people,activities,examining teeth,tooth
4003,people,activities,examining vials,vial
4004,people,activities,examining_blueprint,blueprint
4005,people,activities,examining_test_tubes,test_tube
4006,people,activities,examining_vial,vial
4007,people,activities,exchanging cash,cash
4008,people,activities,exercising,exercising
4009,people,activities,exiting,exiting
4010,people,activities,exiting car,car
4011,people,activities,extending hands,hand
4012,people,activities,facing bar,bar
4013,people,activities,facing door,door
4014,people,activities,facing forward,forward
4015,people,activities,facing instrument,instrument
4016,people,activities,facing stage,stage
4017,people,activities,facing street,street
4018,people,activities,facing truck,truck
4019,people,activities,facing_board,board
4020,people,activities,facing_forward,forward
4021,people,activities,facing_house,house
4022,people,activities,facing_shelves,shelf
4023,people,activities,facing_stage,stage
4024,people,activities,facing_train,train
4025,people,activities,firefighting,firefighting
4026,people,activities,fixing sink,sink
4027,people,activities,flipping pages,page
4028,people,activities,flipping pan,pan
4029,people,activities,folding arms,arm
4030,people,activities,gathering,gathering
4031,people,activities,gathering seedlings,seedling
4032,people,activities,gazing,gazing
4033,people,activities,getting_haircut,getting
4034,people,activities,giving injection,injection
4035,people,activities,giving item,item
4036,people,activities,grabbing,grabbing
4037,people,activities,grabbing bottle,bottle
4038,people,activities,grabbing pineapple,pineapple
4039,people,activities,grabbing_item,grabbing
4040,people,activities,grating,grating
4041,people,activities,grinding metal,metal
4042,people,activities,grinding_metal,metal
4043,people,activities,gripping,gripping
4044,people,activities,gripping handle,handle
4045,people,activities,gripping handles,handle
4046,people,activities,gripping lever,lever
4047,people,activities,gripping rebar,rebar
4048,people,activities,gripping_bar,bar
4049,people,activities,gripping_handle,handle
4050,people,activities,grocery shopping,grocery
4051,people,activities,grocery_shopping,grocery
4052,people,activities,guiding,guiding
4053,people,activities,hair being combed,hair
4054,people,activities,hair brushing,hair
4055,people,activities,hair drying,hair
4056,people,activities,hair styling,hair
4057,people,activities,hair_treatment,hair
4058,people,activities,haircut,haircut
4059,people,activities,hand extended,hand
4060,people,activities,hand on chest,hand
4061,people,activities,hand_on_car,hand
4062,people,activities,handing card,card
4063,people,activities,handing cash,cash
4064,people,activities,handing document,document
4065,people,activities,handing glasses,glasses
4066,people,activities,handing items,item
4067,people,activities,handing medication,medication
4068,people,activities,handing pad,pad
4069,people,activities,handing papers,paper
4070,people,activities,handing tablet,tablet
4071,people,activities,handing ticket,ticket
4072,people,activities,handling apparatus,apparatus
4073,people,activities,handling asparagus,asparagus
4074,people,activities,handling bag,bag
4075,people,activities,handling beaker,beaker
4076,people,activities,handling block,block
4077,people,activities,handling books,book
4078,people,activities,handling bottles,bottle
4079,people,activities,handling boxes,box
4080,people,activities,handling brushes,brush
4081,people,activities,handling cans,can
4082,people,activities,handling cart,cart
4083,people,activities,handling cash,cash
4084,people,activities,handling cloth,cloth
4085,people,activities,handling crop,crop
4086,people,activities,handling dough,dough
4087,people,activities,handling electrical panel,panel
4088,people,activities,handling fruit,fruit
4089,people,activities,handling gear,gear
4090,people,activities,handling glass,glass
4091,people,activities,handling glasses,glasses
4092,people,activities,handling greens,greens
4093,people,activities,handling ice cream,ice_cream
4094,people,activities,handling jar,jar
4095,people,activities,handling jars,jar
4096,people,activities,handling laundry,laundry
4097,people,activities,handling leaf,leaf
4098,people,activities,handling liquids,liquid
4099,people,activities,handling materials,material
4100,people,activities,handling medical bag,bag
4101,people,activities,handling medical kit,kit
4102,people,activities,handling medicines,medicine
4103,people,activities,handling metal,metal
4104,people,activities,handling oranges,orange
4105,people,activities,handling package,package
4106,people,activities,handling part,part
4107,people,activities,handling peppers,pepper
4108,people,activities,handling pills,pill
4109,people,activities,handling pipe,pipe
4110,people,activities,handling pipette,pipette
4111,people,activities,handling planks,plank
4112,people,activities,handling powder,powder
4113,people,activities,handling product,product
4114,people,activities,handling products,product
4115,people,activities,handling rebar,rebar
4116,people,activities,handling samples,sample
4117,people,activities,handling seedling,seedling
4118,people,activities,handling seedlings,seedling
4119,people,activities,handling syringe,syringe
4120,people,activities,handling test tube,test_tube
4121,people,activities,handling test tubes,test_tube
4122,people,activities,handling tomatoes,tomato
4123,people,activities,handling tool,tool
4124,people,activities,handling tubes,tube
4125,people,activities,handling tweezers,tweezer
4126,people,activities,handling vegetables,vegetable
4127,people,activities,handling vial,vial
4128,people,activities,handling_cash,cash
4129,people,activities,handling_flask,handling
4130,people,activities,handling_glassware,handling
4131,people,activities,handling_liquid,liquid
4132,people,activities,handling_material,material
4133,people,activities,handling_packages,package
4134,people,activities,handling_product,product
4135,people,activities,handling_register,register
4136,people,activities,handling_tubes,tube
4137,people,activities,hands on hips,hip
4138,people,activities,hands_on_wheel,wheel
4139,people,activities,handshake,handshake
4140,people,activities,having hair combed,hair
4141,people,activities,having hair cut,hair
4142,people,activities,having_hair_cut,hair
4143,people,activities,heating blade,blade
4144,people,activities,holding-trowel,trowel
4145,people,activities,holding axe,axe
4146,people,activities,holding bar,bar
4147,people,activities,holding bell pepper,pepper
4148,people,activities,holding beverages,beverage
4149,people,activities,holding binder,binder
4150,people,activities,holding binoculars,binocular
4151,people,activities,holding blade,blade
4152,people,activities,holding blanket,blanket
4153,people,activities,holding blue cloth,cloth
4154,people,activities,holding blueprint,blueprint
4155,people,activities,holding books,book
4156,people,activities,holding bottles,bottle
4157,people,activities,holding bouquet,bouquet
4158,people,activities,holding bow,bow
4159,people,activities,holding brick,brick
4160,people,activities,holding briefcase,briefcase
4161,people,activities,holding brochure,brochure
4162,people,activities,holding broom,broom
4163,people,activities,holding buckets,bucket
4164,people,activities,holding bundle,bundle
4165,people,activities,holding can,can
4166,people,activities,holding canvas,canvas
4167,people,activities,holding cape,cape
4168,people,activities,holding card terminal,terminal
4169,people,activities,holding cards,card
4170,people,activities,holding carton,carton
4171,people,activities,holding case,case
4172,people,activities,holding clip,clip
4173,people,activities,holding cocktail,cocktail
4174,people,activities,holding controller,controller
4175,people,activities,holding cucumbers,cucumber
4176,people,activities,holding curling iron,iron
4177,people,activities,holding cylinder,cylinder
4178,people,activities,holding dental handpiece,handpiece
4179,people,activities,holding dental instrument,instrument
4180,people,activities,holding dental instruments,instrument
4181,people,activities,holding dental tool,tool
4182,people,activities,holding dental tools,tool
4183,people,activities,holding denture,denture
4184,people,activities,holding documents,document
4185,people,activities,holding drill,drill
4186,people,activities,holding dumbbell,dumbbell
4187,people,activities,holding dumbbells,dumbbell
4188,people,activities,holding dustpan,dustpan
4189,people,activities,holding eggs,egg
4190,people,activities,holding firearm,firearm
4191,people,activities,holding folders,folder
4192,people,activities,holding football,football
4193,people,activities,holding forceps,forceps
4194,people,activities,holding frame,frame
4195,people,activities,holding fruits,fruit
4196,people,activities,holding glassware,glassware
4197,people,activities,holding guitar,guitar
4198,people,activities,holding hairdryer,hairdryer
4199,people,activities,holding hammer,hammer
4200,people,activities,holding handheld device,device
4201,people,activities,holding head,head
4202,people,activities,holding herbs,herb
4203,people,activities,holding instruments,instrument
4204,people,activities,holding items,item
4205,people,activities,holding keyboard,keyboard
4206,people,activities,holding lamp,lamp
4207,people,activities,holding laptop,laptop
4208,people,activities,holding level,level
4209,people,activities,holding luggage,luggage
4210,people,activities,holding mic,mic
4211,people,activities,holding model,model
4212,people,activities,holding moka pot,pot
4213,people,activities,holding monitor,screen
4214,people,activities,holding multimeter,multimeter
4215,people,activities,holding oranges,orange
4216,people,activities,holding packaged food,food
4217,people,activities,holding packaged goods,goods
4218,people,activities,holding palette,palette
4219,people,activities,holding pallet,pallet
4220,people,activities,holding part,part
4221,people,activities,holding pencils,pencil
4222,people,activities,holding peppers,pepper
4223,people,activities,holding pill bottle,bottle
4224,people,activities,holding pill bottles,bottle
4225,people,activities,holding pills,pill
4226,people,activities,holding pizza,pizza
4227,people,activities,holding plan,plan
4228,people,activities,holding plans,plan
4229,people,activities,holding plastic,plastic
4230,people,activities,holding plastic bag,bag
4231,people,activities,holding plates,plate
4232,people,activities,holding railing,railing
4233,people,activities,holding ruler,ruler
4234,people,activities,holding sample,sample
4235,people,activities,holding scales,scale
4236,people,activities,holding scissors,scissors
4237,people,activities,holding seedlings,seedling
4238,people,activities,holding shaft,shaft
4239,people,activities,holding shaker,shaker
4240,people,activities,holding shelf,shelf
4241,people,activities,holding snack,snack
4242,people,activities,holding spatula,spatula
4243,people,activities,holding stethoscope,stethoscope
4244,people,activities,holding strap,strap
4245,people,activities,holding stylus,stylus
4246,people,activities,holding sword,sword
4247,people,activities,holding syringe,syringe
4248,people,activities,holding terminal,terminal
4249,people,activities,holding tools,tool
4250,people,activities,holding torch,torch
4251,people,activities,holding tube,tube
4252,people,activities,holding vials,vial
4253,people,activities,holding water bottle,bottle
4254,people,activities,holding wheel,wheel
4255,people,activities,holding workpiece,workpiece
4256,people,activities,holding yellow bucket,bucket
4257,people,activities,holding yoke,yoke
4258,people,activities,holding_apples,apple
4259,people,activities,holding_barbell,barbell
4260,people,activities,holding_binder,binder
4261,people,activities,holding_blister_pack,pack
4262,people,activities,holding_board,board
4263,people,activities,holding_booklet,booklet
4264,people,activities,holding_books,book
4265,people,activities,holding_boxes,box
4266,people,activities,holding_card,card
4267,people,activities,holding_case,case
4268,people,activities,holding_clippers,clipper
4269,people,activities,holding_cloth,cloth
4270,people,activities,holding_clutch,clutch
4271,people,activities,holding_crate,crate
4272,people,activities,holding_crates,crate
4273,people,activities,holding_cross,cross
4274,people,activities,holding_cup,cup
4275,people,activities,holding_cylinder,cylinder
4276,people,activities,holding_dental_tools,tool
4277,people,activities,holding_drill,drill
4278,people,activities,holding_eggs,egg
4279,people,activities,holding_files,file
4280,people,activities,holding_flowers,flower
4281,people,activities,holding_frames,frame
4282,people,activities,holding_gauze,gauze
4283,people,activities,holding_greens,greens
4284,people,activities,holding_hair,hair
4285,people,activities,holding_hand,hand
4286,people,activities,holding_id,id
4287,people,activities,holding_instruments,instrument
4288,people,activities,holding_jar,jar
4289,people,activities,holding_lettuce,lettuce
4290,people,activities,holding_level,level
4291,people,activities,holding_luggage,luggage
4292,people,activities,holding_metal,metal
4293,people,activities,holding_metal_bucket,bucket
4294,people,activities,holding_mic,mic
4295,people,activities,holding_mug,mug
4296,people,activities,holding_notepad,notepad
4297,people,activities,holding_nozzle,nozzle
4298,people,activities,holding_packaged_fruit,fruit
4299,people,activities,holding_packages,package
4300,people,activities,holding_pencil,pencil
4301,people,activities,holding_pepper,pepper
4302,people,activities,holding_peppers,pepper
4303,people,activities,holding_pills,pill
4304,people,activities,holding_pipe,pipe
4305,people,activities,holding_pipette,pipette
4306,people,activities,holding_plant,plant
4307,people,activities,holding_product,product
4308,people,activities,holding_radio,radio
4309,people,activities,holding_rebar,rebar
4310,people,activities,holding_scanner,scanner
4311,people,activities,holding_shelf,shelf
4312,people,activities,holding_shopping_cart,cart
4313,people,activities,holding_stand,stand
4314,people,activities,holding_steering_wheel,wheel
4315,people,activities,holding_supplies,supply
4316,people,activities,holding_sword,sword
4317,people,activities,holding_syringe,syringe
4318,people,activities,holding_tape,tape
4319,people,activities,holding_test_tube,tube
4320,people,activities,holding_tomatoes,tomato
4321,people,activities,holding_tongs,tong
4322,people,activities,holding_torch,torch
4323,people,activities,holding_tray,tray
4324,people,activities,holding_tube,tube
4325,people,activities,holding_utensil,utensil
4326,people,activities,holding_vial,vial
4327,people,activities,holding_weapon,weapon
4328,people,activities,holding_yoke,yoke
4329,people,activities,hosing,hosing
4330,people,activities,injecting,injecting
4331,people,activities,inserting card,card
4332,people,activities,inside_cab,cab
4333,people,activities,inspecting aisle,aisle
4334,people,activities,inspecting apple,apple
4335,people,activities,inspecting bag,bag
4336,people,activities,inspecting bottles,bottle
4337,people,activities,inspecting cargo,cargo
4338,people,activities,inspecting conveyor,conveyor
4339,people,activities,inspecting equipment,equipment
4340,people,activities,inspecting eyeglasses,eyeglass
4341,people,activities,inspecting fabric,fabric
4342,people,activities,inspecting frames,frame
4343,people,activities,inspecting guitar,guitar
4344,people,activities,inspecting jars,jar
4345,people,activities,inspecting material,material
4346,people,activities,inspecting medication,medication
4347,people,activities,inspecting metal,metal
4348,people,activities,inspecting meter,meter
4349,people,activities,inspecting packaging,package
4350,people,activities,inspecting pallets,pallet
4351,people,activities,inspecting parts,part
4352,people,activities,inspecting plants,plant
4353,people,activities,inspecting product,product
4354,people,activities,inspecting products,product
4355,people,activities,inspecting rebar,rebar
4356,people,activities,inspecting sample,sample
4357,people,activities,inspecting screen,screen
4358,people,activities,inspecting stacks,stack
4359,people,activities,inspecting ticket,ticket
4360,people,activities,inspecting tickets,ticket
4361,people,activities,inspecting tomatoes,tomato
4362,people,activities,inspecting train,train
4363,people,activities,inspecting truck,truck
4364,people,activities,inspecting vegetables,vegetable
4365,people,activities,inspecting vehicle,vehicle
4366,people,activities,inspecting window,window
4367,people,activities,inspecting_food,food
4368,people,activities,inspecting_fruit,fruit
4369,people,activities,inspecting_items,item
4370,people,activities,inspecting_metal,metal
4371,people,activities,inspecting_shelves,shelf
4372,people,activities,inspecting_surface,surface
4373,people,activities,installing,installing
4374,people,activities,installing wires,wire
4375,people,activities,interacting with display,display
4376,people,activities,interacting with dog,dog
4377,people,activities,interacting with driver,driver
4378,people,activities,interacting with screen,screen
4379,people,activities,interview,interview
4380,people,activities,kicking ball,ball
4381,people,activities,leaning on cart,cart
4382,people,activities,leaning on railing,railing
4383,people,activities,leaning_on_counter,counter
4384,people,activities,leaning_out,leaning
4385,people,activities,leaning_out_of_car,car
4386,people,activities,legs crossed,leg
4387,people,activities,leveling soil,soil
4388,people,activities,lifting,lifting
4389,people,activities,lifting barbell,barbell
4390,people,activities,lifting basket,basket
4391,people,activities,lifting boxes,box
4392,people,activities,lifting lid,lid
4393,people,activities,lifting weights,weight
4394,people,activities,lifting_lid,lid
4395,people,activities,loading cart,cart
4396,people,activities,loading clothes,clothes
4397,people,activities,loading dryer,dryer
4398,people,activities,loading laundry,laundry
4399,people,activities,loading pallet,pallet
4400,people,activities,loading produce,produce
4401,people,activities,loading towels,loading
4402,people,activities,loading truck,loading
4403,people,activities,looking at computer,looking
4404,people,activities,looking at device,looking
4405,people,activities,looking at display,looking
4406,people,activities,looking at glasses,looking
4407,people,activities,looking at items,item
4408,people,activities,looking at paintings,looking
4409,people,activities,looking at product,looking
4410,people,activities,looking at stage,looking
4411,people,activities,looking back,looking
4412,people,activities,looking forward,looking
4413,people,activities,looking left,looking
4414,people,activities,looking over shoulder,looking
4415,people,activities,looking shelves,looking
4416,people,activities,looking surprised,looking
4417,people,activities,looking through microscope,looking
4418,people,activities,looking up,up
4419,people,activities,looking_at_board,looking
4420,people,activities,looking_at_screen,screen
4421,people,activities,looking_back,looking
4422,people,activities,looking_down,look
4423,people,activities,looking_over_shoulder,looking
4424,people,activities,lying back,lying
4425,people,activities,lying in bed,lying
4426,people,activities,makeup application,application
4427,people,activities,manipulating flask,manipulating
4428,people,activities,manipulating glassware,manipulating
4429,people,activities,manipulating instruments,manipulating
4430,people,activities,manipulating tool,manipulating
4431,people,activities,marking charts,marking
4432,people,activities,marking window,marking
4433,people,activities,marking_blueprint,marking
4434,people,activities,marking_plan,marking
4435,people,activities,measuring fabric,measuring
4436,people,activities,measuring lumber,measuring
4437,people,activities,medical care,care
4438,people,activities,metal cutting,cutting
4439,people,activities,metalwork,metalwork
4440,people,activities,metalworking,metalwork
4441,people,activities,milling,milling
4442,people,activities,monitor_reading,monitor
4443,people,activities,monitoring computer,monitor
4444,people,activities,monitoring flow,monitor
4445,people,activities,monitoring load,monitor
4446,people,activities,monitoring patient,monitor
4447,people,activities,monitoring scene,monitor
4448,people,activities,monitoring screens,monitor
4449,people,activities,monitoring_aisle,monitor
4450,people,activities,monitoring_field,field
4451,people,activities,monitoring_screen,screen
4452,people,activities,monitoring_site,site
4453,people,activities,mousing,mousing
4454,people,activities,mouth open,mouth
4455,people,activities,moving bag,bag
4456,people,activities,moving crate,crate
4457,people,activities,moving inward,movement
4458,people,activities,moving pallet,pallet
4459,people,activities,moving slabs,slab
4460,people,activities,moving_dirt,dirt
4461,people,activities,near cart,cart
4462,people,activities,note-taking,note
4463,people,activities,note_taking,note
4464,people,activities,observing aisle,aisle
4465,people,activities,observing art,art
4466,people,activities,observing artwork,artwork
4467,people,activities,observing bird,bird
4468,people,activities,observing camera,camera
4469,people,activities,observing car,car
4470,people,activities,observing data,data
4471,people,activities,observing display,display
4472,people,activities,observing door,door
4473,people,activities,observing equipment,equipment
4474,people,activities,observing excavator,excavator
4475,people,activities,observing extraction,extraction
4476,people,activities,observing field,field
4477,people,activities,observing fire,fire
4478,people,activities,observing panels,panel
4479,people,activities,observing plants,plant
4480,people,activities,observing samples,sample
4481,people,activities,observing screen,screen
4482,people,activities,observing screens,screen
4483,people,activities,observing site,site
4484,people,activities,observing truck,truck
4485,people,activities,observing_field,field
4486,people,activities,observing_glasses,glasses
4487,people,activities,observing_monitor,screen
4488,people,activities,observing_stage,stage
4489,people,activities,offering medication,medication
4490,people,activities,offering_hand,hand
4491,people,activities,on stage,stage
4492,people,activities,on_camera,camera
4493,people,activities,on_screen,screen
4494,people,activities,opening bag,bag
4495,people,activities,opening car door,door
4496,people,activities,opening door,door
4497,people,activities,opening fridge,fridge
4498,people,activities,opening lid,lid
4499,people,activities,opening refrigerator,refrigerator
4500,people,activities,opening truck door,door
4501,people,activities,opening trunk,trunk
4502,people,activities,opening_door,door
4503,people,activities,operate camera,camera
4504,people,activities,operating computer,computer
4505,people,activities,operating excavator,excavator
4506,people,activities,operating instrument,instrument
4507,people,activities,operating press,press
4508,people,activities,operating scanner,scanner
4509,people,activities,operating terminal,terminal
4510,people,activities,operating tool,tool
4511,people,activities,operating torch,torch
4512,people,activities,operating vehicle,vehicle
4513,people,activities,operating_device,device
4514,people,activities,operating_panel,panel
4515,people,activities,organizing,organizing
4516,people,activities,organizing produce,produce
4517,people,activities,organizing_shelf,shelf
4518,people,activities,packing,packing
4519,people,activities,paging,page
4520,people,activities,patient care,care
4521,people,activities,peeking,peeking
4522,people,activities,peering,peering
4523,people,activities,performing surgery,surgery
4524,people,activities,performing_surgery,surgery
4525,people,activities,picking,picking
4526,people,activities,picking item,item
4527,people,activities,picking tomatoes,tomato
4528,people,activities,picking_item,item
4529,people,activities,placing bottles,bottle
4530,people,activities,placing boxes,box
4531,people,activities,placing card,card
4532,people,activities,placing cookies,cookie
4533,people,activities,placing cup,cup
4534,people,activities,placing glasses,glass
4535,people,activities,placing groceries,grocery
4536,people,activities,placing hand on desk,hand
4537,people,activities,placing helmet,helmet
4538,people,activities,placing in cart,cart
4539,people,activities,placing item in cart,item
4540,people,activities,placing items,item
4541,people,activities,placing level,leveling
4542,people,activities,placing pastry,pastry
4543,people,activities,placing produce,produce
4544,people,activities,placing rebar,rebar
4545,people,activities,placing sample,sample
4546,people,activities,placing samples,sample
4547,people,activities,placing seedlings,seedling
4548,people,activities,placing tomatoes,tomato
4549,people,activities,placing tray,tray
4550,people,activities,placing tubes,tube
4551,people,activities,placing vegetables,vegetable
4552,people,activities,placing vials,vial
4553,people,activities,placing_cookies,cookie
4554,people,activities,placing_item,item
4555,people,activities,placing_items,item
4556,people,activities,placing_pipettes,pipette
4557,people,activities,plant care,plant
4558,people,activities,planting seedlings,seedling
4559,people,activities,playing,playing
4560,people,activities,playing bass,bass
4561,people,activities,playing game,game
4562,people,activities,playing keyboard,keyboard
4563,people,activities,playing soccer,soccer
4564,people,activities,playing violin,violin
4565,people,activities,playing_game,game
4566,people,activities,playing_keyboard,keyboard
4567,people,activities,pointing at monitor,screen
4568,people,activities,polishing,polishing
4569,people,activities,positioning,positioning
4570,people,activities,positioning board,board
4571,people,activities,positioning rebar,rebar
4572,people,activities,positioning wood,wood
4573,people,activities,pouring sample,sample
4574,people,activities,pouring_drinks,drink
4575,people,activities,pouring_water,water
4576,people,activities,preparing care,care
4577,people,activities,preparing drinks,drink
4578,people,activities,preparing fabric,fabric
4579,people,activities,preparing injection,injection
4580,people,activities,preparing plates,plate
4581,people,activities,preparing supplies,supply
4582,people,activities,preparing tray,tray
4583,people,activities,preparing_instruments,instrument
4584,people,activities,preparing_medical_item,item
4585,people,activities,preparing_medicine,medicine
4586,people,activities,presenting card,card
4587,people,activities,presenting plate,plate
4588,people,activities,presenting_ticket,ticket
4589,people,activities,pressing,pressing
4590,people,activities,pressing fruit,fruit
4591,people,activities,pressing_buttons,button
4592,people,activities,pressing_keys,key
4593,people,activities,processing card,card
4594,people,activities,providing care,care
4595,people,activities,prying,prying
4596,people,activities,pulling,pulling
4597,people,activities,pulling bar,bar
4598,people,activities,pulling bucket,bucket
4599,people,activities,pulling_suitcase,suitcase
4600,people,activities,pulling_tap,tap
4601,people,activities,pulling_weeds,weed
4602,people,activities,pushing broom,broom
4603,people,activities,pushing brush,brush
4604,people,activities,pushing mop,mop
4605,people,activities,pushing pallets,pallet
4606,people,activities,pushing sweeper,sweeping
4607,people,activities,putting_on_gloves,glove
4608,people,activities,racing,racing
4609,people,activities,raising arms,arm
4610,people,activities,reaching for bottle,bottle
4611,people,activities,reaching for item,item
4612,people,activities,reaching for product,product
4613,people,activities,reading data,data
4614,people,activities,reading laptop,laptop
4615,people,activities,reading notebook,notebook
4616,people,activities,reading order,order
4617,people,activities,reading screen,screen
4618,people,activities,reading sheet,sheet
4619,people,activities,reading ticket,ticket
4620,people,activities,reading_documents,document
4621,people,activities,reading_list,list
4622,people,activities,reading_notebook,notebook
4623,people,activities,reading_paper,paper
4624,people,activities,receiving,receiving
4625,people,activities,receiving card,card
4626,people,activities,receiving dental care,care
4627,people,activities,receiving dental exam,exam
4628,people,activities,receiving dental work,work
4629,people,activities,receiving exam,exam
4630,people,activities,receiving hair styling,styling
4631,people,activities,receiving hair treatment,treatment
4632,people,activities,receiving injection,injection
4633,people,activities,receiving mask,mask
4634,people,activities,receiving medication,medication
4635,people,activities,receiving service,service
4636,people,activities,receiving treatment,treatment
4637,people,activities,receiving_drink,drink
4638,people,activities,receiving_haircut,haircut
4639,people,activities,receiving_service,service
4640,people,activities,referencing monitor,screen
4641,people,activities,repair pipes,pipe
4642,people,activities,resting arms,arm
4643,people,activities,resting_hand,hand
4644,people,activities,resting_head_on_hand,head
4645,people,activities,retrieving_medication,medication
4646,people,activities,reviewing chart,chart
4647,people,activities,reviewing clipboard,clipboard
4648,people,activities,reviewing photos,photo
4649,people,activities,reviewing_charts,chart
4650,people,activities,reviewing_drawings,drawing
4651,people,activities,reviewing_notes,notes
4652,people,activities,rinsing mop,mop
4653,people,activities,rolling fabric,fabric
4654,people,activities,rowing,rowing
4655,people,activities,running with bucket,bucket
4656,people,activities,sanding wood,wood
4657,people,activities,scaling tooth,tooth
4658,people,activities,scooping ice cream,ice_cream
4659,people,activities,scooping powder,powder
4660,people,activities,seated curl,curl
4661,people,activities,seated row,row
4662,people,activities,seated_at_computer,computer
4663,people,activities,selecting,selecting
4664,people,activities,selecting beverage,beverage
4665,people,activities,selecting eggs,egg
4666,people,activities,selecting items,item
4667,people,activities,selecting pepper,pepper
4668,people,activities,selecting tomatoes,tomato
4669,people,activities,selecting vegetables,vegetable
4670,people,activities,selecting_fruit,fruit
4671,people,activities,selecting_items,item
4672,people,activities,selling produce,produce
4673,people,activities,serving ice cream,ice_cream
4674,people,activities,serving plates,plate
4675,people,activities,setting_table,table
4676,people,activities,shaping clay,clay
4677,people,activities,shelving,shelving
4678,people,activities,sifting seeds,seed
4679,people,activities,signing document,document
4680,people,activities,signing_documents,document
4681,people,activities,sipping,sipping
4682,people,activities,sitting at desk,desk
4683,people,activities,sitting in cart,cart
4684,people,activities,sitting still,sitting
4685,people,activities,skateboarding,skateboarding
4686,people,activities,sliding,sliding
4687,people,activities,smoothing fabric,fabric
4688,people,activities,smoothing stone,stone
4689,people,activities,smoothing surface,surface
4690,people,activities,smoothing wood,wood
4691,people,activities,sorting apples,apple
4692,people,activities,sorting bottles,bottle
4693,people,activities,sorting greens,greens
4694,people,activities,sorting medication,medication
4695,people,activities,sorting medicines,medicine
4696,people,activities,sorting tomatoes,tomato
4697,people,activities,sowing,sowing
4698,people,activities,sowing seeds,seed
4699,people,activities,speaking on phone,phone
4700,people,activities,spooning,spooning
4701,people,activities,spraying,spraying
4702,people,activities,spraying hose,hose
4703,people,activities,spreading,spreading
4704,people,activities,spreading concrete,concrete
4705,people,activities,spreading dirt,dirt
4706,people,activities,spreading paint,paint
4707,people,activities,spreading seeds,seed
4708,people,activities,spreading soil,soil
4709,people,activities,sprinkling granules,granule
4710,people,activities,sprinkling sugar,sugar
4711,people,activities,squatting,squatting
4712,people,activities,stabilizing head,head
4713,people,activities,stacking,stacking
4714,people,activities,stacking bottles,bottle
4715,people,activities,stacking documents,document
4716,people,activities,stacking plates,plate
4717,people,activities,stacking tiles,tile
4718,people,activities,standing at bench,bench
4719,people,activities,standing at sink,sink
4720,people,activities,standing behind counter,counter
4721,people,activities,standing behind produce,produce
4722,people,activities,standing behind stall,stall
4723,people,activities,standing beside bed,bed
4724,people,activities,standing beside car,car
4725,people,activities,standing by bed,bed
4726,people,activities,standing still,standing
4727,people,activities,standing watch,watch
4728,people,activities,standup,standup
4729,people,activities,stepping,stepping
4730,people,activities,stirring drink,drink
4731,people,activities,stirring_pan,pan
4732,people,activities,stocking produce,produce
4733,people,activities,stocking shelf,shelf
4734,people,activities,stocking shelves,shelf
4735,people,activities,stoking fire,fire
4736,people,activities,stone carving,stone
4737,people,activities,stretching,stretching
4738,people,activities,strumming_guitar,guitar
4739,people,activities,supporting head,head
4740,people,activities,supporting_chest,chest
4741,people,activities,suturing,suturing
4742,people,activities,sweeping floor,floor
4743,people,activities,tamping,tamping
4744,people,activities,tapping card,card
4745,people,activities,tasting,tasting
4746,people,activities,tending flowers,flower
4747,people,activities,tending patient,patient
4748,people,activities,testing faucet,faucet
4749,people,activities,threading,threading
4750,people,activities,tighten valve,valve
4751,people,activities,tightening bolt,bolt
4752,people,activities,tightening faucet,faucet
4753,people,activities,touching,touching
4754,people,activities,touching bedrail,bedrail
4755,people,activities,touching book,book
4756,people,activities,touching chest,chest
4757,people,activities,touching counter,counter
4758,people,activities,touching device,device
4759,people,activities,touching document,document
4760,people,activities,touching face,face
4761,people,activities,touching monitor,screen
4762,people,activities,touching moss,moss
4763,people,activities,touching patient,patient
4764,people,activities,touching screen,screen
4765,people,activities,touching sculpture,sculpture
4766,people,activities,touching statue,statue
4767,people,activities,touching_client_face,face
4768,people,activities,touching_face,face
4769,people,activities,touching_page,page
4770,people,activities,touching_screen,screen
4771,people,activities,transferring liquid,liquid
4772,people,activities,transferring_liquid,liquid
4773,people,activities,treating,treating
4774,people,activities,treating_patient,patient
4775,people,activities,trimming herbs,herb
4776,people,activities,troweling,troweling
4777,people,activities,trying on glasses,glasses
4778,people,activities,trying_on,trying
4779,people,activities,trying_on_glasses,glasses
4780,people,activities,turn_page,page
4781,people,activities,turning,turning
4782,people,activities,turning faucet,faucet
4783,people,activities,turning handle,handle
4784,people,activities,turning head,head
4785,people,activities,turning_page,page
4786,people,activities,tying bag,bag
4787,people,activities,using anvil,anvil
4788,people,activities,using card reader,card_reader
4789,people,activities,using device,device
4790,people,activities,using flat iron,iron
4791,people,activities,using forceps,forceps
4792,people,activities,using fork,fork
4793,people,activities,using headset,headset
4794,people,activities,using instruments,instrument
4795,people,activities,using kiosk,kiosk
4796,people,activities,using lathe,lathe
4797,people,activities,using machine,machine
4798,people,activities,using multimeter,multimeter
4799,people,activities,using power tool,tool
4800,people,activities,using spoon,spoon
4801,people,activities,using stethoscope,stethoscope
4802,people,activities,using styling tool,styling
4803,people,activities,using tongs,tong
4804,people,activities,using tools,tool
4805,people,activities,using torch,torch
4806,people,activities,using treadmill,treadmill
4807,people,activities,using_cable_machine,machine
4808,people,activities,using_controller,controller
4809,people,activities,using_cutlery,cutlery
4810,people,activities,using_fork,fork
4811,people,activities,using_machine,machine
4812,people,activities,using_medical_box,box
4813,people,activities,using_monitor,screen
4814,people,activities,using_pipette,pipette
4815,people,activities,using_plunger,plunger
4816,people,activities,using_register,register
4817,people,activities,using_stylus,stylus
4818,people,activities,using_touchscreen,screen
4819,people,activities,viewing,viewing
4820,people,activities,viewing art,art
4821,people,activities,viewing artwork,art
4822,people,activities,viewing chart,chart
4823,people,activities,viewing code,code
4824,people,activities,viewing data,data
4825,people,activities,viewing display,screen
4826,people,activities,viewing exhibit,exhibit
4827,people,activities,viewing eyeglasses,glasses
4828,people,activities,viewing glasses,glasses
4829,people,activities,viewing images,image
4830,people,activities,viewing laptop,computer
4831,people,activities,viewing painting,painting
4832,people,activities,viewing presentation,presentation
4833,people,activities,viewing scans,scan
4834,people,activities,viewing x-ray,x_ray
4835,people,activities,viewing_code,code
4836,people,activities,viewing_document,document
4837,people,activities,viewing_laptop,computer
4838,people,activities,viewing_oranges,orange
4839,people,activities,viewing_presentation,presentation
4840,people,activities,washing dishes,dish
4841,people,activities,washing pan,pan
4842,people,activities,watching dogs,dog
4843,people,activities,watching monitor,screen
4844,people,activities,watching stage,stage
4845,people,activities,watching train,train
4846,people,activities,watching truck,truck
4847,people,activities,watching_screens,screen
4848,people,activities,wearing glasses,glasses
4849,people,activities,wearing_glasses,glasses
4850,people,activities,wearing_headset,headset
4851,people,activities,weighing,weighing
4852,people,activities,wiping sink,sink
4853,people,activities,wiping table,table
4854,people,activities,wiping_table,table
4855,people,activities,working at counter,counter
4856,people,activities,working metal,metal
4857,people,activities,working on computer,computer
4858,people,activities,working on dental model,model
4859,people,activities,working on electrical panel,panel
4860,people,activities,working on machine,machine
4861,people,activities,working on model,model
4862,people,activities,working on patient,patient
4863,people,activities,working on pipe,pipe
4864,people,activities,working on tooth,tooth
4865,people,activities,working_computer,computer
4866,people,activities,working_on_computer,computer
4867,people,activities,working_on_engine,engine
4868,people,activities,adjusting bag,bag
4869,people,activities,adjusting cuff,cuff
4870,people,activities,adjusting display,screen
4871,people,activities,adjusting drawing,drawing
4872,people,activities,adjusting faders,fader
4873,people,activities,adjusting fence,fence
4874,people,activities,adjusting jackets,jacket
4875,people,activities,adjusting lever,lever
4876,people,activities,adjusting mannequin,mannequin
4877,people,activities,adjusting microphone,microphone
4878,people,activities,adjusting scaffold,scaffold
4879,people,activities,adjusting shirt,shirt
4880,people,activities,adjusting suit,suit
4881,people,activities,adjusting tools,tool
4882,people,activities,adjusting_console,console
4883,people,activities,adjusting_equipment,equipment
4884,people,activities,adjusting_hard_hat,hat
4885,people,activities,adjusting_knobs,knob
4886,people,activities,adjusting_objective,objective
4887,people,activities,adjusting_panel,panel
4888,people,activities,adjusting_sample,sample
4889,people,activities,adjusting_shelf,shelf
4890,people,activities,adjusting_sunvisor,visor
4891,people,activities,adjusting_tripod,tripod
4892,people,activities,age_range,age
4893,people,activities,aiming gun,gun
4894,people,activities,aiming_camera,camera
4895,people,activities,aligning cloth,cloth
4896,people,activities,aligning wood,wood
4897,people,activities,applying dye,dye
4898,people,activities,arching back,back
4899,people,activities,arrange_glasses,glass
4900,people,activities,arranging buns,bun
4901,people,activities,arranging loaf,loaf
4902,people,activities,arranging loaves,loaf
4903,people,activities,arranging paper,paper
4904,people,activities,arranging placemat,placemat
4905,people,activities,arranging planks,plank
4906,people,activities,arranging_cape,cape
4907,people,activities,arranging_glass,glass
4908,people,activities,arranging_pastries,pastry
4909,people,activities,arranging_shelf,shelf
4910,people,activities,assisting customer,customer
4911,people,activities,assisting procedure,procedure
4912,people,activities,at attention,attention
4913,people,activities,at table,table
4914,people,activities,at_attention,attention
4915,people,activities,at_bar,bar
4916,people,activities,attending counter,counter
4917,people,activities,attending desk,desk
4918,people,activities,attending meeting,meeting
4919,people,activities,balance,balancing
4920,people,activities,ballet leap,leap
4921,people,activities,bartending,bartending
4922,people,activities,behind bar,bar
4923,people,activities,being brushed,brush
4924,people,activities,being combed,comb
4925,people,activities,being photographed,photo
4926,people,activities,being touched,touch
4927,people,activities,being_trimmed,trim
4928,people,activities,biting glove,glove
4929,people,activities,body_type,body
4930,people,activities,brooming,brooming
4931,people,activities,browsing_plants,plant
4932,people,activities,browsing_shelf,shelf
4933,people,activities,bundling,bundling
4934,people,activities,bundling grass,bundle
4935,people,activities,bundling rice,bundle
4936,people,activities,bundling seedlings,bundle
4937,people,activities,capping bottle,bottle
4938,people,activities,carrying air tank,tank
4939,people,activities,carrying boards,board
4940,people,activities,carrying forks,fork
4941,people,activities,carrying plants,plant
4942,people,activities,carrying plates,plate
4943,people,activities,carrying seedlings,seedling
4944,people,activities,carrying watering cans,watering
4945,people,activities,carrying_container,container
4946,people,activities,chasing dog,dog
4947,people,activities,checking bag,bag
4948,people,activities,checking display,display
4949,people,activities,checking door,door
4950,people,activities,checking monitors,screen
4951,people,activities,checking object,object
4952,people,activities,checking oil,oil
4953,people,activities,checking plants,plant
4954,people,activities,checking stretcher,stretcher
4955,people,activities,clamping,clamping
4956,people,activities,clasping hands,hand
4957,people,activities,cleaning glass,glass
4958,people,activities,cleaning glasses,glass
4959,people,activities,cleaning_path,path
4960,people,activities,cleaning_window,window
4961,people,activities,clenching fist,fist
4962,people,activities,closing truck door,door
4963,people,activities,clothing,clothing
4964,people,activities,collecting plants,plant
4965,people,activities,composing,composing
4966,people,activities,composing shot,shot
4967,people,activities,connecting hose,hose
4968,people,activities,connecting_hose,hose
4969,people,activities,controlling mouse,mouse
4970,people,activities,counting_cash,cash
4971,people,activities,cutting cheese,cheese
4972,people,activities,cutting dough,dough
4973,people,activities,cutting herbs,herb
4974,people,activities,dance,dance
4975,people,activities,dental cleaning,cleaning
4976,people,activities,dispensing drop,drop
4977,people,activities,djing,djing
4978,people,activities,driving bus,bus
4979,people,activities,driving forklift,forklift
4980,people,activities,dropping liquid,liquid
4981,people,activities,dusting bread,bread
4982,people,activities,dusting pastries,pastry
4983,people,activities,dusting sugar,sugar
4984,people,activities,dusting_flour,flour
4985,people,activities,en_pointe,pointe
4986,people,activities,engine_repair,repair
4987,people,activities,examining book,book
4988,people,activities,examining cloth,cloth
4989,people,activities,examining equipment,equipment
4990,people,activities,examining globe,globe
4991,people,activities,examining guitar,guitar
4992,people,activities,examining label,label
4993,people,activities,examining liquids,liquid
4994,people,activities,examining monitor,screen
4995,people,activities,examining object,object
4996,people,activities,examining painting,painting
4997,people,activities,examining scans,scan
4998,people,activities,examining stack,stack
4999,people,activities,examining statue,statue
5000,people,activities,examining tool,tool
5001,people,activities,examining_items,item
5002,people,activities,examining_table,table
5003,people,activities,expressing surprise,surprise
5004,people,activities,expressing_shock,shock
5005,people,activities,expression,expression
5006,people,activities,eyewear_present,eyewear
5007,people,activities,eyewear_type,eyewear
5008,people,activities,facial_hair_color,facial_hair
5009,people,activities,facial_hair_present,facial_hair
5010,people,activities,facial_hair_style,facial_hair
5011,people,activities,facing lights,light
5012,people,activities,facing_counter,counter
5013,people,activities,facing_curtain,curtain
5014,people,activities,facing_other_person,person
5015,people,activities,facing_outdoors,outdoors
5016,people,activities,facing_traffic,traffic
5017,people,activities,feeding metal,feeding
5018,people,activities,fighting fire,fighting
5019,people,activities,filing metal,file
5020,people,activities,filling bucket,filling
5021,people,activities,flipping food,flipping
5022,people,activities,flipping meat,flipping
5023,people,activities,folding clothes,folding
5024,people,activities,folding towels,folding
5025,people,activities,framing,framing
5026,people,activities,gathering greens,gathering
5027,people,activities,gathering plants,gathering
5028,people,activities,gaze_direction,gaze
5029,people,activities,gender_presentation,gender
5030,people,activities,grabbing jar,grabbing
5031,people,activities,grabbing produce,grabbing
5032,people,activities,grilling,grilling
5033,people,activities,gripping machine,gripping
5034,people,activities,guarding door,guarding
5035,people,activities,hair_color,hair
5036,people,activities,hair_combed,hair
5037,people,activities,hair_present,hair
5038,people,activities,hair_service,hair
5039,people,activities,hair_style,hair
5040,people,activities,hand on book,book
5041,people,activities,hand on control,hand
5042,people,activities,handling apples,handling
5043,people,activities,handling avocados,handling
5044,people,activities,handling basket,handling
5045,people,activities,handling board,handling
5046,people,activities,handling book,handling
5047,people,activities,handling bucket,bucket
5048,people,activities,handling clothes,handling
5049,people,activities,handling containers,handling
5050,people,activities,handling crates,handling
5051,people,activities,handling cups,handling
5052,people,activities,handling cylinder,handling
5053,people,activities,handling document,handling
5054,people,activities,handling drink,handling
5055,people,activities,handling fish,handling
5056,people,activities,handling goods,handling
5057,people,activities,handling harvest,handling
5058,people,activities,handling labware,handling
5059,people,activities,handling lid,handling
5060,people,activities,handling packages,package
5061,people,activities,handling paper,paper
5062,people,activities,handling pastries,handling
5063,people,activities,handling payment,payment
5064,people,activities,handling plates,plate
5065,people,activities,handling pointer,pointer
5066,people,activities,handling pot,pot
5067,people,activities,handling register,register
5068,people,activities,handling rod,rod
5069,people,activities,handling trays,tray
5070,people,activities,handling trowel,trowel
5071,people,activities,handling_bread,bread
5072,people,activities,handling_fruit,fruit
5073,people,activities,handling_glass,glass
5074,people,activities,handling_hose,handling
5075,people,activities,handling_jars,jar
5076,people,activities,handling_products,product
5077,people,activities,handling_tray,tray
5078,people,activities,handling_utensils,utensil
5079,people,activities,handling_vial,vial
5080,people,activities,hands on desk,desk
5081,people,activities,hands resting,hand
5082,people,activities,hands_in_pocket,hand
5083,people,activities,hands_on_bed,hand
5084,people,activities,hands_on_book,hand
5085,people,activities,having makeup applied,makeup
5086,people,activities,head_covering_present,head_covering
5087,people,activities,head_covering_type,head_covering
5088,people,activities,heating_metal,metal
5089,people,activities,holding backpack,backpack
5090,people,activities,holding beaker,beaker
5091,people,activities,holding bed rail,bed_rail
5092,people,activities,holding board,board
5093,people,activities,holding bowls,bowl
5094,people,activities,holding branch,branch
5095,people,activities,holding brushes,brush
5096,people,activities,holding bundles,bundle
5097,people,activities,holding burette,burette
5098,people,activities,holding car door,door
5099,people,activities,holding celery,celery
5100,people,activities,holding chair,chair
5101,people,activities,holding cleaning supplies,cleaning
5102,people,activities,holding coat,coat
5103,people,activities,holding control,control
5104,people,activities,holding counter,counter
5105,people,activities,holding doorframe,doorframe
5106,people,activities,holding extinguisher,extinguishing
5107,people,activities,holding file,file
5108,people,activities,holding flag,flag
5109,people,activities,holding fork,fork
5110,people,activities,holding fridge door,door
5111,people,activities,holding grater,grater
5112,people,activities,holding jacket,jacket
5113,people,activities,holding jars,jar
5114,people,activities,holding ladder,ladder
5115,people,activities,holding mallets,mallet
5116,people,activities,holding mouse,mouse
5117,people,activities,holding needle,needle
5118,people,activities,holding orb,orb
5119,people,activities,holding painting,painting
5120,people,activities,holding pan lid,lid
5121,people,activities,holding pastries,pastry
5122,people,activities,holding pipe,pipe
5123,people,activities,holding pole,pole
5124,people,activities,holding products,product
5125,people,activities,holding rebar,rebar
5126,people,activities,holding round discs,disc
5127,people,activities,holding sander,sander
5128,people,activities,holding sculpture,sculpture
5129,people,activities,holding sheet music,sheet
5130,people,activities,holding sign,sign
5131,people,activities,holding small stick,stick
5132,people,activities,holding spray,spray
5133,people,activities,holding spray bottle,bottle
5134,people,activities,holding sprayer,sprayer
5135,people,activities,holding staff,staff
5136,people,activities,holding statue,statue
5137,people,activities,holding toolbox,toolbox
5138,people,activities,holding tweezers,tweezer
5139,people,activities,holding utensil,utensil
5140,people,activities,holding weight,weight
5141,people,activities,holding window,window
5142,people,activities,holding/pointing at glasses,glass
5143,people,activities,holding_blueprints,blueprint
5144,people,activities,holding_clipper,clipper
5145,people,activities,holding_controller,controller
5146,people,activities,holding_controls,control
5147,people,activities,holding_counter,counter
5148,people,activities,holding_fern,fern
5149,people,activities,holding_hammer,hammer
5150,people,activities,holding_handle,handle
5151,people,activities,holding_hands,hand
5152,people,activities,holding_head,head
5153,people,activities,holding_lid,lid
5154,people,activities,holding_loaf,loaf
5155,people,activities,holding_plates,plate
5156,people,activities,holding_pole,pole
5157,people,activities,holding_reader,reader
5158,people,activities,holding_robe,robe
5159,people,activities,holding_sample,sample
5160,people,activities,holding_scissors,scissors
5161,people,activities,holding_screwdriver,screwdriver
5162,people,activities,holding_shaker,shaker
5163,people,activities,holding_spray,spray
5164,people,activities,holding_suction,suction
5165,people,activities,holding_trimmer,trimmer
5166,people,activities,inspecting celery,celery
5167,people,activities,inspecting glassware,glassware
5168,people,activities,inspecting greens,green
5169,people,activities,inspecting label,label
5170,people,activities,inspecting liquid,liquid
5171,people,activities,inspecting machinery,machinery
5172,people,activities,inspecting package,package
5173,people,activities,inspecting painting,painting
5174,people,activities,inspecting samples,sample
5175,people,activities,inspecting sculpture,sculpture
5176,people,activities,inspecting work,work
5177,people,activities,inspecting_machinery,machinery
5178,people,activities,inspecting_shelf,shelf
5179,people,activities,interacting at desk,desk
5180,people,activities,interacting with monitor,screen
5181,people,activities,interacting_with_counter,counter
5182,people,activities,leaning on sink,sink
5183,people,activities,leaning_on_cart,cart
5184,people,activities,lifting_pan,pan
5185,people,activities,looking at frames,frame
5186,people,activities,looking at garden,garden
5187,people,activities,looking at laptop,laptop
5188,people,activities,looking at painting,painting
5189,people,activities,looking at plants,plant
5190,people,activities,looking away,look
5191,people,activities,looking in mirror,mirror
5192,people,activities,looking into microscope,microscope
5193,people,activities,looking through device,device
5194,people,activities,looking through viewfinder,viewfinder
5195,people,activities,looking_ahead,look
5196,people,activities,looking_at_camera,camera
5197,people,activities,looking_at_microscope,microscope
5198,people,activities,looking_at_phone,phone
5199,people,activities,looking_at_train,train
5200,people,activities,looking_away,look
5201,people,activities,looking_forward,looking
5202,people,activities,looking_left,looking
5203,people,activities,looking_through_microscope,looking
5204,people,activities,lowering ramp,ramp
5205,people,activities,making face,face
5206,people,activities,manipulating,manipulating
5207,people,activities,manipulating pipette,pipette
5208,people,activities,manipulating_instruments,manipulating
5209,people,activities,measuring wood,wood
5210,people,activities,metal_grinding,metal
5211,people,activities,microscope observation,microscope
5212,people,activities,mixing drinks,drink
5213,people,activities,mixing liquids,liquid
5214,people,activities,mixing soil,soil
5215,people,activities,mixing_audio,audio
5216,people,activities,monitoring machine,machine
5217,people,activities,monitoring sound,sound
5218,people,activities,monitoring_audio,audio
5219,people,activities,mopping floor,floor
5220,people,activities,mouth_open,mouth
5221,people,activities,moving grain,grain
5222,people,activities,mowing lawn,lawn
5223,people,activities,near car,car
5224,people,activities,near microscope,microscope
5225,people,activities,near truck,truck
5226,people,activities,observing mannequin,mannequin
5227,people,activities,observing microscope,microscope
5228,people,activities,observing monitor,screen
5229,people,activities,observing monitors,screen
5230,people,activities,observing monument,monument
5231,people,activities,observing painting,painting
5232,people,activities,observing products,product
5233,people,activities,observing sculpture,sculpture
5234,people,activities,observing statue,statue
5235,people,activities,observing track,track
5236,people,activities,observing_fire,fire
5237,people,activities,observing_garden,garden
5238,people,activities,observing_plants,plant
5239,people,activities,observing_products,product
5240,people,activities,observing_seedlings,seedling
5241,people,activities,observing_site,site
5242,people,activities,on_stage,stage
5243,people,activities,opening truck,truck
5244,people,activities,opening window,window
5245,people,activities,operating appliance,appliance
5246,people,activities,operating bulldozer,bulldozer
5247,people,activities,operating device,device
5248,people,activities,operating drill,drill
5249,people,activities,operating meat slicer,slicer
5250,people,activities,operating mouse,mouse
5251,people,activities,operating mower,mower
5252,people,activities,operating panel,panel
5253,people,activities,operating power tool,tool
5254,people,activities,operating pump,pump
5255,people,activities,operating sander,sander
5256,people,activities,operating scrubber,scrubber
5257,people,activities,operating soundboard,soundboard
5258,people,activities,operating spreader,spreader
5259,people,activities,operating sweeper,sweeping
5260,people,activities,operating tap,tap
5261,people,activities,operating valve,valve
5262,people,activities,operating_card_terminal,terminal
5263,people,activities,operating_computer,computer
5264,people,activities,operating_console,console
5265,people,activities,operating_controls,control
5266,people,activities,operating_tap,tap
5267,people,activities,operating_valve,valve
5268,people,activities,operating_vise,vise
5269,people,activities,organizing shelves,shelf
5270,people,activities,organizing supplies,supply
5271,people,activities,painting statue,statue
5272,people,activities,patrol,patrol
5273,people,activities,peeling,peeling
5274,people,activities,performing_procedure,procedure
5275,people,activities,photo editing,photo
5276,people,activities,picking glasses,glass
5277,people,activities,picking peppers,pepper
5278,people,activities,placing,placing
5279,people,activities,placing boards,board
5280,people,activities,placing bottle,bottle
5281,people,activities,placing garnish,garnish
5282,people,activities,placing wood,wood
5283,people,activities,placing_bread,bread
5284,people,activities,playing instrument,instrument
5285,people,activities,playing keyboards,keyboard
5286,people,activities,playing saxophone,saxophone
5287,people,activities,playing_drums,drum
5288,people,activities,playing_guitar,guitar
5289,people,activities,pointing at screen,screen
5290,people,activities,pointing_with_pen,pen
5291,people,activities,portrayed,portrayed
5292,people,activities,pose,pose
5293,people,activities,posed,posed
5294,people,activities,posing for photo,photo
5295,people,activities,pouring cocktail,cocktail
5296,people,activities,pouring oil,oil
5297,people,activities,preparing greens,greens
5298,people,activities,preparing herbs,herb
5299,people,activities,preparing ingredients,ingredient
5300,people,activities,preparing instruments,instrument
5301,people,activities,preparing lift,lift
5302,people,activities,preparing salmon,salmon
5303,people,activities,preparing sample,sample
5304,people,activities,preparing slide,slide
5305,people,activities,preparing tomatoes,tomato
5306,people,activities,preparing_drink,drink
5307,people,activities,preparing_vegetables,vegetable
5308,people,activities,prepping_vegetables,vegetable
5309,people,activities,presenting dishes,dish
5310,people,activities,presenting pastries,pastry
5311,people,activities,presenting_food,food
5312,people,activities,pressing buttons,button
5313,people,activities,pressing dough,dough
5314,people,activities,pressing fabric,fabric
5315,people,activities,pressing keys,key
5316,people,activities,pressing metal,metal
5317,people,activities,pressing_button,button
5318,people,activities,pressing_screen,screen
5319,people,activities,pressure washing,washing
5320,people,activities,pressure_washing,washing
5321,people,activities,processing_item,item
5322,people,activities,providing aid,aid
5323,people,activities,pulling bin,bin
5324,people,activities,pulling cart,cart
5325,people,activities,pulling_bucket,bucket
5326,people,activities,pushing edger,edger
5327,people,activities,pushing forklift,forklift
5328,people,activities,pushing hand tractor,tractor
5329,people,activities,pushing hand truck,truck
5330,people,activities,pushing handtruck,truck
5331,people,activities,pushing pallet,pallet
5332,people,activities,pushing roller,roller
5333,people,activities,pushing spreader,spreader
5334,people,activities,pushing_broom,broom
5335,people,activities,pushing_mop,mop
5336,people,activities,putting on glove,glove
5337,people,activities,putting on gloves,glove
5338,people,activities,raking,raking
5339,people,activities,reaching for jar,jar
5340,people,activities,reaching visor,visor
5341,people,activities,reaching_for_item,item
5342,people,activities,reading charts,chart
5343,people,activities,reading labels,label
5344,people,activities,reading music,music
5345,people,activities,reading plan,plan
5346,people,activities,reading_chart,chart
5347,people,activities,reading_code,code
5348,people,activities,receiving dental treatment,treatment
5349,people,activities,receiving touch,touch
5350,people,activities,receiving_dental_care,care
5351,people,activities,receiving_hair_service,service
5352,people,activities,recording,recording
5353,people,activities,repair faucet,faucet
5354,people,activities,repair sink,sink
5355,people,activities,repairing board,board
5356,people,activities,resting arm,arm
5357,people,activities,resting chin,chin
5358,people,activities,resting hand on face,hand
5359,people,activities,resting_arm,arm
5360,people,activities,resting_chin,chin
5361,people,activities,resting_on_cart,cart
5362,people,activities,reviewing blueprint,blueprint
5363,people,activities,riding bike,bike
5364,people,activities,riding scooter,scooter
5365,people,activities,riding transit,transit
5366,people,activities,rinsing,rinsing
5367,people,activities,rolling_dough,dough
5368,people,activities,sawing,sawing
5369,people,activities,scoring,scoring
5370,people,activities,scoring bread,bread
5371,people,activities,screaming,screaming
5372,people,activities,scrubbing pot,pot
5373,people,activities,searing,searing
5374,people,activities,seated at desk,desk
5375,people,activities,selecting brush,brush
5376,people,activities,selecting drink,drink
5377,people,activities,selecting oranges,orange
5378,people,activities,selecting tools,tool
5379,people,activities,selecting_medicine,medicine
5380,people,activities,serving coffee,coffee
5381,people,activities,serving dish,dish
5382,people,activities,serving pastries,pastry
5383,people,activities,setting glass,glass
5384,people,activities,shaping bread,bread
5385,people,activities,shaping wood,wood
5386,people,activities,shifting_gear,gear
5387,people,activities,shooting,shooting
5388,people,activities,shouting,shouting
5389,people,activities,showing surprise,surprise
5390,people,activities,sifting grain,grain
5391,people,activities,sitting in cab,cab
5392,people,activities,sitting in car,car
5393,people,activities,skin_tone,skin
5394,people,activities,smoothing_wood,wood
5395,people,activities,sorting boxes,box
5396,people,activities,sorting forms,form
5397,people,activities,sorting fruit,fruit
5398,people,activities,sorting items,item
5399,people,activities,sorting medicine,medicine
5400,people,activities,sorting peas,pea
5401,people,activities,sorting rice,rice
5402,people,activities,sorting supplies,supply
5403,people,activities,splashing,splashing
5404,people,activities,spray,spray
5405,people,activities,spreading flour,flour
5406,people,activities,spreading sand,sand
5407,people,activities,sprinkling herbs,herb
5408,people,activities,standing at attention,attention
5409,people,activities,standing at counter,standing
5410,people,activities,standing by vehicle,standing
5411,people,activities,standing outside car,standing
5412,people,activities,standing with arms crossed,standing
5413,people,activities,"standing],","standing],"
5414,people,activities,standing_at_counter,standing
5415,people,activities,standing_in_rain,standing
5416,people,activities,staring,staring
5417,people,activities,sticking out tongue,sticking
5418,people,activities,sticking_out_tongue,sticking
5419,people,activities,strumming,strumming
5420,people,activities,supporting,supporting
5421,people,activities,taking_box,taking
5422,people,activities,taking_selfie,taking
5423,people,activities,tapping tablet,tapping
5424,people,activities,tattoo_present,tattoo
5425,people,activities,tending furnace,tending
5426,people,activities,testing produce,testing
5427,people,activities,testing sample,testing
5428,people,activities,thumbs up,thumb
5429,people,activities,thumbs_up,thumb
5430,people,activities,tilting head,tilting
5431,people,activities,tossing,tossing
5432,people,activities,touching bar,touching
5433,people,activities,touching bust,touching
5434,people,activities,touching cheek,touching
5435,people,activities,touching controls,touching
5436,people,activities,touching crop,touching
5437,people,activities,touching documents,touching
5438,people,activities,touching ear,touching
5439,people,activities,touching foliage,touching
5440,people,activities,touching fruit,touching
5441,people,activities,touching hands,touching
5442,people,activities,touching laptop,touching
5443,people,activities,touching mannequin,touching
5444,people,activities,touching neck,touching
5445,people,activities,touching page,page
5446,people,activities,touching pastry,touching
5447,people,activities,touching shelf,touching
5448,people,activities,touching vehicle,touching
5449,people,activities,touching_chest,chest
5450,people,activities,touching_hair,hair
5451,people,activities,touching_neck,touching
5452,people,activities,touching_stove,touching
5453,people,activities,touching_train,touching
5454,people,activities,tracing fabric,tracing
5455,people,activities,trimming hair,trimming
5456,people,activities,turning pages,page
5457,people,activities,turning screwdriver,turning
5458,people,activities,turning wrench,turning
5459,people,activities,turning_tap,turning
5460,people,activities,turning_valve,valve
5461,people,activities,tying rebar,tying
5462,people,activities,tying tie,tying
5463,people,activities,tying_apron,apron
5464,people,activities,unrolling fabric,fabric
5465,people,activities,unscrewing,unscrewing
5466,people,activities,using compactor,compactor
5467,people,activities,using dropper,dropper
5468,people,activities,using faucet,faucet
5469,people,activities,using grinder,grinder
5470,people,activities,using hand tool,tool
5471,people,activities,using mixer,mixer
5472,people,activities,using payment terminal,terminal
5473,people,activities,using vise,vise
5474,people,activities,using_card_reader,card_reader
5475,people,activities,using_card_terminal,terminal
5476,people,activities,using_curler,curler
5477,people,activities,using_tools,tool
5478,people,activities,viewing camera screen,screen
5479,people,activities,viewing charts,chart
5480,people,activities,viewing spreadsheet,spreadsheet
5481,people,activities,viewing_charts,chart
5482,people,activities,walking away,walking
5483,people,activities,washing greens,greens
5484,people,activities,washing hands,hand
5485,people,activities,washing sink,sink
5486,people,activities,watching_fire,fire
5487,people,activities,watching_screen,screen
5488,people,activities,watering grass,grass
5489,people,activities,wearing helmet,helmet
5490,people,activities,wearing medal,medal
5491,people,activities,wearing suit,suit
5492,people,activities,weighing_or_scanning,weighing
5493,people,activities,wiping head,head
5494,people,activities,working at table,table
5495,people,activities,working forge,forge
5496,people,activities,working on faucet,faucet
5497,people,activities,working soil,soil
5498,people,activities,working_at_counter,counter
5499,scene_appearance,aesthetic_qualities,fantasy,fantasy
5500,people,body_type,curvy,curvy
5501,people,clothing_garment,air tank,tank
5502,people,clothing_garment,air_tank_backpack,backpack
5503,people,clothing_garment,ankle coverings,covering
5504,people,clothing_garment,apron (work uniform),apron
5505,people,clothing_garment,apron or striped pants,apron
5506,people,clothing_garment,apron straps,strap
5507,people,clothing_garment,apron/arm protection,apron
5508,people,clothing_garment,apron/dress,apron
5509,people,clothing_garment,apron/pouch,apron
5510,people,clothing_garment,apron/scrub dress,apron
5511,people,clothing_garment,apron_or_suspender,apron
5512,people,clothing_garment,apron_or_tied_jacket,apron
5513,people,clothing_garment,apron_or_vest,apron
5514,people,clothing_garment,apron_overalls,apron
5515,people,clothing_garment,athletic leggings,legging
5516,people,clothing_garment,athletic pants,pant
5517,people,clothing_garment,athletic_shoes,shoe
5518,people,clothing_garment,back brace,brace
5519,people,clothing_garment,backpack (strap visible),backpack
5520,people,clothing_garment,backpack straps,strap
5521,people,clothing_garment,badge_plate,plate
5522,people,clothing_garment,ballet_tutu,tutu
5523,people,clothing_garment,barber cape,cape
5524,people,clothing_garment,bedding/blanket,bedding
5525,people,clothing_garment,belt pouch,pouch
5526,people,clothing_garment,belt/vest,belt
5527,people,clothing_garment,black jacket,jacket
5528,people,clothing_garment,black shoes,shoe
5529,people,clothing_garment,blanket/gown,blanket
5530,people,clothing_garment,blouse/collar,blouse
5531,people,clothing_garment,blouse_sleeves,sleeve
5532,people,clothing_garment,blue dress,dress
5533,people,clothing_garment,blue overalls,overall
5534,people,clothing_garment,boot_covers,cover
5535,people,clothing_garment,bow,bow
5536,people,clothing_garment,bra,bra
5537,people,clothing_garment,breathing apparatus,apparatus
5538,people,clothing_garment,breathing cylinder,cylinder
5539,people,clothing_garment,button-up_shirt,shirt
5540,people,clothing_garment,camo jacket,jacket
5541,people,clothing_garment,camo pants,pant
5542,people,clothing_garment,camouflage shirt,shirt
5543,people,clothing_garment,cargo_pants,pants
5544,people,clothing_garment,cervical collar,collar
5545,people,clothing_garment,chef shirt,shirt
5546,people,clothing_garment,cleats,cleat
5547,people,clothing_garment,cloak,cloak
5548,people,clothing_garment,combat_uniform,uniform
5549,people,clothing_garment,conical hat,hat
5550,people,clothing_garment,conical_hat,hat
5551,people,clothing_garment,coveralls/jacket,coverall
5552,people,clothing_garment,cowboy hat,hat
5553,people,clothing_garment,cowboy_hat,hat
5554,people,clothing_garment,cravat,cravat
5555,people,clothing_garment,cutting_cape,cape
5556,people,clothing_garment,dark bottoms,bottom
5557,people,clothing_garment,dark long-sleeve garment,garment
5558,people,clothing_garment,dark shirt,shirt
5559,people,clothing_garment,dental bib,bib
5560,people,clothing_garment,dental_bib,bib
5561,people,clothing_garment,disposable apron/gown,apron
5562,people,clothing_garment,disposable mask,mask
5563,people,clothing_garment,disposable_glove,glove
5564,people,clothing_garment,disposable_gloves,glove
5565,people,clothing_garment,dress (overlay/vest),dress
5566,people,clothing_garment,dress (pinafore),dress
5567,people,clothing_garment,dress hat,hat
5568,people,clothing_garment,dress uniform jacket,jacket
5569,people,clothing_garment,dress/top,dress
5570,people,clothing_garment,duty belt (police),belt
5571,people,clothing_garment,duty hat,hat
5572,people,clothing_garment,duty pants,pant
5573,people,clothing_garment,epaulette,epaulette
5574,people,clothing_garment,face shield,shield
5575,people,clothing_garment,fatigues,fatigue
5576,people,clothing_garment,flag pin,pin
5577,people,clothing_garment,flannel jacket,jacket
5578,people,clothing_garment,flannel_shirt,shirt
5579,people,clothing_garment,gardening gloves,glove
5580,people,clothing_garment,gown/blanket,gown
5581,people,clothing_garment,green pants,pant
5582,people,clothing_garment,green vest,vest
5583,people,clothing_garment,hair cape,cape
5584,people,clothing_garment,hard_hat,hat
5585,people,clothing_garment,head covering,covering
5586,people,clothing_garment,hi-vis jacket,jacket
5587,people,clothing_garment,hi-vis jacket (uniform),jacket
5588,people,clothing_garment,hi-vis shirt,shirt
5589,people,clothing_garment,high-visibility collar,collar
5590,people,clothing_garment,high-visibility trousers,trouser
5591,people,clothing_garment,high-waisted bottoms,bottom
5592,people,clothing_garment,high heels,heel
5593,people,clothing_garment,high_vis_shirt,shirt
5594,people,clothing_garment,high_visibility_shirt,shirt
5595,people,clothing_garment,high_waisted_pants,pant
5596,people,clothing_garment,hooded coat,coat
5597,people,clothing_garment,hooded flannel shirt,shirt
5598,people,clothing_garment,hooded shirt,shirt
5599,people,clothing_garment,hoodie (visible hood),hoodie
5600,people,clothing_garment,inner_collar,collar
5601,people,clothing_garment,jabot,jabot
5602,people,clothing_garment,jacket (uniform),jacket
5603,people,clothing_garment,jacket sleeve,sleeve
5604,people,clothing_garment,jacket_tied,jacket
5605,people,clothing_garment,jersey,jersey
5606,people,clothing_garment,joggers,jogger
5607,people,clothing_garment,judicial_robe,robe
5608,people,clothing_garment,knee-length skirt/shorts,skirt
5609,people,clothing_garment,kneepads,kneepad
5610,people,clothing_garment,knit head covering,head_covering
5611,people,clothing_garment,knit scarf,scarf
5612,people,clothing_garment,lab coat (professional uniform),coat
5613,people,clothing_garment,lab coat (professional),coat
5614,people,clothing_garment,lace sleeves,sleeve
5615,people,clothing_garment,lapel_pin,pin
5616,people,clothing_garment,latex gloves,glove
5617,people,clothing_garment,leather_apron,apron
5618,people,clothing_garment,long-sleeve blouse,blouse
5619,people,clothing_garment,long-sleeve jacket,jacket
5620,people,clothing_garment,long-sleeve layer,layer
5621,people,clothing_garment,long-sleeve plaid shirt,shirt
5622,people,clothing_garment,long dress / gown,dress
5623,people,clothing_garment,long puffer coat,coat
5624,people,clothing_garment,long scarf,scarf
5625,people,clothing_garment,long skirt,skirt
5626,people,clothing_garment,long sleeve,sleeve
5627,people,clothing_garment,long sleeve undershirt,undershirt
5628,people,clothing_garment,long_sleeve,sleeve
5629,people,clothing_garment,long_sleeve_layer,layer
5630,people,clothing_garment,long_sleeve_under,underlayer
5631,people,clothing_garment,long_sleeve_underlayer,underlayer
5632,people,clothing_garment,long_sleeve_undershirt,undershirt
5633,people,clothing_garment,maroon dress,dress
5634,people,clothing_garment,medical drape,drape
5635,people,clothing_garment,medical glove,glove
5636,people,clothing_garment,medical gown,gown
5637,people,clothing_garment,medical sheet/gown,gown
5638,people,clothing_garment,medical_gloves,glove
5639,people,clothing_garment,medical_mask,mask
5640,people,clothing_garment,navy belt,belt
5641,people,clothing_garment,navy scarf,scarf
5642,people,clothing_garment,neck bands,band
5643,people,clothing_garment,neck bow,bow
5644,people,clothing_garment,neck ribbon,ribbon
5645,people,clothing_garment,neck strip,strip
5646,people,clothing_garment,neck stripe,stripe
5647,people,clothing_garment,neck_covering,covering
5648,people,clothing_garment,neck_tie,tie
5649,people,clothing_garment,neckcloth,neckcloth
5650,people,clothing_garment,necklace,necklace
5651,people,clothing_garment,nitrile gloves,glove
5652,people,clothing_garment,off-shoulder top,top
5653,people,clothing_garment,outer_layer,layer
5654,people,clothing_garment,oven_mitt,mitt
5655,people,clothing_garment,overalls / harness,overall
5656,people,clothing_garment,overalls / tool apron,overall
5657,people,clothing_garment,overalls_bib,bib
5658,people,clothing_garment,overalls_strap,strap
5659,people,clothing_garment,padded jacket,jacket
5660,people,clothing_garment,patches/badges,patch
5661,people,clothing_garment,patient gown / sheet,gown
5662,people,clothing_garment,patrol cap,cap
5663,people,clothing_garment,patrol_cap,cap
5664,people,clothing_garment,patterned blouse,blouse
5665,people,clothing_garment,patterned top,top
5666,people,clothing_garment,peaked hat,hat
5667,people,clothing_garment,peaked_cap,cap
5668,people,clothing_garment,pencil skirt,skirt
5669,people,clothing_garment,pilot shirt,shirt
5670,people,clothing_garment,pilot uniform shirt,shirt
5671,people,clothing_garment,plaid button-up shirt,shirt
5672,people,clothing_garment,plaid jacket,jacket
5673,people,clothing_garment,plaid shirt/jacket,shirt
5674,people,clothing_garment,police shirt (uniform),shirt
5675,people,clothing_garment,police uniform jacket,jacket
5676,people,clothing_garment,police vest,vest
5677,people,clothing_garment,police_shirt,shirt
5678,people,clothing_garment,polka-dot apron,apron
5679,people,clothing_garment,pouch,pouch
5680,people,clothing_garment,protective coat,coat
5681,people,clothing_garment,protective coverall,coverall
5682,people,clothing_garment,protective goggles,goggles
5683,people,clothing_garment,protective gown,gown
5684,people,clothing_garment,protective helmet,helmet
5685,people,clothing_garment,protective jacket,jacket
5686,people,clothing_garment,protective pants,pants
5687,people,clothing_garment,protective vest,vest
5688,people,clothing_garment,protective_coat,coat
5689,people,clothing_garment,protective_glove,glove
5690,people,clothing_garment,protective_goggles,goggles
5691,people,clothing_garment,quilted jacket,jacket
5692,people,clothing_garment,quilted vest,vest
5693,people,clothing_garment,reflective belt,belt
5694,people,clothing_garment,reflective strap,strap
5695,people,clothing_garment,reflective strap/apron,strap
5696,people,clothing_garment,reflective_harness,harness
5697,people,clothing_garment,reflective_stripe,stripe
5698,people,clothing_garment,ribbon,ribbon
5699,people,clothing_garment,rolled shirt,shirt
5700,people,clothing_garment,rubber boots,boot
5701,people,clothing_garment,rubber_boots,boot
5702,people,clothing_garment,safety boots,boot
5703,people,clothing_garment,safety glasses,glasses
5704,people,clothing_garment,safety goggles,goggles
5705,people,clothing_garment,safety harness strap,strap
5706,people,clothing_garment,safety harness/straps,strap
5707,people,clothing_garment,safety helmet,helmet
5708,people,clothing_garment,safety overalls,overall
5709,people,clothing_garment,safety strap,strap
5710,people,clothing_garment,safety straps,strap
5711,people,clothing_garment,safety_belt,belt
5712,people,clothing_garment,safety_harness,harness
5713,people,clothing_garment,satchel strap,strap
5714,people,clothing_garment,scba,scba
5715,people,clothing_garment,SCBA backpack,backpack
5716,people,clothing_garment,SCBA cylinder (air tank) worn on back,cylinder
5717,people,clothing_garment,scba tank,tank
5718,people,clothing_garment,SCBA tank (worn),tank
5719,people,clothing_garment,SCBA tank and harness,tank
5720,people,clothing_garment,SCBA_cylinder,cylinder
5721,people,clothing_garment,SCBA_tanks,tank
5722,people,clothing_garment,scrub gown,gown
5723,people,clothing_garment,scrub/gown,scrubs
5724,people,clothing_garment,scrub_gown,gown
5725,people,clothing_garment,scrub_sleeve,sleeve
5726,people,clothing_garment,scrubs/shirt,scrubs
5727,people,clothing_garment,scrubs_pants,pants
5728,people,clothing_garment,seat_cover,cover
5729,people,clothing_garment,sheer blouse,blouse
5730,people,clothing_garment,shirt (uniform),shirt
5731,people,clothing_garment,shirt collar,collar
5732,people,clothing_garment,shirt cuff,cuff
5733,people,clothing_garment,shirt/scarf,shirt
5734,people,clothing_garment,shirt_collar,collar
5735,people,clothing_garment,short-sleeve checked shirt,shirt
5736,people,clothing_garment,short-sleeve collared shirt,shirt
5737,people,clothing_garment,short-sleeve plaid shirt,shirt
5738,people,clothing_garment,short-sleeve polo,polo
5739,people,clothing_garment,short-sleeve tunic,tunic
5740,people,clothing_garment,short-sleeve uniform shirt,shirt
5741,people,clothing_garment,shoulder cloth,cloth
5742,people,clothing_garment,shoulder epaulet,epaulet
5743,people,clothing_garment,shoulder epaulet (uniform),epaulet
5744,people,clothing_garment,shoulder epaulette,epaulet
5745,people,clothing_garment,shoulder_bag_strap,strap
5746,people,clothing_garment,skullcap,skullcap
5747,people,clothing_garment,sleeve,sleeve
5748,people,clothing_garment,sleeve/arm brace,brace
5749,people,clothing_garment,sleeve/jacket,sleeve
5750,people,clothing_garment,sleeve/outer,sleeve
5751,people,clothing_garment,sleeveless coat,coat
5752,people,clothing_garment,sleeveless shirt,shirt
5753,people,clothing_garment,sling bag,bag
5754,people,clothing_garment,slip-on_shoes,shoe
5755,people,clothing_garment,sparkly dress,dress
5756,people,clothing_garment,sparkly top,top
5757,people,clothing_garment,sparkly_v-neck_top,top
5758,people,clothing_garment,stretcher blanket,blanket
5759,people,clothing_garment,striped sweater,sweater
5760,people,clothing_garment,surgical gown/scrubs,gown
5761,people,clothing_garment,surgical mask (lowered),mask
5762,people,clothing_garment,surgical_bib,bib
5763,people,clothing_garment,sweater (visible sleeve),sweater
5764,people,clothing_garment,sweater cuff,cuff
5765,people,clothing_garment,sweater dress,dress
5766,people,clothing_garment,tactical vest (POLICE),vest
5767,people,clothing_garment,tactical_vest,vest
5768,people,clothing_garment,tool,tool
5769,people,clothing_garment,toolbelt,toolbelt
5770,people,clothing_garment,tote bag,bag
5771,people,clothing_garment,turnout_jacket,jacket
5772,people,clothing_garment,turtleneck sweater,sweater
5773,people,clothing_garment,uniform (work uniform),uniform
5774,people,clothing_garment,uniform cap,cap
5775,people,clothing_garment,uniform vest,vest
5776,people,clothing_garment,uniform_pants,pants
5777,people,clothing_garment,utility belt,belt
5778,people,clothing_garment,utility_pouch,pouch
5779,people,clothing_garment,v-neck,neck
5780,people,clothing_garment,v-neck top,top
5781,people,clothing_garment,vest or jacket (partial),vest
5782,people,clothing_garment,visor,visor
5783,people,clothing_garment,visor_hat,hat
5784,people,clothing_garment,waist pouch,pouch
5785,people,clothing_garment,waterproof pants/apron,pant
5786,people,clothing_garment,wedding_gown,gown
5787,people,clothing_garment,weighted/harness vest,vest
5788,people,clothing_garment,welding gloves,glove
5789,people,clothing_garment,welding helmet,helmet
5790,people,clothing_garment,white blouse,blouse
5791,people,clothing_garment,white top,top
5792,people,clothing_garment,work apron/tool belt,apron
5793,people,clothing_garment,work belt,belt
5794,people,clothing_garment,work helmet,helmet
5795,people,clothing_garment,work overalls,overall
5796,people,clothing_garment,work shoes,shoe
5797,people,clothing_garment,work_belt,belt
5798,people,clothing_garment,wrap/skirt,wrap
5799,people,clothing_garment,aiguillette,aiguillette
5800,people,clothing_garment,air_tank_harness,harness
5801,people,clothing_garment,apron (work),apron
5802,people,clothing_garment,apron/suspenders,apron
5803,people,clothing_garment,apron/tool_belt,apron
5804,people,clothing_garment,apron/utility belt,apron
5805,people,clothing_garment,apron_bow,apron
5806,people,clothing_garment,arm sleeve,sleeve
5807,people,clothing_garment,arm_sleeve,sleeve
5808,people,clothing_garment,armbands,armband
5809,people,clothing_garment,armor,armor
5810,people,clothing_garment,armored chestpiece,chestpiece
5811,people,clothing_garment,badge/patch,badge
5812,people,clothing_garment,ballet dress,dress
5813,people,clothing_garment,bare torso,torso
5814,people,clothing_garment,bare_torso,torso
5815,people,clothing_garment,beaded breastplate,breastplate
5816,people,clothing_garment,beaded chestpiece,chestpiece
5817,people,clothing_garment,beaded chestplate,chestplate
5818,people,clothing_garment,beaded collar,collar
5819,people,clothing_garment,beaded garment,garment
5820,people,clothing_garment,beaded medallion,medallion
5821,people,clothing_garment,beaded sash,sash
5822,people,clothing_garment,beaded shoulder panels,panel
5823,people,clothing_garment,beaded vest,vest
5824,people,clothing_garment,beaded yoke,yoke
5825,people,clothing_garment,beaded_bib,bib
5826,people,clothing_garment,belt/sash,belt
5827,people,clothing_garment,bib_overall,overall
5828,people,clothing_garment,black pants,pant
5829,people,clothing_garment,black polo shirt,shirt
5830,people,clothing_garment,black strap,strap
5831,people,clothing_garment,black top,top
5832,people,clothing_garment,body vest,vest
5833,people,clothing_garment,bodysuit,bodysuit
5834,people,clothing_garment,bottoms,bottom
5835,people,clothing_garment,boutonniere,boutonniere
5836,people,clothing_garment,bra top,top
5837,people,clothing_garment,bra/top,bra
5838,people,clothing_garment,bralette,bralette
5839,people,clothing_garment,breastplate,breastplate
5840,people,clothing_garment,camera strap,strap
5841,people,clothing_garment,camo uniform,uniform
5842,people,clothing_garment,camouflage_uniform,uniform
5843,people,clothing_garment,checked shirt,shirt
5844,people,clothing_garment,chef trousers,trousers
5845,people,clothing_garment,chef_shirt,shirt
5846,people,clothing_garment,chest regalia,regalia
5847,people,clothing_garment,chest strap,strap
5848,people,clothing_garment,chest_apron,apron
5849,people,clothing_garment,chest_armor,armor
5850,people,clothing_garment,chest_patch,patch
5851,people,clothing_garment,chest_strap,strap
5852,people,clothing_garment,chestpiece,chestpiece
5853,people,clothing_garment,chestplate,chestplate
5854,people,clothing_garment,cloth_apron,apron
5855,people,clothing_garment,collared jacket,jacket
5856,people,clothing_garment,collared undershirt,undershirt
5857,people,clothing_garment,combat vest,vest
5858,people,clothing_garment,compression sleeves,sleeve
5859,people,clothing_garment,compression_sleeve,sleeve
5860,people,clothing_garment,crewneck shirt,shirt
5861,people,clothing_garment,crewneck undershirt,undershirt
5862,people,clothing_garment,dark apron,apron
5863,people,clothing_garment,dark pants,pants
5864,people,clothing_garment,decorative chestplate,chestplate
5865,people,clothing_garment,double-breasted top,top
5866,people,clothing_garment,draped cloth,cloth
5867,people,clothing_garment,dress cap,cap
5868,people,clothing_garment,dress jacket,jacket
5869,people,clothing_garment,dress uniform,uniform
5870,people,clothing_garment,duty_vest,vest
5871,people,clothing_garment,embellished bodice,bodice
5872,people,clothing_garment,epaulette stripes,epaulette
5873,people,clothing_garment,face covering,face_covering
5874,people,clothing_garment,face_cover,face_covering
5875,people,clothing_garment,feather headdress,headdress
5876,people,clothing_garment,feather headdress (war bonnet),headdress
5877,people,clothing_garment,feathered headdress,headdress
5878,people,clothing_garment,field cap,cap
5879,people,clothing_garment,flag_patch,patch
5880,people,clothing_garment,floral short-sleeve top,top
5881,people,clothing_garment,fringe garment,garment
5882,people,clothing_garment,fringe jacket,jacket
5883,people,clothing_garment,fringe skirt,skirt
5884,people,clothing_garment,fringe vest,vest
5885,people,clothing_garment,fringed garment,garment
5886,people,clothing_garment,fringed jacket,jacket
5887,people,clothing_garment,fringed leather garment,garment
5888,people,clothing_garment,fringed leather shirt,shirt
5889,people,clothing_garment,fringed leggings,legging
5890,people,clothing_garment,fringed robe,robe
5891,people,clothing_garment,fringed shirt,shirt
5892,people,clothing_garment,fringed_leather_garment,garment
5893,people,clothing_garment,gingham apron,apron
5894,people,clothing_garment,guitar (instrument),guitar
5895,people,clothing_garment,guitar_strap,strap
5896,people,clothing_garment,harness strap,strap
5897,people,clothing_garment,harness straps,strap
5898,people,clothing_garment,harness_strap,strap
5899,people,clothing_garment,head_covering,covering
5900,people,clothing_garment,headdress,headdress
5901,people,clothing_garment,headpiece,headpiece
5902,people,clothing_garment,headset,headset
5903,people,clothing_garment,high-collar shirt,shirt
5904,people,clothing_garment,high-waisted skirt,skirt
5905,people,clothing_garment,high_collar,collar
5906,people,clothing_garment,hijab,hijab
5907,people,clothing_garment,hooded puffer jacket,jacket
5908,people,clothing_garment,hooded_layer,layer
5909,people,clothing_garment,inner shirt,shirt
5910,people,clothing_garment,knee pad,pad
5911,people,clothing_garment,knee socks,sock
5912,people,clothing_garment,lab_garment,garment
5913,people,clothing_garment,lab_gown,gown
5914,people,clothing_garment,lapel pin,pin
5915,people,clothing_garment,leather jacket,jacket
5916,people,clothing_garment,leather shirt,shirt
5917,people,clothing_garment,leather straps,strap
5918,people,clothing_garment,leather vest,vest
5919,people,clothing_garment,long-sleeve garment,garment
5920,people,clothing_garment,long-sleeve sweater,sweater
5921,people,clothing_garment,long dress,dress
5922,people,clothing_garment,long pleated skirt,skirt
5923,people,clothing_garment,long sleeve (arm covering),arm_covering
5924,people,clothing_garment,low-cut top,top
5925,people,clothing_garment,metal badge,badge
5926,people,clothing_garment,moccasins,moccasin
5927,people,clothing_garment,neck_strip,strip
5928,people,clothing_garment,neckline collar,collar
5929,people,clothing_garment,off-shoulder blouse,blouse
5930,people,clothing_garment,open shirt,shirt
5931,people,clothing_garment,outer garment,garment
5932,people,clothing_garment,overalls/straps,strap
5933,people,clothing_garment,patch/badge,patch
5934,people,clothing_garment,patterned sweater,sweater
5935,people,clothing_garment,patterned_tie_or_scarf,tie
5936,people,clothing_garment,pens,pen
5937,people,clothing_garment,pinafore/dress,pinafore
5938,people,clothing_garment,plastic cape,cape
5939,people,clothing_garment,pleated skirt,skirt
5940,people,clothing_garment,police_cap,cap
5941,people,clothing_garment,police_pants,pants
5942,people,clothing_garment,police_uniform_shirt,shirt
5943,people,clothing_garment,protective glasses,glasses
5944,people,clothing_garment,protective gloves,glove
5945,people,clothing_garment,protective harness,harness
5946,people,clothing_garment,protective suit,suit
5947,people,clothing_garment,protective_coverall,coverall
5948,people,clothing_garment,race_bib,bib
5949,people,clothing_garment,racing suit,suit
5950,people,clothing_garment,red scarf,scarf
5951,people,clothing_garment,reflective_strap,strap
5952,people,clothing_garment,reflective_straps,strap
5953,people,clothing_garment,reflective_strip,strip
5954,people,clothing_garment,respirator/mask,respirator
5955,people,clothing_garment,rubber shoes,shoe
5956,people,clothing_garment,ruff_collar,collar
5957,people,clothing_garment,safety_shoe,shoe
5958,people,clothing_garment,safety_strap,strap
5959,people,clothing_garment,safety_vest (visible strap),vest
5960,people,clothing_garment,sarong,sarong
5961,people,clothing_garment,scba cylinder,cylinder
5962,people,clothing_garment,SCBA harness,harness
5963,people,clothing_garment,SCBA pack,pack
5964,people,clothing_garment,scrub collar,collar
5965,people,clothing_garment,seat harness,harness
5966,people,clothing_garment,sequin jacket,jacket
5967,people,clothing_garment,sequined jacket,jacket
5968,people,clothing_garment,sequined skirt,skirt
5969,people,clothing_garment,sheer dress,dress
5970,people,clothing_garment,sheer jacket,jacket
5971,people,clothing_garment,shirt (checkered),shirt
5972,people,clothing_garment,shirt (visible collar),shirt
5973,people,clothing_garment,shirt_cuff,cuff
5974,people,clothing_garment,shirtless,shirtless
5975,people,clothing_garment,shoe,shoe
5976,people,clothing_garment,short sleeve athletic shirt,shirt
5977,people,clothing_garment,shoulder cord,cord
5978,people,clothing_garment,shoulder_cord,cord
5979,people,clothing_garment,skirt_panel,skirt
5980,people,clothing_garment,sleeveless dress/top,dress
5981,people,clothing_garment,sleeveless uniform dress,dress
5982,people,clothing_garment,sports jersey,jersey
5983,people,clothing_garment,stole,stole
5984,people,clothing_garment,strappy top,top
5985,people,clothing_garment,strappy_top,top
5986,people,clothing_garment,striped tie,tie
5987,people,clothing_garment,suit/vest,suit
5988,people,clothing_garment,sweater (visible under shirt),sweater
5989,people,clothing_garment,sweater_vest,vest
5990,people,clothing_garment,t-shirt (visible at collar),t_shirt
5991,people,clothing_garment,tank,tank
5992,people,clothing_garment,tights_or_pants,pant
5993,people,clothing_garment,toque,toque
5994,people,clothing_garment,tote_bag,bag
5995,people,clothing_garment,tunic/apron,tunic
5996,people,clothing_garment,turnout gear,gear
5997,people,clothing_garment,tutu/skirt,tutu/skirt
5998,people,clothing_garment,tutu_skirt,skirt
5999,people,clothing_garment,undershirt_collar,collar
6000,people,clothing_garment,undersleeve,undersleeve
6001,people,clothing_garment,underwear,underwear
6002,people,clothing_garment,uniform/top,top
6003,people,clothing_garment,uniform_hat,hat
6004,people,clothing_garment,vest/strap,vest
6005,people,clothing_garment,waist cloth,cloth
6006,people,clothing_garment,waist towel,towel
6007,people,clothing_garment,waist_cloth,cloth
6008,people,clothing_garment,waist_tie,tie
6009,people,clothing_garment,watch,watch
6010,people,clothing_garment,welding apron,apron
6011,people,clothing_garment,white chef shirt,shirt
6012,people,clothing_garment,white long-sleeve top,top
6013,people,clothing_garment,white tunic,tunic
6014,people,clothing_garment,work coverall,coverall
6015,people,clothing_garment,work pants with reflective strip,pants
6016,people,clothing_garment,work uniform,uniform
6017,people,clothing_garment,work_coverall,coverall
6018,people,clothing_garment,work_glove,glove
6019,people,clothing_garment,wrap skirt,skirt
6020,people,clothing_garment,zip jacket,jacket
6021,people,facial_hair_color,gold,gold
6022,people,facial_hair_color,red,red
6023,people,facial_hair_color,silver,silver
6024,people,facial_hair_color,yellow,yellow
6025,objects,items,adjustment_tool,tool
6026,objects,items,advertisement boards,board
6027,objects,items,advertising_board,board
6028,objects,items,advertising_boards,board
6029,objects,items,air cylinders,cylinder
6030,objects,items,air extinguisher tank,tank
6031,objects,items,air regulator,regulator
6032,objects,items,air tank,tank
6033,objects,items,aircraft,aircraft
6034,objects,items,aircraft_window,window
6035,objects,items,airplane,airplane
6036,objects,items,airplane window,window
6037,objects,items,airport chairs,chair
6038,objects,items,aisle,aisle
6039,objects,items,ambulance,ambulance
6040,objects,items,ambulance cabinets,cabinet
6041,objects,items,ambulance interior panel,panel
6042,objects,items,ambulance_cabinet,cabinet
6043,objects,items,ambulance_interior,interior
6044,objects,items,American flag,flag
6045,objects,items,amplifiers,amplifier
6046,objects,items,angle_grinder,grinder
6047,objects,items,apartment building,building
6048,objects,items,appetizers,appetizer
6049,objects,items,apple,apple
6050,objects,items,apple crate,crate
6051,objects,items,apple tree,tree
6052,objects,items,apple_crate,crate
6053,objects,items,apron,apron
6054,objects,items,arched window,window
6055,objects,items,arched_window,window
6056,objects,items,area rug,rug
6057,objects,items,armband,armband
6058,objects,items,armored truck,truck
6059,objects,items,armrest,armrest
6060,objects,items,art prints,print
6061,objects,items,artificial turf,turf
6062,objects,items,artwork,artwork
6063,objects,items,asphalt,asphalt
6064,objects,items,assembly line,line
6065,objects,items,assembly line components,component
6066,objects,items,assembly machinery,machinery
6067,objects,items,assembly_line_machinery,machinery
6068,objects,items,assorted vegetables,vegetable
6069,objects,items,athletic field,field
6070,objects,items,athletic shoes,shoe
6071,objects,items,athletic turf,turf
6072,objects,items,athletic_field,field
6073,objects,items,athletic_turf,turf
6074,objects,items,audience seats,seat
6075,objects,items,audio equipment,equipment
6076,objects,items,audio_mixer,mixer
6077,objects,items,auditorium seat,seat
6078,objects,items,auditorium_seats,seat
6079,objects,items,automated_vehicle,vehicle
6080,objects,items,avocados,avocado
6081,objects,items,awning,awning
6082,objects,items,awnings,awning
6083,objects,items,axe,axe
6084,objects,items,bag of eggs,bag
6085,objects,items,bag of mushrooms,bag
6086,objects,items,bag of oranges,bag
6087,objects,items,bag of peppers,bag
6088,objects,items,bag of potatoes,bag
6089,objects,items,bag of produce,bag
6090,objects,items,bag of tomatoes,bag
6091,objects,items,bag of vegetables,bag
6092,objects,items,bag_of_bread,bag
6093,objects,items,bagel,bagel
6094,objects,items,bagged broccoli,broccoli
6095,objects,items,bagged greens,greens
6096,objects,items,bagged oranges,orange
6097,objects,items,bagged potatoes,potato
6098,objects,items,bagged produce,produce
6099,objects,items,bagged tomatoes,tomato
6100,objects,items,bagged vegetables,vegetable
6101,objects,items,bagged_greens,greens
6102,objects,items,bagged_produce,produce
6103,objects,items,baking dish,dish
6104,objects,items,baking rack,rack
6105,objects,items,baking sheet,sheet
6106,objects,items,baking trays,tray
6107,objects,items,baking_rack,rack
6108,objects,items,balcony railing,railing
6109,objects,items,ballet shoe,shoe
6110,objects,items,bamboo stakes,stake
6111,objects,items,bar,bar
6112,objects,items,bar mat,mat
6113,objects,items,bar table,table
6114,objects,items,bar_attachment,attachment
6115,objects,items,bar_counter,counter
6116,objects,items,bar_stool,stool
6117,objects,items,bar_table,table
6118,objects,items,barbell,barbell
6119,objects,items,barber cape,cape
6120,objects,items,barber_cape,cape
6121,objects,items,barcode scanner,scanner
6122,objects,items,barcode_scanner,scanner
6123,objects,items,barrel,barrel
6124,objects,items,barrier tape,tape
6125,objects,items,baseball cap,cap
6126,objects,items,basin,basin
6127,objects,items,basket of produce,basket
6128,objects,items,basket_of_tomatoes,basket
6129,objects,items,baton,baton
6130,objects,items,beakers,beaker
6131,objects,items,bed,bed
6132,objects,items,beer tap,tap
6133,objects,items,beer taps,tap
6134,objects,items,belt,belt
6135,objects,items,belt pouch,pouch
6136,objects,items,bench grinder,grinder
6137,objects,items,bench scraper,scraper
6138,objects,items,bench seat,seat
6139,objects,items,beverage bottles,bottle
6140,objects,items,beverage_bottles,bottle
6141,objects,items,beverage_shelves,shelf
6142,objects,items,bicycles,bicycle
6143,objects,items,binders,binder
6144,objects,items,binoculars,binocular
6145,objects,items,bird,bird
6146,objects,items,black chair,chair
6147,objects,items,black leather chair,chair
6148,objects,items,black taxi (in painting),taxi
6149,objects,items,blister pack,pack
6150,objects,items,blue bag,bag
6151,objects,items,blue bin,bin
6152,objects,items,blue bucket,bucket
6153,objects,items,blue plastic crate,crate
6154,objects,items,blue rolling basket,basket
6155,objects,items,blue trash bin,bin
6156,objects,items,boardwalk,boardwalk
6157,objects,items,body armor,armor
6158,objects,items,body camera,camera
6159,objects,items,body_armor_vest,vest
6160,objects,items,bollard,bollard
6161,objects,items,bolt,bolt
6162,objects,items,bolt rack,rack
6163,objects,items,bolts,bolt
6164,objects,items,book display,display
6165,objects,items,book rack,rack
6166,objects,items,book stack,stack
6167,objects,items,book_display,display
6168,objects,items,booth,booth
6169,objects,items,booth_seat,seat
6170,objects,items,boots,boot
6171,objects,items,bottle_dispenser,dispenser
6172,objects,items,bottled drinks,drink
6173,objects,items,bottled drinks shelf,shelf
6174,objects,items,bottled juices,juice
6175,objects,items,bottled_products,product
6176,objects,items,bottles/jars,bottle
6177,objects,items,boutonniere,boutonniere
6178,objects,items,bow,bow
6179,objects,items,bowl of greens,bowl
6180,objects,items,bowl_of_greens,bowl
6181,objects,items,bowls,bowl
6182,objects,items,box,box
6183,objects,items,box truck (open rear),truck
6184,objects,items,boxed_product,product
6185,objects,items,bread basket,basket
6186,objects,items,bread loaf,loaf
6187,objects,items,bread packs,pack
6188,objects,items,bread rolls,roll
6189,objects,items,bread_dough,dough
6190,objects,items,bread_loaves,bread
6191,objects,items,bread_roll,bread
6192,objects,items,bread_rolls,roll
6193,objects,items,breaker panel,panel
6194,objects,items,breathing apparatus,apparatus
6195,objects,items,breathing cylinder,cylinder
6196,objects,items,breathing tanks,tank
6197,objects,items,breathing_apparatus,apparatus
6198,objects,items,breathing_cylinder,cylinder
6199,objects,items,brick,brick
6200,objects,items,brick buildings,building
6201,objects,items,brick hearth,hearth
6202,objects,items,brick pavement,pavement
6203,objects,items,brick storefronts,storefront
6204,objects,items,brick_building,building
6205,objects,items,brick_wall,wall
6206,objects,items,bricks,brick
6207,objects,items,brochure holder,holder
6208,objects,items,bronze statue,statue
6209,objects,items,broom and dustpan,broom
6210,objects,items,brush,brush
6211,objects,items,brushes,brush
6212,objects,items,brushes (holder),brush
6213,objects,items,bucket cart,cart
6214,objects,items,buffet counter,counter
6215,objects,items,building wall,wall
6216,objects,items,building_structure,structure
6217,objects,items,building_under_construction,building
6218,objects,items,bulletin board,board
6219,objects,items,bulletin_board,board
6220,objects,items,bundle,bundle
6221,objects,items,bundle of cables,cable
6222,objects,items,bundle of electrical wires,wire
6223,objects,items,bundle of greens,green
6224,objects,items,bundle of plants,plant
6225,objects,items,bundle of wires,wire
6226,objects,items,bundle_of_wires,wire
6227,objects,items,buns,bun
6228,objects,items,burger,burger
6229,objects,items,burning doorway,doorway
6230,objects,items,burning house,house
6231,objects,items,bus front,bus
6232,objects,items,bus seat,seat
6233,objects,items,bus shelter,shelter
6234,objects,items,bus stop pole,pole
6235,objects,items,bus stop shelter,shelter
6236,objects,items,bus window,window
6237,objects,items,bus_seat,seat
6238,objects,items,bus_stop_shelter,shelter
6239,objects,items,bus_wheel,wheel
6240,objects,items,bust,bust
6241,objects,items,bust sculpture,bust
6242,objects,items,cabin ceiling,ceiling
6243,objects,items,cabin panel,panel
6244,objects,items,cabinet,cabinet
6245,objects,items,cable,cable
6246,objects,items,cable machine,machine
6247,objects,items,cable row bar,bar
6248,objects,items,cable_handle,handle
6249,objects,items,cafe awning,awning
6250,objects,items,cake_stand,stand
6251,objects,items,calipers,caliper
6252,objects,items,camera lens,lens
6253,objects,items,camera on tripod,camera
6254,objects,items,camera rig,rig
6255,objects,items,camera_rig,rig
6256,objects,items,candelabra,candelabra
6257,objects,items,candelabrum,candelabrum
6258,objects,items,candles,candle
6259,objects,items,candlesticks,candlestick
6260,objects,items,canned beverages,beverage
6261,objects,items,canned goods,can
6262,objects,items,cans,can
6263,objects,items,canvas painting,painting
6264,objects,items,cape,cape
6265,objects,items,car door,door
6266,objects,items,car grille,grille
6267,objects,items,car headlight,headlight
6268,objects,items,car headrest,headrest
6269,objects,items,car lift,lift
6270,objects,items,car seat,seat
6271,objects,items,car side mirror,mirror
6272,objects,items,car window,window
6273,objects,items,car_dashboard,dashboard
6274,objects,items,car_door,door
6275,objects,items,car_engine,engine
6276,objects,items,car_seat,seat
6277,objects,items,car_seat_headrest,headrest
6278,objects,items,carafe,carafe
6279,objects,items,card,card
6280,objects,items,card payment terminal,terminal
6281,objects,items,card stack,card
6282,objects,items,card_machine,machine
6283,objects,items,card_reader,reader
6284,objects,items,cardboard_boxes,box
6285,objects,items,cardboard_tray,tray
6286,objects,items,cargo aircraft,aircraft
6287,objects,items,carry-on bag,bag
6288,objects,items,cartons,carton
6289,objects,items,cash,cash
6290,objects,items,cash_register,register
6291,objects,items,caulking gun,gun
6292,objects,items,caution sign,sign
6293,objects,items,ceiling lamp,lamp
6294,objects,items,ceiling light,light
6295,objects,items,ceiling panels,panel
6296,objects,items,ceiling_light,light
6297,objects,items,ceiling_lights,light
6298,objects,items,celery,celery
6299,objects,items,cell phone,phone
6300,objects,items,chafing dish,dish
6301,objects,items,chain-link fence,fence
6302,objects,items,chain necklace,necklace
6303,objects,items,charts,chart
6304,objects,items,check-in counter,counter
6305,objects,items,checkout conveyor,conveyor
6306,objects,items,checkout_counter,counter
6307,objects,items,checkout_terminal,terminal
6308,objects,items,cheese packages,package
6309,objects,items,chef hat,hat
6310,objects,items,chef knife,knife
6311,objects,items,chef_knife,knife
6312,objects,items,chip bags,bag
6313,objects,items,chip_bag,bag
6314,objects,items,chisel/rasp tool,tool
6315,objects,items,chopped vegetables,vegetable
6316,objects,items,circuit board,board
6317,objects,items,circuit breaker panel,panel
6318,objects,items,circular pit,pit
6319,objects,items,circular saw,saw
6320,objects,items,city bus,bus
6321,objects,items,civilian SUV,suv
6322,objects,items,clamp stand,stand
6323,objects,items,clamps,clamp
6324,objects,items,clay sculpture,sculpture
6325,objects,items,cleaning bottle,bottle
6326,objects,items,cleaning bottles,bottle
6327,objects,items,cleaning bucket,bucket
6328,objects,items,cleaning caddy,caddy
6329,objects,items,cleaning cloth,cloth
6330,objects,items,cleaning jug,jug
6331,objects,items,cleaning_bottle,bottle
6332,objects,items,cleaning_cart,cart
6333,objects,items,cleats,cleat
6334,objects,items,cleaver,cleaver
6335,objects,items,climbing bars,bar
6336,objects,items,cloth,cloth
6337,objects,items,clothes,clothe
6338,objects,items,clothing,clothing
6339,objects,items,coal,coal
6340,objects,items,cobblestone pavement,pavement
6341,objects,items,cockpit control panel,panel
6342,objects,items,cockpit instrument panel,panel
6343,objects,items,cockpit window,window
6344,objects,items,cockpit windshield,windshield
6345,objects,items,cocktail glass (yellow),glass
6346,objects,items,cocktail jiggers,jigger
6347,objects,items,cocktail shakers,shaker
6348,objects,items,cocktail_shaker,shaker
6349,objects,items,coconuts,coconut
6350,objects,items,coffee bag,bag
6351,objects,items,coffee beans,bean
6352,objects,items,coffee dripper,dripper
6353,objects,items,coffee pitcher,pitcher
6354,objects,items,coffee tap,tap
6355,objects,items,coffee_cups,cup
6356,objects,items,coffee_machine,machine
6357,objects,items,coffee_mug,mug
6358,objects,items,coffee_table,table
6359,objects,items,coiled_hose,hose
6360,objects,items,coin_payment_panel,panel
6361,objects,items,computer,computer
6362,objects,items,computer_mouse,mouse
6363,objects,items,computer_terminal,terminal
6364,objects,items,concrete,concrete
6365,objects,items,concrete block,block
6366,objects,items,concrete block wall,wall
6367,objects,items,concrete blocks,block
6368,objects,items,concrete building,building
6369,objects,items,concrete building frame,frame
6370,objects,items,concrete channel,channel
6371,objects,items,concrete column,column
6372,objects,items,concrete columns,column
6373,objects,items,concrete frame,frame
6374,objects,items,concrete ground,ground
6375,objects,items,concrete path,path
6376,objects,items,concrete pile,pile
6377,objects,items,concrete pillar,pillar
6378,objects,items,concrete slab,slab
6379,objects,items,concrete slabs,slab
6380,objects,items,concrete structure,structure
6381,objects,items,concrete tunnel,tunnel
6382,objects,items,concrete walkway,walkway
6383,objects,items,concrete wall,wall
6384,objects,items,concrete_blocks,block
6385,objects,items,concrete_column,column
6386,objects,items,concrete_ramp,ramp
6387,objects,items,concrete_wall,wall
6388,objects,items,concrete_wall_with_blueprint,wall
6389,objects,items,conference_phone,phone
6390,objects,items,conical flask,flask
6391,objects,items,conical hat,hat
6392,objects,items,construction building,building
6393,objects,items,construction plans,plan
6394,objects,items,construction vehicle,vehicle
6395,objects,items,construction_vehicle,vehicle
6396,objects,items,containers,container
6397,objects,items,control console,console
6398,objects,items,control knobs,knob
6399,objects,items,control lever,lever
6400,objects,items,control levers,lever
6401,objects,items,control_box,box
6402,objects,items,controller,controller
6403,objects,items,conveyor rollers,roller
6404,objects,items,conveyor_belt,belt
6405,objects,items,cookbook,cookbook
6406,objects,items,cooking utensils,utensil
6407,objects,items,cooking_pot,pot
6408,objects,items,copper pipe,pipe
6409,objects,items,copper pipes,pipe
6410,objects,items,cordless drill,drill
6411,objects,items,cordless_drill,drill
6412,objects,items,corridor railing,railing
6413,objects,items,counter display,display
6414,objects,items,coupe cocktail glass,glass
6415,objects,items,cowboy hat,hat
6416,objects,items,crane,crane
6417,objects,items,crate of oranges,crate
6418,objects,items,crate of produce,crate
6419,objects,items,crate of red peppers,crate
6420,objects,items,crate_of_oranges,crate
6421,objects,items,crate_of_tomatoes,crate
6422,objects,items,crates,crate
6423,objects,items,crates of fruit,crate
6424,objects,items,crates of oranges,crate
6425,objects,items,credit card,card
6426,objects,items,credit_card,card
6427,objects,items,crosswalk_lines,line
6428,objects,items,crosswalk_markings,marking
6429,objects,items,crowbar,crowbar
6430,objects,items,crucifix,crucifix
6431,objects,items,cucumber,cucumber
6432,objects,items,cucumbers,cucumber
6433,objects,items,culvert,culvert
6434,objects,items,curb,curb
6435,objects,items,curling iron,iron
6436,objects,items,curtains,curtain
6437,objects,items,curved monitor,screen
6438,objects,items,curved_knife,knife
6439,objects,items,cushion,cushion
6440,objects,items,cutlery,cutlery
6441,objects,items,cutting table,table
6442,objects,items,cutting tool,tool
6443,objects,items,cutting_board,board
6444,objects,items,cutting_cape,cape
6445,objects,items,cutting_tool,tool
6446,objects,items,cylindrical cans,can
6447,objects,items,cylindrical roller,roller
6448,objects,items,cymbal,cymbal
6449,objects,items,dashboard gauges,gauge
6450,objects,items,dashboard screen,screen
6451,objects,items,dashboard/center console,console
6452,objects,items,dashboard_console,console
6453,objects,items,debris,debri
6454,objects,items,decorative rocks,rock
6455,objects,items,delivery truck,truck
6456,objects,items,delivery_van,van
6457,objects,items,denim shirt,shirt
6458,objects,items,dental bib,bib
6459,objects,items,dental brush,brush
6460,objects,items,dental bur,bur
6461,objects,items,dental dam,dam
6462,objects,items,dental drill,drill
6463,objects,items,dental explorer,explorer
6464,objects,items,dental handpiece,handpiece
6465,objects,items,dental implant,implant
6466,objects,items,dental instrument,instrument
6467,objects,items,dental instruments,instrument
6468,objects,items,dental microscope,microscope
6469,objects,items,dental mirror,mirror
6470,objects,items,dental model,model
6471,objects,items,dental probe,probe
6472,objects,items,dental scaler,scaler
6473,objects,items,dental scaler/handpiece,handpiece
6474,objects,items,dental unit,unit
6475,objects,items,dental x-ray screen,screen
6476,objects,items,dental_handpiece_holder,holder
6477,objects,items,dental_overhead_light,light
6478,objects,items,dental_scaler,scaler
6479,objects,items,dental_tool,tool
6480,objects,items,dental_tools,tool
6481,objects,items,dentures,denture
6482,objects,items,departure_board,board
6483,objects,items,desk pad,pad
6484,objects,items,desk_signs,sign
6485,objects,items,desktop computer,computer
6486,objects,items,dessert,dessert
6487,objects,items,detergent bottle,bottle
6488,objects,items,diffuser_panel,panel
6489,objects,items,digital display,display
6490,objects,items,digital screen,screen
6491,objects,items,digital timetable,timetable
6492,objects,items,digital wall display,display
6493,objects,items,digital_sign,sign
6494,objects,items,dining_table,table
6495,objects,items,dirt mound,mound
6496,objects,items,dirt road,road
6497,objects,items,dish,dish
6498,objects,items,dish brush,brush
6499,objects,items,dish soap bottle,bottle
6500,objects,items,dispenser,dispenser
6501,objects,items,dispensers,dispenser
6502,objects,items,display,display
6503,objects,items,display case,case
6504,objects,items,display crate,crate
6505,objects,items,display monitor,screen
6506,objects,items,display panel,panel
6507,objects,items,display panels,panel
6508,objects,items,display refrigerator,refrigerator
6509,objects,items,display screen,screen
6510,objects,items,display shelf,shelf
6511,objects,items,display shelving,shelving
6512,objects,items,display stand,stand
6513,objects,items,display tray,tray
6514,objects,items,display_rack,rack
6515,objects,items,display_shelves,shelf
6516,objects,items,display_stand,stand
6517,objects,items,display_table,table
6518,objects,items,display_trays,tray
6519,objects,items,disposable_gloves,glove
6520,objects,items,document folder,folder
6521,objects,items,document organizer,organizer
6522,objects,items,document stack,stack
6523,objects,items,document trays,tray
6524,objects,items,document with chart,document
6525,objects,items,dog collar,collar
6526,objects,items,door frame,frame
6527,objects,items,door handle,handle
6528,objects,items,door/frame,door
6529,objects,items,doorframe,doorframe
6530,objects,items,doors,door
6531,objects,items,doorway,doorway
6532,objects,items,double door,door
6533,objects,items,double_door,door
6534,objects,items,dough pieces,dough
6535,objects,items,draft tap,tap
6536,objects,items,drain opening,drain
6537,objects,items,drain pipe,pipe
6538,objects,items,drawing board,board
6539,objects,items,drawing_board,board
6540,objects,items,drawstring bag,bag
6541,objects,items,dress form (mannequin),form
6542,objects,items,dress_form,form
6543,objects,items,drill press,press
6544,objects,items,drill spindle,spindle
6545,objects,items,drill_spindle,spindle
6546,objects,items,drink cup,cup
6547,objects,items,drink refrigerator,refrigerator
6548,objects,items,drink taps,tap
6549,objects,items,drink_glass,glass
6550,objects,items,drinking glass,glass
6551,objects,items,drip tray,tray
6552,objects,items,driver_seat,seat
6553,objects,items,drum,drum
6554,objects,items,dryer,dryer
6555,objects,items,dumbbell,dumbbell
6556,objects,items,dumbbell rack,rack
6557,objects,items,duster,duster
6558,objects,items,dustpan,dustpan
6559,objects,items,duty belt,belt
6560,objects,items,duty_belt,belt
6561,objects,items,earbud,earbud
6562,objects,items,easel with canvas,easel
6563,objects,items,egg carton,carton
6564,objects,items,egg cartons,carton
6565,objects,items,egg display,display
6566,objects,items,egg_carton,carton
6567,objects,items,egg_cartons,carton
6568,objects,items,eggs,egg
6569,objects,items,electric motor,motor
6570,objects,items,electric_guitar,guitar
6571,objects,items,electric_meter,meter
6572,objects,items,electrical box,box
6573,objects,items,electrical modules,module
6574,objects,items,electrical outlet,outlet
6575,objects,items,electrical wires,wire
6576,objects,items,electrical_panel,panel
6577,objects,items,electrocautery_pen,pen
6578,objects,items,electronic device,device
6579,objects,items,electronic display,display
6580,objects,items,electronic route display,display
6581,objects,items,electronic_display,display
6582,objects,items,electrosurgical pencil,pencil
6583,objects,items,engine_part,part
6584,objects,items,entrance doors,door
6585,objects,items,equipment bag,bag
6586,objects,items,equipment case,case
6587,objects,items,equipment panel,panel
6588,objects,items,equipment shelf,shelf
6589,objects,items,equipment_case,case
6590,objects,items,equipment_table,table
6591,objects,items,espresso_machine,machine
6592,objects,items,examination_bed,bed
6593,objects,items,excavator track,track
6594,objects,items,exercise bench,bench
6595,objects,items,exercise machine,machine
6596,objects,items,exercise_bench,bench
6597,objects,items,exercise_machine,machine
6598,objects,items,exit door,door
6599,objects,items,exit sign,sign
6600,objects,items,exit_door,door
6601,objects,items,exit_sign,sign
6602,objects,items,eyeglass display,display
6603,objects,items,eyeglass_display,display
6604,objects,items,eyeglasses display,display
6605,objects,items,fabric bolt,fabric
6606,objects,items,fabric roll,fabric
6607,objects,items,fabric rolls,fabric
6608,objects,items,fabric sheet,fabric
6609,objects,items,fabric_roll,fabric
6610,objects,items,face mask,mask
6611,objects,items,face shield,shield
6612,objects,items,face_mask,mask
6613,objects,items,face_shield,shield
6614,objects,items,farebox,farebox
6615,objects,items,fedora hat,hat
6616,objects,items,fern,fern
6617,objects,items,fern plants,fern
6618,objects,items,fertilizer pellets,fertilizer
6619,objects,items,field,field
6620,objects,items,field lines,line
6621,objects,items,field soil,soil
6622,objects,items,file drawers,drawer
6623,objects,items,file folder,folder
6624,objects,items,file organizer,organizer
6625,objects,items,filing tray,tray
6626,objects,items,fire extinguisher,extinguisher
6627,objects,items,fire helmet,helmet
6628,objects,items,fire nozzle,nozzle
6629,objects,items,fire truck,truck
6630,objects,items,fire_truck,truck
6631,objects,items,firearm,firearm
6632,objects,items,firebrick,firebrick
6633,objects,items,firefighter helmet,helmet
6634,objects,items,first_aid_kit,kit
6635,objects,items,flange,flange
6636,objects,items,flat-screen monitor,screen
6637,objects,items,flat iron,iron
6638,objects,items,flat mop,mop
6639,objects,items,flat_screen_monitor,screen
6640,objects,items,flight case,case
6641,objects,items,flight display,display
6642,objects,items,flight displays,display
6643,objects,items,flight instruments,instrument
6644,objects,items,flipchart,flipchart
6645,objects,items,floodlight,floodlight
6646,objects,items,floor brush,brush
6647,objects,items,floor cleaning machine,machine
6648,objects,items,floor mat,mat
6649,objects,items,floor monitor,monitor
6650,objects,items,floor reflection,reflection
6651,objects,items,floor sweeper,sweeper
6652,objects,items,floor tiles,tile
6653,objects,items,floor_mat,mat
6654,objects,items,floor_mop,mop
6655,objects,items,floor_sweeper,sweeper
6656,objects,items,floral centerpiece,centerpiece
6657,objects,items,floral_arch,arch
6658,objects,items,floral_arrangement,arrangement
6659,objects,items,flour,flour
6660,objects,items,flower bouquet,bouquet
6661,objects,items,flower bush,bush
6662,objects,items,flower plant,plant
6663,objects,items,flower vase,vase
6664,objects,items,flower_arrangement,arrangement
6665,objects,items,flower_bed,bed
6666,objects,items,flower_bouquet,bouquet
6667,objects,items,flower_bush,bush
6668,objects,items,flowering bush,bush
6669,objects,items,flowering plants,plant
6670,objects,items,fluorescent_light,light
6671,objects,items,fluorescent_lights,light
6672,objects,items,fog,fog
6673,objects,items,folded fabric,fabric
6674,objects,items,folded fabric stacks,fabric
6675,objects,items,folded napkin,napkin
6676,objects,items,folded towels,towel
6677,objects,items,folded_clothes,clothes
6678,objects,items,folders,folder
6679,objects,items,folding ruler,ruler
6680,objects,items,folding table,table
6681,objects,items,food packages,package
6682,objects,items,food tray,tray
6683,objects,items,food_packages,package
6684,objects,items,football field,field
6685,objects,items,football turf,turf
6686,objects,items,football_field,field
6687,objects,items,forceps,forcep
6688,objects,items,forge/fire,forge
6689,objects,items,fork,fork
6690,objects,items,formwork boards,board
6691,objects,items,formwork box,box
6692,objects,items,fountain spray,spray
6693,objects,items,frame,frame
6694,objects,items,frame display rack,rack
6695,objects,items,framed artwork,artwork
6696,objects,items,framed bulletin board,bulletin_board
6697,objects,items,framed canvas,canvas
6698,objects,items,framed drawing,drawing
6699,objects,items,framed manuscript,manuscript
6700,objects,items,framed painting,painting
6701,objects,items,framed painting (left),painting
6702,objects,items,framed painting (right),painting
6703,objects,items,framed paintings,painting
6704,objects,items,framed photograph,photograph
6705,objects,items,framed pictures,picture
6706,objects,items,framed portraits,portrait
6707,objects,items,framed_painting,painting
6708,objects,items,freezer_case,case
6709,objects,items,fried_chicken,chicken
6710,objects,items,fries,fry
6711,objects,items,fruit (mixed),fruit
6712,objects,items,fruit baskets,basket
6713,objects,items,fruit bin,bin
6714,objects,items,fruit bins,bin
6715,objects,items,fruit bowl,bowl
6716,objects,items,fruit crate,crate
6717,objects,items,fruit press,press
6718,objects,items,fruit produce,fruit
6719,objects,items,fruit shelf,shelf
6720,objects,items,fruit shelves,shelf
6721,objects,items,fruit tray,tray
6722,objects,items,fruit trays,tray
6723,objects,items,fruit_and_vegetables,fruit
6724,objects,items,fruit_crate,crate
6725,objects,items,fruit_crates,crate
6726,objects,items,fruit_display,display
6727,objects,items,fruit_packages,package
6728,objects,items,frying_pan,pan
6729,objects,items,fume hood,hood
6730,objects,items,furnace,furnace
6731,objects,items,furrows,furrow
6732,objects,items,gallery wall,wall
6733,objects,items,galley counter,counter
6734,objects,items,galley_counter,counter
6735,objects,items,galley_sink_counter,counter
6736,objects,items,game controller,controller
6737,objects,items,game_controller,controller
6738,objects,items,gaming chair,chair
6739,objects,items,gaming_chair,chair
6740,objects,items,gantry crane,crane
6741,objects,items,garage,garage
6742,objects,items,garage door,door
6743,objects,items,garage_entrance,entrance
6744,objects,items,garages,garage
6745,objects,items,garden beds,bed
6746,objects,items,garden faucet,faucet
6747,objects,items,garden fence,fence
6748,objects,items,garden gloves,glove
6749,objects,items,garden path,path
6750,objects,items,garden plants,plant
6751,objects,items,garden pots,pot
6752,objects,items,garden table,table
6753,objects,items,garden_hose,hose
6754,objects,items,garden_hose_nozzle,nozzle
6755,objects,items,garden_path,path
6756,objects,items,gardening gloves,glove
6757,objects,items,gardening soil,soil
6758,objects,items,gas burner,burner
6759,objects,items,gate,gate
6760,objects,items,glass-door_refrigerator,door
6761,objects,items,glass (orange cocktail),glass
6762,objects,items,glass (red cocktail),glass
6763,objects,items,glass beaker,beaker
6764,objects,items,glass bottle,bottle
6765,objects,items,glass case,case
6766,objects,items,glass cooler door,door
6767,objects,items,glass counter,counter
6768,objects,items,glass cup,cup
6769,objects,items,glass cups,cup
6770,objects,items,glass decanter,decanter
6771,objects,items,glass display case,case
6772,objects,items,glass doors,door
6773,objects,items,glass entrance door,door
6774,objects,items,glass entrance doors,door
6775,objects,items,glass freezer door,door
6776,objects,items,glass jar,jar
6777,objects,items,glass of water,glass
6778,objects,items,glass panel,panel
6779,objects,items,glass partition,partition
6780,objects,items,glass railing,railing
6781,objects,items,glass shelf,shelf
6782,objects,items,glass shelter,shelter
6783,objects,items,glass shelves,shelf
6784,objects,items,glass shelving,shelving
6785,objects,items,glass slide,slide
6786,objects,items,glass vials,vial
6787,objects,items,glass wall,wall
6788,objects,items,glass water bottle,bottle
6789,objects,items,glass window,window
6790,objects,items,glass_bottle,bottle
6791,objects,items,glass_bowl,bowl
6792,objects,items,glass_carafe,carafe
6793,objects,items,glass_cups,cup
6794,objects,items,glass_display,display
6795,objects,items,glass_display_cabinet,cabinet
6796,objects,items,glass_display_shelves,shelf
6797,objects,items,glass_doors,door
6798,objects,items,glass_flask,flask
6799,objects,items,glass_jar,jar
6800,objects,items,glass_partition,partition
6801,objects,items,glass_refrigerator,refrigerator
6802,objects,items,glass_shelf,shelf
6803,objects,items,glass_slide,slide
6804,objects,items,glass_test_tubes,test_tube
6805,objects,items,glass_wall,wall
6806,objects,items,glass_water_bottle,bottle
6807,objects,items,glasses display,display
6808,objects,items,glasses frames,frame
6809,objects,items,glasses_display_rack,rack
6810,objects,items,glasses_frame,frame
6811,objects,items,glassware_stack,glassware
6812,objects,items,glove,glove
6813,objects,items,goal,goal
6814,objects,items,goal net,net
6815,objects,items,goal post,post
6816,objects,items,goal_net,net
6817,objects,items,gondola shelf,shelf
6818,objects,items,gps_screen,screen
6819,objects,items,graduated cylinders,cylinder
6820,objects,items,graduated_cylinder,cylinder
6821,objects,items,graffiti,graffiti
6822,objects,items,graffiti_mural,mural
6823,objects,items,grand piano,piano
6824,objects,items,grass field,field
6825,objects,items,grass lawn,lawn
6826,objects,items,grass_lawn,lawn
6827,objects,items,grate,grate
6828,objects,items,gravel pile,pile
6829,objects,items,gray bag,bag
6830,objects,items,green bag,bag
6831,objects,items,green bell pepper,bell_pepper
6832,objects,items,green bell peppers,pepper
6833,objects,items,green bottle,bottle
6834,objects,items,green checkout divider,divider
6835,objects,items,green crate,crate
6836,objects,items,green grapes,grape
6837,objects,items,green leafy vegetables,vegetable
6838,objects,items,green leather chairs,chair
6839,objects,items,green onions,onion
6840,objects,items,green pellets,pellet
6841,objects,items,green plastic crate,crate
6842,objects,items,green plastic tray,tray
6843,objects,items,green pot,pot
6844,objects,items,green produce crate,crate
6845,objects,items,green_apples,apple
6846,objects,items,green_produce_crate,crate
6847,objects,items,greenhouse frame,frame
6848,objects,items,greens,green
6849,objects,items,grille,grille
6850,objects,items,grinding wheel,wheel
6851,objects,items,grinding_wheel,wheel
6852,objects,items,groceries,grocery
6853,objects,items,grocery bag,bag
6854,objects,items,grocery bags,bag
6855,objects,items,grocery cart,cart
6856,objects,items,grocery cooler,cooler
6857,objects,items,grocery display,display
6858,objects,items,grocery display shelves,shelf
6859,objects,items,grocery freezer shelves,shelf
6860,objects,items,grocery item,item
6861,objects,items,grocery refrigerator,refrigerator
6862,objects,items,grocery_packages,package
6863,objects,items,grocery_products,product
6864,objects,items,grocery_refrigerator,refrigerator
6865,objects,items,grocery_shelf,shelf
6866,objects,items,gun,gun
6867,objects,items,hair bottles,bottle
6868,objects,items,hair brush,brush
6869,objects,items,hair clip,clip
6870,objects,items,hair clipper,clipper
6871,objects,items,hair iron,iron
6872,objects,items,hair tool,tool
6873,objects,items,hair_clipper,clipper
6874,objects,items,hair_product_bottles,bottle
6875,objects,items,hairbrush,hairbrush
6876,objects,items,hairdryer,hairdryer
6877,objects,items,hallway,hallway
6878,objects,items,hallway door,door
6879,objects,items,hand sander,sander
6880,objects,items,hand tool,tool
6881,objects,items,hand tools,tool
6882,objects,items,hand_tool,tool
6883,objects,items,handheld device,device
6884,objects,items,handheld_device,device
6885,objects,items,handle,handle
6886,objects,items,handpiece,handpiece
6887,objects,items,hangar,hangar
6888,objects,items,hangar door,door
6889,objects,items,hangar doorway,doorway
6890,objects,items,hangar structure,structure
6891,objects,items,hanging basket,basket
6892,objects,items,hanging baskets,basket
6893,objects,items,hanging dishes,dish
6894,objects,items,hanging lamps,lamp
6895,objects,items,hanging lantern,lantern
6896,objects,items,hanging light bulbs,bulb
6897,objects,items,hanging lights,light
6898,objects,items,hanging planter,planter
6899,objects,items,hanging plants,plant
6900,objects,items,hanging tools,tool
6901,objects,items,hanging utensils,utensil
6902,objects,items,hanging_lamps,lamp
6903,objects,items,hanging_light_bulbs,bulb
6904,objects,items,hanging_lights,light
6905,objects,items,hard_hat,hat
6906,objects,items,harness,harness
6907,objects,items,harvest bin,bin
6908,objects,items,hay pile,pile
6909,objects,items,haze,haze
6910,objects,items,head_immobilizer,immobilizer
6911,objects,items,heart monitor,monitor
6912,objects,items,heart_monitor,monitor
6913,objects,items,heat lamp,lamp
6914,objects,items,heated metal,metal
6915,objects,items,helicopter,helicopter
6916,objects,items,herb trays,tray
6917,objects,items,herbs,herb
6918,objects,items,high-visibility jacket,jacket
6919,objects,items,high-visibility vest,vest
6920,objects,items,highball glass,glass
6921,objects,items,highlighter,highlighter
6922,objects,items,highway sign,sign
6923,objects,items,holographic display,display
6924,objects,items,holster,holster
6925,objects,items,holstered handgun,handgun
6926,objects,items,homogenizer,homogenizer
6927,objects,items,hood,hood
6928,objects,items,hoodie,hoodie
6929,objects,items,hooked metal tool,tool
6930,objects,items,hose nozzle,nozzle
6931,objects,items,hose with spray nozzle,nozzle
6932,objects,items,hospital_bed,bed
6933,objects,items,hosta plants,plant
6934,objects,items,house,house
6935,objects,items,Humvee,humvee
6936,objects,items,hut,hut
6937,objects,items,ice cream,ice_cream
6938,objects,items,ice cream cones,cone
6939,objects,items,ice cream cups,cup
6940,objects,items,ice cream display case,case
6941,objects,items,ice cream scoops,scoop
6942,objects,items,iced drink,drink
6943,objects,items,id badge,badge
6944,objects,items,ID badge,badge
6945,objects,items,identification_card,card
6946,objects,items,illuminated panel,panel
6947,objects,items,indoor plant,plant
6948,objects,items,industrial dryer,dryer
6949,objects,items,industrial lighting,lighting
6950,objects,items,industrial machinery,machinery
6951,objects,items,industrial milling machine,machine
6952,objects,items,industrial plant,plant
6953,objects,items,industrial press,press
6954,objects,items,industrial rollers,roller
6955,objects,items,industrial shelving,shelving
6956,objects,items,industrial_machine,machine
6957,objects,items,industrial_machinery,machinery
6958,objects,items,industrial_press,press
6959,objects,items,information display,display
6960,objects,items,information plaque,plaque
6961,objects,items,information poster,poster
6962,objects,items,infotainment display,display
6963,objects,items,infusion pump,pump
6964,objects,items,inspection lamp,lamp
6965,objects,items,instrument cluster,cluster
6966,objects,items,instrument displays,display
6967,objects,items,instrument gauge,gauge
6968,objects,items,instrument screen,screen
6969,objects,items,instrument_cluster,cluster
6970,objects,items,instrument_gauges,gauge
6971,objects,items,instrument_screen,screen
6972,objects,items,instrument_tray,tray
6973,objects,items,insulated bag,bag
6974,objects,items,insulated delivery bag,bag
6975,objects,items,irrigation tubing,tubing
6976,objects,items,IV bag,bag
6977,objects,items,IV bags,bag
6978,objects,items,IV drip,drip
6979,objects,items,IV pump,pump
6980,objects,items,iv_monitor,monitor
6981,objects,items,IV_pole,pole
6982,objects,items,jacket,jacket
6983,objects,items,jacket button,button
6984,objects,items,jar of milk,jar
6985,objects,items,jars/bottles,jar
6986,objects,items,jigger,jigger
6987,objects,items,judge's bench,bench
6988,objects,items,judge_bench,bench
6989,objects,items,juice bottle,bottle
6990,objects,items,juice_bottles,bottle
6991,objects,items,juice_cartons,carton
6992,objects,items,jumper_cable,cable
6993,objects,items,ketchup bottle,bottle
6994,objects,items,kitchen cabinet,cabinet
6995,objects,items,kitchen faucet,faucet
6996,objects,items,kitchen sink,sink
6997,objects,items,kitchen utensils,utensil
6998,objects,items,lab apparatus,apparatus
6999,objects,items,lab coat,coat
7000,objects,items,lab equipment,equipment
7001,objects,items,lab equipment rack,rack
7002,objects,items,lab instrument,instrument
7003,objects,items,lab lamp,lamp
7004,objects,items,lab pipette,pipette
7005,objects,items,lab rack,rack
7006,objects,items,lab shelving,shelving
7007,objects,items,lab stand,stand
7008,objects,items,lab stand/clamp,clamp
7009,objects,items,lab_bench,bench
7010,objects,items,lab_clamp,clamp
7011,objects,items,lab_instrument,instrument
7012,objects,items,lab_table,table
7013,objects,items,label plaque,plaque
7014,objects,items,laboratory apparatus,apparatus
7015,objects,items,laboratory beaker,beaker
7016,objects,items,laboratory bottles,bottle
7017,objects,items,laboratory equipment,equipment
7018,objects,items,laboratory glassware,glassware
7019,objects,items,laboratory instrument,instrument
7020,objects,items,laboratory machine,machine
7021,objects,items,laboratory shelf,shelf
7022,objects,items,laboratory stand,stand
7023,objects,items,laboratory_bench,bench
7024,objects,items,laboratory_equipment,equipment
7025,objects,items,lapel microphone,microphone
7026,objects,items,lapel pin,pin
7027,objects,items,laptop screen,screen
7028,objects,items,large book,book
7029,objects,items,large display,display
7030,objects,items,large display screen,screen
7031,objects,items,large framed painting,painting
7032,objects,items,large framed photograph,photograph
7033,objects,items,large frying pan,pan
7034,objects,items,large monitor,screen
7035,objects,items,large painting,painting
7036,objects,items,large plastic containers,container
7037,objects,items,large screen,screen
7038,objects,items,large torso statue,statue
7039,objects,items,large window,window
7040,objects,items,large_display,display
7041,objects,items,large_display_screen,screen
7042,objects,items,large_screen,screen
7043,objects,items,large_window,window
7044,objects,items,lathe machine,machine
7045,objects,items,lathe_machine,machine
7046,objects,items,laundry cart,cart
7047,objects,items,laundry pile,pile
7048,objects,items,laundry_basket,basket
7049,objects,items,lawn,lawn
7050,objects,items,leafy plants,plant
7051,objects,items,leather bag,bag
7052,objects,items,leather chairs,chair
7053,objects,items,leather_chair,chair
7054,objects,items,leather_sofa,sofa
7055,objects,items,LED display,display
7056,objects,items,LED display panels,panel
7057,objects,items,LED light panel,panel
7058,objects,items,LED panel light,panel
7059,objects,items,leeks,leek
7060,objects,items,lens,len
7061,objects,items,lens grinder,grinder
7062,objects,items,level,level
7063,objects,items,lidded pot,pot
7064,objects,items,lift,lift
7065,objects,items,light bar,bar
7066,objects,items,light bulb,bulb
7067,objects,items,light fixtures,fixture
7068,objects,items,light panel,panel
7069,objects,items,light pole,pole
7070,objects,items,light poles,pole
7071,objects,items,light umbrella,umbrella
7072,objects,items,light_bulb,bulb
7073,objects,items,light_fixture,fixture
7074,objects,items,light_panel,panel
7075,objects,items,light_rail_train,train
7076,objects,items,light_stand,stand
7077,objects,items,light_switch,switch
7078,objects,items,lightbar,lightbar
7079,objects,items,lightbulb,lightbulb
7080,objects,items,lighted display,display
7081,objects,items,lighting_stand,stand
7082,objects,items,lighting_truss,truss
7083,objects,items,lights,light
7084,objects,items,limes,lime
7085,objects,items,liquid dispenser,dispenser
7086,objects,items,liquor bottle,bottle
7087,objects,items,loading dock,dock
7088,objects,items,loaf,loaf
7089,objects,items,loaves of bread,loaf
7090,objects,items,lockers,locker
7091,objects,items,log,log
7092,objects,items,long-handled tool,tool
7093,objects,items,loom,loom
7094,objects,items,lounge chair,chair
7095,objects,items,luggage,luggage
7096,objects,items,machine bed,bed
7097,objects,items,machine chuck,chuck
7098,objects,items,machine frame,frame
7099,objects,items,machine handles,handle
7100,objects,items,machine press,press
7101,objects,items,machine rollers,roller
7102,objects,items,machine spindle,spindle
7103,objects,items,machine table,table
7104,objects,items,machine tool,tool
7105,objects,items,machine vice,vice
7106,objects,items,machine_handle,handle
7107,objects,items,machine_press,press
7108,objects,items,machine_spindle,spindle
7109,objects,items,machine_table,table
7110,objects,items,magazine,magazine
7111,objects,items,magazines,magazine
7112,objects,items,makeup brush,brush
7113,objects,items,mannequin head,head
7114,objects,items,mannequin with suit,mannequin
7115,objects,items,manufacturing_machinery,machinery
7116,objects,items,marble bust,bust
7117,objects,items,marble column,column
7118,objects,items,marble floor,floor
7119,objects,items,marble statue,statue
7120,objects,items,marble tiled floor,floor
7121,objects,items,marble_bench,bench
7122,objects,items,marker,marker
7123,objects,items,market canopy,canopy
7124,objects,items,market stall table,table
7125,objects,items,market tables,table
7126,objects,items,market_canopy,canopy
7127,objects,items,martini glass,glass
7128,objects,items,mask,mask
7129,objects,items,material_roll,roll
7130,objects,items,measuring device,device
7131,objects,items,measuring level,level
7132,objects,items,measuring rod,rod
7133,objects,items,measuring ruler,ruler
7134,objects,items,measuring square,square
7135,objects,items,measuring tape,tape
7136,objects,items,measuring tool,tool
7137,objects,items,measuring_level,level
7138,objects,items,meat slicer,slicer
7139,objects,items,meat tray,tray
7140,objects,items,mechanic stool,stool
7141,objects,items,mechanical apparatus,apparatus
7142,objects,items,mechanical jig,jig
7143,objects,items,mechanical keyboard,keyboard
7144,objects,items,mechanical_keyboard,keyboard
7145,objects,items,mechanical_tool,tool
7146,objects,items,medical bottles,bottle
7147,objects,items,medical canister,canister
7148,objects,items,medical cart,cart
7149,objects,items,medical case,case
7150,objects,items,medical drape,drape
7151,objects,items,medical equipment,equipment
7152,objects,items,medical equipment cabinet,cabinet
7153,objects,items,medical glove,glove
7154,objects,items,medical gloves,glove
7155,objects,items,medical gown,gown
7156,objects,items,medical instrument,instrument
7157,objects,items,medical mask,mask
7158,objects,items,medical scans,scan
7159,objects,items,medical supply bag,bag
7160,objects,items,medical supply container,container
7161,objects,items,medical supply kit,kit
7162,objects,items,medical tray,tray
7163,objects,items,medical vial,vial
7164,objects,items,medical waste bin,bin
7165,objects,items,medical_bottle,bottle
7166,objects,items,medical_cabinet,cabinet
7167,objects,items,medical_case,case
7168,objects,items,medical_container,container
7169,objects,items,medical_drape,drape
7170,objects,items,medical_folder,folder
7171,objects,items,medical_glove,glove
7172,objects,items,medical_gloves,glove
7173,objects,items,medical_mask,mask
7174,objects,items,medical_tray,tray
7175,objects,items,medication bottles,bottle
7176,objects,items,medication box,box
7177,objects,items,medication boxes,box
7178,objects,items,medication dispenser,dispenser
7179,objects,items,medication vial,vial
7180,objects,items,medication vials,vial
7181,objects,items,medication_bottles,bottle
7182,objects,items,medication_vials,vial
7183,objects,items,medicine bottle,bottle
7184,objects,items,medicine box,box
7185,objects,items,medicine boxes,box
7186,objects,items,medicine_bottles,bottle
7187,objects,items,medicine_vial,vial
7188,objects,items,medicine_vials,vial
7189,objects,items,menu board,board
7190,objects,items,menu paper,paper
7191,objects,items,menu papers,paper
7192,objects,items,menu/booklet,menu
7193,objects,items,menu/order pad,pad
7194,objects,items,metal baking rack,rack
7195,objects,items,metal barrier,barrier
7196,objects,items,metal basin,basin
7197,objects,items,metal bench,bench
7198,objects,items,metal blade,blade
7199,objects,items,metal bollards,bollard
7200,objects,items,metal bowl,bowl
7201,objects,items,metal bowls,bowl
7202,objects,items,metal bucket,bucket
7203,objects,items,metal canisters,canister
7204,objects,items,metal case,case
7205,objects,items,metal clamp,clamp
7206,objects,items,metal column,column
7207,objects,items,metal container,container
7208,objects,items,metal countertop,countertop
7209,objects,items,metal cup,cup
7210,objects,items,metal cups,cup
7211,objects,items,metal cylinder,cylinder
7212,objects,items,metal cylinders,cylinder
7213,objects,items,metal cylindrical workpiece,workpiece
7214,objects,items,metal discs,disc
7215,objects,items,metal door,door
7216,objects,items,metal door handle,handle
7217,objects,items,metal duct,duct
7218,objects,items,metal frame,frame
7219,objects,items,metal gear,gear
7220,objects,items,metal handrail,railing
7221,objects,items,metal hood,hood
7222,objects,items,metal jigger,jigger
7223,objects,items,metal machine,machine
7224,objects,items,metal pan,pan
7225,objects,items,metal panel,panel
7226,objects,items,metal pellets,pellet
7227,objects,items,metal pillar,pillar
7228,objects,items,metal pitcher,pitcher
7229,objects,items,metal pole,pole
7230,objects,items,metal pot,pot
7231,objects,items,metal press,press
7232,objects,items,metal pump,pump
7233,objects,items,metal railing,railing
7234,objects,items,metal roof,roof
7235,objects,items,metal ruler,ruler
7236,objects,items,metal serving tray,tray
7237,objects,items,metal shaft,shaft
7238,objects,items,metal shaker,shaker
7239,objects,items,metal shavings,shaving
7240,objects,items,metal shelves,shelf
7241,objects,items,metal shutter,shutter
7242,objects,items,metal slab,slab
7243,objects,items,metal spindle,spindle
7244,objects,items,metal spout,spout
7245,objects,items,metal storage racks,rack
7246,objects,items,metal support columns,column
7247,objects,items,metal watering can,watering_can
7248,objects,items,metal wheel,wheel
7249,objects,items,metal workbench,workbench
7250,objects,items,metal_bars,bar
7251,objects,items,metal_baskets,basket
7252,objects,items,metal_blade,blade
7253,objects,items,metal_cans,can
7254,objects,items,metal_cup,cup
7255,objects,items,metal_cylinder,cylinder
7256,objects,items,metal_disk,disk
7257,objects,items,metal_fence,fence
7258,objects,items,metal_jigger,jigger
7259,objects,items,metal_laundry_cart,cart
7260,objects,items,metal_machine,machine
7261,objects,items,metal_panel,panel
7262,objects,items,metal_part,part
7263,objects,items,metal_parts,part
7264,objects,items,metal_pitcher,pitcher
7265,objects,items,metal_plate,plate
7266,objects,items,metal_pot,pot
7267,objects,items,metal_rack,rack
7268,objects,items,metal_rail,rail
7269,objects,items,metal_rod,rod
7270,objects,items,metal_rollers,roller
7271,objects,items,metal_shavings,shaving
7272,objects,items,metal_sheet,sheet
7273,objects,items,metal_shelf,shelf
7274,objects,items,metal_table,table
7275,objects,items,metal_tool,tool
7276,objects,items,metallic_components,component
7277,objects,items,metalworking machine,machine
7278,objects,items,meter,meter
7279,objects,items,meter device,meter
7280,objects,items,mic stand,stand
7281,objects,items,mic_stand,stand
7282,objects,items,microphone cable,cable
7283,objects,items,microphone flag,flag
7284,objects,items,microphone_flag,flag
7285,objects,items,microphone_stand,stand
7286,objects,items,micropipette,micropipette
7287,objects,items,microplate,microplate
7288,objects,items,microscope_slide,slide
7289,objects,items,military aircraft,aircraft
7290,objects,items,military truck,truck
7291,objects,items,military trucks,truck
7292,objects,items,military vehicle,vehicle
7293,objects,items,military_trucks,truck
7294,objects,items,milk jug,jug
7295,objects,items,milk pitcher,pitcher
7296,objects,items,milling machine,machine
7297,objects,items,milling_machine,machine
7298,objects,items,mini excavator,excavator
7299,objects,items,mirror cabinet,cabinet
7300,objects,items,mixed produce,produce
7301,objects,items,mixed vegetables,vegetable
7302,objects,items,mixed_vegetables,vegetable
7303,objects,items,mixer,mixer
7304,objects,items,mixing bottle,bottle
7305,objects,items,mixing bowls,bowl
7306,objects,items,mixing pitcher,pitcher
7307,objects,items,mixing_console,console
7308,objects,items,mobile phone,phone
7309,objects,items,modern apartment building,building
7310,objects,items,moka pot,pot
7311,objects,items,moka_pot,pot
7312,objects,items,mop handle,handle
7313,objects,items,moss,moss
7314,objects,items,moss-covered log,log
7315,objects,items,moss-covered rock,rock
7316,objects,items,moss-covered stone,stone
7317,objects,items,motor housing,housing
7318,objects,items,motorcycle,motorcycle
7319,objects,items,mud mounds,mound
7320,objects,items,mud puddle,puddle
7321,objects,items,muddy soil mounds,mound
7322,objects,items,multi-function display,display
7323,objects,items,mural,mural
7324,objects,items,mushrooms,mushroom
7325,objects,items,music score,score
7326,objects,items,music stand,stand
7327,objects,items,name badge,badge
7328,objects,items,name placard,placard
7329,objects,items,nameplate,nameplate
7330,objects,items,napkin dispenser,dispenser
7331,objects,items,necklace,necklace
7332,objects,items,netted fence,fence
7333,objects,items,newspapers,newspaper
7334,objects,items,notebook stack,notebook
7335,objects,items,notepad,notepad
7336,objects,items,nozzle,nozzle
7337,objects,items,number sign,sign
7338,objects,items,numeric_keypad,keypad
7339,objects,items,nursery trays,tray
7340,objects,items,office desk,desk
7341,objects,items,office shelf,shelf
7342,objects,items,office windows,window
7343,objects,items,office_window,window
7344,objects,items,oil pan,pan
7345,objects,items,olive oil bottle,bottle
7346,objects,items,onion,onion
7347,objects,items,open magazine,magazine
7348,objects,items,open_book,book
7349,objects,items,operating drape/table,table
7350,objects,items,operating light,light
7351,objects,items,operating microscope,microscope
7352,objects,items,operating_table,table
7353,objects,items,orange chairs,chair
7354,objects,items,orange crate,crate
7355,objects,items,orange display,display
7356,objects,items,orange slide,slide
7357,objects,items,orange wedge,wedge
7358,objects,items,orange_crate,crate
7359,objects,items,orbital_sander,sander
7360,objects,items,order ticket,ticket
7361,objects,items,order_ticket,ticket
7362,objects,items,ornamental plants,plant
7363,objects,items,outdoor tables,table
7364,objects,items,outdoor tables and chairs,table
7365,objects,items,overalls,overall
7366,objects,items,overhead compartment,compartment
7367,objects,items,overhead control panel,panel
7368,objects,items,overhead crane,crane
7369,objects,items,overhead dental lamp,lamp
7370,objects,items,overhead fluorescent light,light
7371,objects,items,overhead green canopy,canopy
7372,objects,items,overhead metal lamp,lamp
7373,objects,items,overhead TAXI sign,sign
7374,objects,items,overhead_light,light
7375,objects,items,overhead_lights,light
7376,objects,items,overhead_operating_light,light
7377,objects,items,overhead_power_lines,line
7378,objects,items,overhead_sign,sign
7379,objects,items,overhead_signage,signage
7380,objects,items,overhead_wires,wire
7381,objects,items,overpass,overpass
7382,objects,items,oxygen cylinder,cylinder
7383,objects,items,oxygen tank,tank
7384,objects,items,oxygen tubing,tubing
7385,objects,items,oxygen_cylinder,cylinder
7386,objects,items,oxygen_tank,tank
7387,objects,items,package,package
7388,objects,items,packaged bell peppers,bell_pepper
7389,objects,items,packaged beverage,beverage
7390,objects,items,packaged box,box
7391,objects,items,packaged boxes,box
7392,objects,items,packaged bread,bread
7393,objects,items,packaged bread rolls,roll
7394,objects,items,packaged buns,bun
7395,objects,items,packaged containers,container
7396,objects,items,packaged corn,corn
7397,objects,items,packaged cucumbers,cucumber
7398,objects,items,packaged drinks,drink
7399,objects,items,packaged food bag,bag
7400,objects,items,packaged food boxes,box
7401,objects,items,packaged food products,product
7402,objects,items,packaged food trays,tray
7403,objects,items,packaged fruit,fruit
7404,objects,items,packaged fruits,fruit
7405,objects,items,packaged goods display,display
7406,objects,items,packaged goods shelf,shelf
7407,objects,items,packaged greens,green
7408,objects,items,packaged items,item
7409,objects,items,packaged lettuce,lettuce
7410,objects,items,packaged loaf,loaf
7411,objects,items,packaged pasta,pasta
7412,objects,items,packaged snacks,snack
7413,objects,items,packaged tomatoes,tomato
7414,objects,items,packaged vegetables,vegetable
7415,objects,items,packaged_boxes,box
7416,objects,items,packaged_bread,bread
7417,objects,items,packaged_drinks,drink
7418,objects,items,packaged_drinks_stack,drink
7419,objects,items,packaged_goods_shelves,shelf
7420,objects,items,packaged_item,item
7421,objects,items,packaged_items,item
7422,objects,items,packaged_meat,meat
7423,objects,items,packaged_products,product
7424,objects,items,packaged_shelves,shelf
7425,objects,items,packaged_snacks,snack
7426,objects,items,packaging bag,bag
7427,objects,items,packets,packet
7428,objects,items,paddy field,field
7429,objects,items,paint cans,can
7430,objects,items,paint table,table
7431,objects,items,paint_bottles,bottle
7432,objects,items,paintbrushes,paintbrush
7433,objects,items,painting,painting
7434,objects,items,pallet,pallet
7435,objects,items,pallet of boxes,box
7436,objects,items,pallet racks,rack
7437,objects,items,pallet stack,stack
7438,objects,items,pallet stacks,stack
7439,objects,items,pallet with boxes,box
7440,objects,items,pallet wrap,wrap
7441,objects,items,pallet_racks,rack
7442,objects,items,palletized boxes,box
7443,objects,items,palletized stacks,stack
7444,objects,items,palletized_boxes,box
7445,objects,items,pallets of boxes,box
7446,objects,items,palm tree trunks,trunk
7447,objects,items,palm trees,tree
7448,objects,items,paper chart,paper
7449,objects,items,paper cup,cup
7450,objects,items,paper file,file
7451,objects,items,paper sheet,sheet
7452,objects,items,paper sheets,sheet
7453,objects,items,paper stack,stack
7454,objects,items,paper with bar chart,paper
7455,objects,items,paper_cup,cup
7456,objects,items,paper_stacks,stack
7457,objects,items,papers/documents,paper
7458,objects,items,papers_documents,document
7459,objects,items,parchment paper,paper
7460,objects,items,park path,path
7461,objects,items,park_bench,bench
7462,objects,items,park_path,path
7463,objects,items,parked_car,car
7464,objects,items,parking cone,cone
7465,objects,items,parking lot,lot
7466,objects,items,parking pillar,pillar
7467,objects,items,parking structure,structure
7468,objects,items,parking_lot,lot
7469,objects,items,parking_structure,structure
7470,objects,items,parsley,parsley
7471,objects,items,passing train,train
7472,objects,items,passport,passport
7473,objects,items,passport scanner,scanner
7474,objects,items,pasta machine,machine
7475,objects,items,pastries,pastry
7476,objects,items,pastry,pastry
7477,objects,items,pastry display,display
7478,objects,items,patient drape,drape
7479,objects,items,patient monitor,monitor
7480,objects,items,patient_monitor,monitor
7481,objects,items,patrol car,car
7482,objects,items,paved ground,ground
7483,objects,items,paved road,road
7484,objects,items,pavement,pavement
7485,objects,items,payment card,card
7486,objects,items,payment_terminal,terminal
7487,objects,items,pedestal,pedestal
7488,objects,items,pen holder,holder
7489,objects,items,pen_cup,cup
7490,objects,items,pen_holder,holder
7491,objects,items,pencil container,container
7492,objects,items,pencil_cup,cup
7493,objects,items,pencil_holder,holder
7494,objects,items,pencils,pencil
7495,objects,items,pendant_lights,light
7496,objects,items,peppers,pepper
7497,objects,items,petri dish,dish
7498,objects,items,petri dishes,dish
7499,objects,items,pew,pew
7500,objects,items,pharmacy shelf,shelf
7501,objects,items,phone,phone
7502,objects,items,phone booth,booth
7503,objects,items,photograph,photograph
7504,objects,items,pickup_truck,truck
7505,objects,items,picnic table,table
7506,objects,items,picture frame,frame
7507,objects,items,picture_frame,frame
7508,objects,items,pile of crystals,crystal
7509,objects,items,pile of dirt,dirt
7510,objects,items,pile of dough,dough
7511,objects,items,pile of flour,flour
7512,objects,items,pile of laundry,laundry
7513,objects,items,pile of sawdust,sawdust
7514,objects,items,pile_of_books,book
7515,objects,items,pill blister,pill
7516,objects,items,pill bottles,bottle
7517,objects,items,pill caps,cap
7518,objects,items,pillar,pillar
7519,objects,items,pills,pill
7520,objects,items,pilot headset,headset
7521,objects,items,pin pad,pad
7522,objects,items,pin_pad,pad
7523,objects,items,pincushion,pincushion
7524,objects,items,pineapple,pineapple
7525,objects,items,pink powder pile,powder
7526,objects,items,pipe assembly,pipe
7527,objects,items,pipe flange,flange
7528,objects,items,pipe_wrench,wrench
7529,objects,items,pipette apparatus,pipette
7530,objects,items,pipette/dispensing apparatus,pipette
7531,objects,items,pipettes,pipette
7532,objects,items,pitcher,pitcher
7533,objects,items,pizza,pizza
7534,objects,items,pizza slice,pizza
7535,objects,items,placard,placard
7536,objects,items,plan stand,stand
7537,objects,items,plant bed,bed
7538,objects,items,plant beds,bed
7539,objects,items,plant bundle,bundle
7540,objects,items,plant shelves,shelf
7541,objects,items,plant stand,stand
7542,objects,items,plant table,table
7543,objects,items,plant tray,tray
7544,objects,items,plant_pot,pot
7545,objects,items,plant_pots,pot
7546,objects,items,plant_shelf,shelf
7547,objects,items,plant_tray,tray
7548,objects,items,plant_trays,tray
7549,objects,items,planter bench,bench
7550,objects,items,planter boxes,box
7551,objects,items,planter tray,tray
7552,objects,items,planter trays,tray
7553,objects,items,planter_boxes,box
7554,objects,items,plaque,plaque
7555,objects,items,plaster bust,bust
7556,objects,items,plaster head,head
7557,objects,items,plastic bag,bag
7558,objects,items,plastic bag of fruit,bag
7559,objects,items,plastic basket,basket
7560,objects,items,plastic baskets,basket
7561,objects,items,plastic bottle,bottle
7562,objects,items,plastic bottles,bottle
7563,objects,items,plastic buckets,bucket
7564,objects,items,plastic chair,chair
7565,objects,items,plastic crate,crate
7566,objects,items,plastic crates,crate
7567,objects,items,plastic cups,cup
7568,objects,items,plastic grocery bag,bag
7569,objects,items,plastic jug,jug
7570,objects,items,plastic jugs,jug
7571,objects,items,plastic nursery pots,pot
7572,objects,items,plastic pots,pot
7573,objects,items,plastic produce crates,crate
7574,objects,items,plastic sheeting,sheet
7575,objects,items,plastic shopping bag,bag
7576,objects,items,plastic shopping basket,basket
7577,objects,items,plastic tray,tray
7578,objects,items,plastic tub,tub
7579,objects,items,plastic_bin,bin
7580,objects,items,plastic_bottles,bottle
7581,objects,items,plastic_container,container
7582,objects,items,plastic_containers,container
7583,objects,items,plastic_crates,crate
7584,objects,items,plastic_packaging,package
7585,objects,items,plate carrier,carrier
7586,objects,items,plate of food,plate
7587,objects,items,platform column,column
7588,objects,items,platform pillar,pillar
7589,objects,items,platform roof,roof
7590,objects,items,platform sign,sign
7591,objects,items,platform tactile tiles,tile
7592,objects,items,platform wall,wall
7593,objects,items,platform_pillar,pillar
7594,objects,items,platform_seat,seat
7595,objects,items,platform_sign,sign
7596,objects,items,play structure,structure
7597,objects,items,playground equipment,equipment
7598,objects,items,playground slide,slide
7599,objects,items,plums,plum
7600,objects,items,plunger,plunger
7601,objects,items,plywood,plywood
7602,objects,items,point-of-sale terminal,terminal
7603,objects,items,police badge,badge
7604,objects,items,police belt,belt
7605,objects,items,police cap,cap
7606,objects,items,police duty belt,belt
7607,objects,items,police equipment,equipment
7608,objects,items,police hat,hat
7609,objects,items,police holster,holster
7610,objects,items,police radio,radio
7611,objects,items,police suv,suv
7612,objects,items,police utility belt,belt
7613,objects,items,police vest,vest
7614,objects,items,police_badge,badge
7615,objects,items,police_belt,belt
7616,objects,items,police_hat,hat
7617,objects,items,police_patch,patch
7618,objects,items,police_radio,radio
7619,objects,items,police_sedan,sedan
7620,objects,items,pond water,water
7621,objects,items,pool,pool
7622,objects,items,portable device,device
7623,objects,items,portable extinguisher,extinguisher
7624,objects,items,portable tank,tank
7625,objects,items,portable_fire_extinguisher,extinguisher
7626,objects,items,portable_pump,pump
7627,objects,items,portrait painting,painting
7628,objects,items,POS monitor,screen
7629,objects,items,POS terminal,terminal
7630,objects,items,poster,poster
7631,objects,items,potatoes,potatoe
7632,objects,items,pots,pot
7633,objects,items,potted flowers,flower
7634,objects,items,potted_herb,plant
7635,objects,items,potting bench,bench
7636,objects,items,pouch,pouch
7637,objects,items,pour-over carafe,carafe
7638,objects,items,powder pile,powder
7639,objects,items,power drill,drill
7640,objects,items,power hammer,hammer
7641,objects,items,power planer,planer
7642,objects,items,power saw,saw
7643,objects,items,power tool,tool
7644,objects,items,power_drill,drill
7645,objects,items,power_hammer,hammer
7646,objects,items,power_sander,sander
7647,objects,items,power_tool,tool
7648,objects,items,prescription boxes,box
7649,objects,items,prescription containers,container
7650,objects,items,presentation board,board
7651,objects,items,presentation screen,screen
7652,objects,items,presentation_monitor,screen
7653,objects,items,presentation_screen,screen
7654,objects,items,press,press
7655,objects,items,press machine,machine
7656,objects,items,press_machine,machine
7657,objects,items,price sign,sign
7658,objects,items,primary flight displays,display
7659,objects,items,printed document,document
7660,objects,items,printed documents,document
7661,objects,items,printed_reports,report
7662,objects,items,printed_spreadsheet,spreadsheet
7663,objects,items,printer,printer
7664,objects,items,printer/copier,printer
7665,objects,items,produce (apples),apple
7666,objects,items,produce (bagged vegetables),vegetable
7667,objects,items,produce (bagged),produce
7668,objects,items,produce (bell peppers),bell_pepper
7669,objects,items,produce (broccoli),broccoli
7670,objects,items,produce (fruit and vegetables),produce
7671,objects,items,produce (fruit display),fruit
7672,objects,items,produce (fruit),fruit
7673,objects,items,produce (fruit/vegetables),produce
7674,objects,items,produce (green vegetables),vegetable
7675,objects,items,produce (greens),green
7676,objects,items,produce (lemons),lemon
7677,objects,items,"produce (lettuce, tomatoes)",produce
7678,objects,items,produce (melons),melon
7679,objects,items,produce (packaged),produce
7680,objects,items,"produce (peppers, tomatoes)",produce
7681,objects,items,produce (tomatoes),produce
7682,objects,items,produce bags,bag
7683,objects,items,produce bin,bin
7684,objects,items,produce cart,cart
7685,objects,items,produce crates,crate
7686,objects,items,produce display case,case
7687,objects,items,produce display shelf,shelf
7688,objects,items,produce displays,display
7689,objects,items,produce rack,rack
7690,objects,items,produce trays,tray
7691,objects,items,produce_baskets,basket
7692,objects,items,produce_bins,bin
7693,objects,items,produce_crate,crate
7694,objects,items,produce_crates,crate
7695,objects,items,produce_display,display
7696,objects,items,produce_shelves,shelf
7697,objects,items,product bottle,bottle
7698,objects,items,product bottles,bottle
7699,objects,items,product cartons,carton
7700,objects,items,product containers,container
7701,objects,items,product display,display
7702,objects,items,product packages,package
7703,objects,items,product packaging,package
7704,objects,items,product shelves,shelf
7705,objects,items,product_bottles,bottle
7706,objects,items,product_box,box
7707,objects,items,product_boxes,box
7708,objects,items,product_display,display
7709,objects,items,product_jars,jar
7710,objects,items,product_packages,package
7711,objects,items,product_shelf,shelf
7712,objects,items,products,product
7713,objects,items,projection screen,screen
7714,objects,items,projection_screen,screen
7715,objects,items,protective helmet,helmet
7716,objects,items,protective netting,netting
7717,objects,items,protective screen,screen
7718,objects,items,protective_glasses,glasses
7719,objects,items,pry bar,bar
7720,objects,items,puddle,puddle
7721,objects,items,pump bottle,bottle
7722,objects,items,pump bottles,bottle
7723,objects,items,pump dispenser,dispenser
7724,objects,items,push broom,broom
7725,objects,items,push_sweeper,sweeper
7726,objects,items,rack,rack
7727,objects,items,radiator,radiator
7728,objects,items,radio holster,holster
7729,objects,items,radio microphone,microphone
7730,objects,items,railings,railing
7731,objects,items,railroad tracks,track
7732,objects,items,railroad_tracks,track
7733,objects,items,railway tracks,track
7734,objects,items,railway_tracks,track
7735,objects,items,rake,rake
7736,objects,items,ramp,ramp
7737,objects,items,rasp,rasp
7738,objects,items,reading desk,desk
7739,objects,items,rearview_mirror,mirror
7740,objects,items,rearview_monitor,screen
7741,objects,items,rebar,rebar
7742,objects,items,receipt stack,stack
7743,objects,items,reception counter,counter
7744,objects,items,red basket cart,cart
7745,objects,items,red bell pepper,pepper
7746,objects,items,red bell peppers,pepper
7747,objects,items,red cloth,cloth
7748,objects,items,red crate,crate
7749,objects,items,red curtain,curtain
7750,objects,items,red peppers,pepper
7751,objects,items,red pipes,pipe
7752,objects,items,red pot,pot
7753,objects,items,red side curtain,curtain
7754,objects,items,red sideline marker,marker
7755,objects,items,red sofa,sofa
7756,objects,items,red tomatoes,tomato
7757,objects,items,red_bell_pepper,pepper
7758,objects,items,reflective floor,floor
7759,objects,items,reflex hammer,hammer
7760,objects,items,refrigerated beverage shelf,shelf
7761,objects,items,refrigerated case,case
7762,objects,items,refrigerated cases,case
7763,objects,items,refrigerated display shelf,shelf
7764,objects,items,refrigerated display shelves,shelf
7765,objects,items,refrigerated grocery shelves,shelf
7766,objects,items,refrigerated produce case,case
7767,objects,items,refrigerated produce display,display
7768,objects,items,refrigerated produce shelf,shelf
7769,objects,items,refrigerated produce shelves,shelf
7770,objects,items,refrigerated shelving,shelving
7771,objects,items,refrigerated/grocery shelves,shelf
7772,objects,items,refrigerated_case,case
7773,objects,items,refrigerated_cases,case
7774,objects,items,refrigerated_display,display
7775,objects,items,refrigerated_shelf,shelf
7776,objects,items,refrigerated_shelves,shelf
7777,objects,items,refrigerator display,display
7778,objects,items,refrigerator door,door
7779,objects,items,refrigerator shelves,shelf
7780,objects,items,refrigerator_case,case
7781,objects,items,reports,report
7782,objects,items,residential house,house
7783,objects,items,retail shelving,shelving
7784,objects,items,retail_shelves,shelf
7785,objects,items,retort stand,stand
7786,objects,items,retractor,retractor
7787,objects,items,reusable_shopping_bag,bag
7788,objects,items,rice bundle,bundle
7789,objects,items,rice field,field
7790,objects,items,rice paddy,paddy
7791,objects,items,rice plants,plant
7792,objects,items,rice seedlings,seedling
7793,objects,items,road case,case
7794,objects,items,road markings,marking
7795,objects,items,road_case,case
7796,objects,items,road_lane_markings,marking
7797,objects,items,road_sign,sign
7798,objects,items,robot,robot
7799,objects,items,rock,rock
7800,objects,items,rocks,rock
7801,objects,items,rolled plans,plan
7802,objects,items,roller,roller
7803,objects,items,roller machine,machine
7804,objects,items,roller_conveyor,conveyor
7805,objects,items,roller_machine,machine
7806,objects,items,rollers,roller
7807,objects,items,rolling bag,bag
7808,objects,items,rolling chair,chair
7809,objects,items,rolling machine,machine
7810,objects,items,roof,roof
7811,objects,items,roof light,light
7812,objects,items,roof sign,sign
7813,objects,items,roof structure,structure
7814,objects,items,rope,rope
7815,objects,items,round-bottom flask,flask
7816,objects,items,round basin,basin
7817,objects,items,round rolls,roll
7818,objects,items,round_bottom_flask,flask
7819,objects,items,rows of crops,crop
7820,objects,items,rows_of_components,component
7821,objects,items,rubber boots,boot
7822,objects,items,rubber flooring,floor
7823,objects,items,rubber ground surface,surface
7824,objects,items,rubber playground surface,surface
7825,objects,items,rubber safety surface,surface
7826,objects,items,rubble pile,rubble
7827,objects,items,running shoes,shoe
7828,objects,items,running_track,track
7829,objects,items,runway,runway
7830,objects,items,rusted metal bracket,bracket
7831,objects,items,sack,sack
7832,objects,items,safety barrier,barrier
7833,objects,items,safety cone,cone
7834,objects,items,safety glasses,glasses
7835,objects,items,safety gloves,glove
7836,objects,items,safety goggles,goggles
7837,objects,items,safety helmet,helmet
7838,objects,items,safety railing,railing
7839,objects,items,safety tape,tape
7840,objects,items,safety vest,vest
7841,objects,items,safety_gear,gear
7842,objects,items,safety_goggles,goggles
7843,objects,items,safety_helmet,helmet
7844,objects,items,safety_tape,tape
7845,objects,items,safety_vest,vest
7846,objects,items,salon cape,cape
7847,objects,items,salon station mirror,mirror
7848,objects,items,salon_chair,chair
7849,objects,items,sample jars,jar
7850,objects,items,sample trays,tray
7851,objects,items,sand,sand
7852,objects,items,sand_pile,pile
7853,objects,items,sander,sander
7854,objects,items,sanding block,block
7855,objects,items,sanding_block,block
7856,objects,items,sandwich,sandwich
7857,objects,items,sandwiches,sandwich
7858,objects,items,sanitizer bottle,bottle
7859,objects,items,sapling,sapling
7860,objects,items,satchel,satchel
7861,objects,items,satchel bag,bag
7862,objects,items,saucer,saucer
7863,objects,items,saw,saw
7864,objects,items,scales,scale
7865,objects,items,scales of justice,scale
7866,objects,items,scalpel,scalpel
7867,objects,items,scanner,scanner
7868,objects,items,SCBA air cylinder,cylinder
7869,objects,items,SCBA air tank,tank
7870,objects,items,SCBA cylinder,cylinder
7871,objects,items,SCBA tanks,tank
7872,objects,items,SCBA_cylinder,cylinder
7873,objects,items,scoreboard,scoreboard
7874,objects,items,screen,screen
7875,objects,items,screwdrivers,screwdriver
7876,objects,items,scribe_pencil,pencil
7877,objects,items,script,script
7878,objects,items,sculpting_tool,tool
7879,objects,items,sculpture (seated figure),sculpture
7880,objects,items,sculpture (standing figure),sculpture
7881,objects,items,sculpture bust,sculpture
7882,objects,items,seal,seal
7883,objects,items,seal plaque,plaque
7884,objects,items,seat,seat
7885,objects,items,seat pad,pad
7886,objects,items,seating,seating
7887,objects,items,second monitor,screen
7888,objects,items,sedan,sedan
7889,objects,items,seed granules,granule
7890,objects,items,seed trays,tray
7891,objects,items,seedling bundle,bundle
7892,objects,items,seedling pots,pot
7893,objects,items,seedling tray,tray
7894,objects,items,seedling trays,tray
7895,objects,items,seedlings,seedling
7896,objects,items,seeds,seed
7897,objects,items,semi truck,truck
7898,objects,items,server cabinets,cabinet
7899,objects,items,service_cart,cart
7900,objects,items,service_counter,counter
7901,objects,items,shaft,shaft
7902,objects,items,shafts,shaft
7903,objects,items,shaker,shaker
7904,objects,items,sheet music,sheet
7905,objects,items,sheet of paper,sheet
7906,objects,items,sheet pan,pan
7907,objects,items,sheet_music_on_stand,sheet
7908,objects,items,shelf of bottled products,shelf
7909,objects,items,shelf of packaged goods,shelf
7910,objects,items,shelf of products,shelf
7911,objects,items,shelf unit,shelf
7912,objects,items,shelf with bottled goods,shelf
7913,objects,items,shelf with products,shelf
7914,objects,items,shelf_products,shelf
7915,objects,items,shelter,shelter
7916,objects,items,shelves (packaged goods),shelf
7917,objects,items,shelves of bottles,shelf
7918,objects,items,shelves of produce,shelf
7919,objects,items,shelves of products,shelf
7920,objects,items,shelves with bottles,shelf
7921,objects,items,shelves with packaged food,shelf
7922,objects,items,shelves with packaged goods,shelf
7923,objects,items,shelving unit,shelf
7924,objects,items,shelving units,shelving
7925,objects,items,shelving with boxes,shelving
7926,objects,items,shelving with jars,shelving
7927,objects,items,shelving_racks,rack
7928,objects,items,shelving_with_products,shelving
7929,objects,items,sheriff badge,badge
7930,objects,items,sheriff sign,sign
7931,objects,items,shopping shelves,shelving
7932,objects,items,shopping_cart,cart
7933,objects,items,short glass,glass
7934,objects,items,shower_head,head
7935,objects,items,shrink-wrapped boxes,box
7936,objects,items,shrink wrap,wrap
7937,objects,items,shrubs,shrub
7938,objects,items,shuttle van,van
7939,objects,items,side mirror,mirror
7940,objects,items,side table,table
7941,objects,items,side_mirror,mirror
7942,objects,items,side_table,table
7943,objects,items,sieve,sieve
7944,objects,items,sign,sign
7945,objects,items,sign pole,pole
7946,objects,items,signal light,light
7947,objects,items,skate ramp,ramp
7948,objects,items,skateboard,skateboard
7949,objects,items,skillet,skillet
7950,objects,items,skull,skull
7951,objects,items,skull model,skull
7952,objects,items,skylight,skylight
7953,objects,items,sledgehammer,sledgehammer
7954,objects,items,slide,slide
7955,objects,items,sliding glass door,door
7956,objects,items,sliding_glass_door,door
7957,objects,items,slippers,slipper
7958,objects,items,slotted spatula,spatula
7959,objects,items,small block,block
7960,objects,items,small cup,cup
7961,objects,items,small dough ball,ball
7962,objects,items,small framed painting,painting
7963,objects,items,small jars,jar
7964,objects,items,small round items,item
7965,objects,items,smaller framed photograph,photograph
7966,objects,items,smoke,smoke
7967,objects,items,snack bag,bag
7968,objects,items,snack bags,bag
7969,objects,items,snack boxes,box
7970,objects,items,snack display,display
7971,objects,items,snack packages,package
7972,objects,items,snack shelves,shelving
7973,objects,items,snack_packages,package
7974,objects,items,soap dispenser,dispenser
7975,objects,items,soapy suds,suds
7976,objects,items,soccer ball,ball
7977,objects,items,soccer field,field
7978,objects,items,soccer goal,goal
7979,objects,items,socket wrench,wrench
7980,objects,items,soft-serve machine,machine
7981,objects,items,softbox_light,light
7982,objects,items,soil beds,bed
7983,objects,items,soil furrow,furrow
7984,objects,items,soil mound,mound
7985,objects,items,soil mounds,mound
7986,objects,items,soil pile,pile
7987,objects,items,soil/planter bed,bed
7988,objects,items,speaker,speaker
7989,objects,items,speaker array,speaker
7990,objects,items,spirit_level,level
7991,objects,items,sponge,sponge
7992,objects,items,spool of thread,spool
7993,objects,items,spoon,spoon
7994,objects,items,sports turf,turf
7995,objects,items,sports_field,field
7996,objects,items,spray nozzle,nozzle
7997,objects,items,spray_bottle,bottle
7998,objects,items,spray_nozzle,nozzle
7999,objects,items,sprayer,sprayer
8000,objects,items,sprayer tank,tank
8001,objects,items,squash,squash
8002,objects,items,squat rack,rack
8003,objects,items,squat_rack,rack
8004,objects,items,stack of bowls,bowl
8005,objects,items,stack of documents,document
8006,objects,items,stack of folded fabric,fabric
8007,objects,items,stack of folders,folder
8008,objects,items,stack of pallets,pallet
8009,objects,items,stack of plates,plate
8010,objects,items,stack_of_books,stack
8011,objects,items,stack_of_cash,cash
8012,objects,items,stack_of_files,file
8013,objects,items,stack_of_notes,note
8014,objects,items,stack_of_plates,plate
8015,objects,items,stacked books,book
8016,objects,items,stacked bowls,bowl
8017,objects,items,stacked boxes,box
8018,objects,items,stacked bricks,brick
8019,objects,items,stacked cardboard boxes,box
8020,objects,items,stacked dishes,dish
8021,objects,items,stacked glasses,glass
8022,objects,items,stacked lumber,lumber
8023,objects,items,stacked oranges,orange
8024,objects,items,stacked packaged goods,goods
8025,objects,items,stacked pallets,pallet
8026,objects,items,stacked papers,paper
8027,objects,items,stacked plates,plate
8028,objects,items,stacked plywood,plywood
8029,objects,items,stacked slabs,slab
8030,objects,items,stacked tiles,tile
8031,objects,items,stacked_boxes,box
8032,objects,items,stacked_plates,plate
8033,objects,items,stadium bleachers,bleacher
8034,objects,items,stadium light,light
8035,objects,items,stadium lights,light
8036,objects,items,stadium seats,seat
8037,objects,items,stage curtain,curtain
8038,objects,items,stage light,light
8039,objects,items,stage smoke,smoke
8040,objects,items,stage stairs,stair
8041,objects,items,stage steps,step
8042,objects,items,stage truss,truss
8043,objects,items,stage_curtain,curtain
8044,objects,items,stage_fog,fog
8045,objects,items,stage_light,light
8046,objects,items,stage_monitor,screen
8047,objects,items,stage_smoke,smoke
8048,objects,items,stage_spotlight,spotlight
8049,objects,items,stained glass window,window
8050,objects,items,stainless bowl,bowl
8051,objects,items,stainless pot,pot
8052,objects,items,stainless steel counter,counter
8053,objects,items,stainless steel countertop,countertop
8054,objects,items,stainless steel kettle,kettle
8055,objects,items,stainless worktable,worktable
8056,objects,items,stainless_steel_pan,pan
8057,objects,items,stanchion,stanchion
8058,objects,items,stand mixer,mixer
8059,objects,items,standing water,water
8060,objects,items,stands,stand
8061,objects,items,star_badge,badge
8062,objects,items,station columns,column
8063,objects,items,station pillar,pillar
8064,objects,items,station roof,roof
8065,objects,items,station_canopy,canopy
8066,objects,items,station_sign,sign
8067,objects,items,steel beams,beam
8068,objects,items,steel plate,plate
8069,objects,items,steel rebar,rebar
8070,objects,items,steel_plate,plate
8071,objects,items,steering yoke,yoke
8072,objects,items,stepping stones,stone
8073,objects,items,steps,step
8074,objects,items,stirring rod,rod
8075,objects,items,stock cart,cart
8076,objects,items,stock_pot,pot
8077,objects,items,stone balustrade,balustrade
8078,objects,items,stone basin,basin
8079,objects,items,stone bench,bench
8080,objects,items,stone blocks,block
8081,objects,items,stone building,building
8082,objects,items,stone bust,bust
8083,objects,items,stone column,column
8084,objects,items,stone edge,edge
8085,objects,items,stone edging,stone
8086,objects,items,stone facade,stone
8087,objects,items,stone hearth,stone
8088,objects,items,stone pedestal,stone
8089,objects,items,stone pillar,stone
8090,objects,items,stone pipe,stone
8091,objects,items,stone steps,stone
8092,objects,items,stone trough,stone
8093,objects,items,stone wall,stone
8094,objects,items,stone_bench,bench
8095,objects,items,stop request button,button
8096,objects,items,storage container,container
8097,objects,items,storage rack,rack
8098,objects,items,storage shed,shed
8099,objects,items,storage tank,tank
8100,objects,items,storage_racks,rack
8101,objects,items,store shelf,shelf
8102,objects,items,store_shelf,shelf
8103,objects,items,storefront,storefront
8104,objects,items,storefront buildings,building
8105,objects,items,storefront sign,sign
8106,objects,items,storefront window,window
8107,objects,items,storefront/building,storefront
8108,objects,items,storefronts,storefront
8109,objects,items,stove burner,burner
8110,objects,items,stove hood,hood
8111,objects,items,straw conical hat,hat
8112,objects,items,strawberries,strawberry
8113,objects,items,street sign,sign
8114,objects,items,street sweeper,sweeper
8115,objects,items,street_sign,sign
8116,objects,items,streetlight,streetlight
8117,objects,items,string lights,light
8118,objects,items,stringed instrument,instrument
8119,objects,items,studio lights,light
8120,objects,items,styling chair,chair
8121,objects,items,stylus,stylus
8122,objects,items,subway train,train
8123,objects,items,suction tip,tip
8124,objects,items,suction tool,tool
8125,objects,items,suction/instrument,suction
8126,objects,items,suction_tip,tip
8127,objects,items,suit,suit
8128,objects,items,suit jacket,jacket
8129,objects,items,suit mannequin,mannequin
8130,objects,items,suits,suit
8131,objects,items,sunglasses,sunglasses
8132,objects,items,support beams,beam
8133,objects,items,support column,column
8134,objects,items,support pillar,pillar
8135,objects,items,support scaffolding,scaffold
8136,objects,items,surgical drape,drape
8137,objects,items,surgical drill,drill
8138,objects,items,surgical gloves,glove
8139,objects,items,surgical instrument,instrument
8140,objects,items,surgical instruments,instrument
8141,objects,items,surgical lamp,lamp
8142,objects,items,surgical light,light
8143,objects,items,surgical mask,mask
8144,objects,items,surgical monitor,screen
8145,objects,items,surgical tray,tray
8146,objects,items,surgical_cap,cap
8147,objects,items,surgical_gown,gown
8148,objects,items,surgical_lamp,lamp
8149,objects,items,surgical_mask,mask
8150,objects,items,SUV,suv
8151,objects,items,sword,sword
8152,objects,items,sword_blade,sword
8153,objects,items,syringe,syringe
8154,objects,items,tactical pack,pack
8155,objects,items,tactical_backpack,backpack
8156,objects,items,tall cocktail glass,glass
8157,objects,items,tall drinking glass,glass
8158,objects,items,tall window,window
8159,objects,items,tall_glass,glass
8160,objects,items,tanks,tank
8161,objects,items,tap handles,handle
8162,objects,items,tape_measure,measure
8163,objects,items,taxi (car),car
8164,objects,items,taxi (vehicle),vehicle
8165,objects,items,taxi car,car
8166,objects,items,taxi hood,hood
8167,objects,items,taxi light bar,light
8168,objects,items,taxi roof light,light
8169,objects,items,taxi sign,sign
8170,objects,items,taxi_sign,sign
8171,objects,items,team badge,badge
8172,objects,items,telephone_pole,pole
8173,objects,items,terminal block,block
8174,objects,items,test tube,test_tube
8175,objects,items,theater seat,seat
8176,objects,items,theater_lights,light
8177,objects,items,theater_seating,seat
8178,objects,items,theater_seats,seat
8179,objects,items,thermos,thermo
8180,objects,items,thread cones,cone
8181,objects,items,thread spool,spool
8182,objects,items,thread spools,spool
8183,objects,items,throttle levers,lever
8184,objects,items,throw blanket,blanket
8185,objects,items,throw_pillow,pillow
8186,objects,items,ticket,ticket
8187,objects,items,ticket machine,machine
8188,objects,items,ticket validator,validator
8189,objects,items,ticket_machine,machine
8190,objects,items,tile floor,floor
8191,objects,items,tiled floor,floor
8192,objects,items,tiled_wall,wall
8193,objects,items,timetable,timetable
8194,objects,items,timetable_display,display
8195,objects,items,tire,tire
8196,objects,items,tomato bin,bin
8197,objects,items,tomato crate,crate
8198,objects,items,tomato tray,tray
8199,objects,items,tomato_basket,basket
8200,objects,items,tool bag,bag
8201,objects,items,tool cabinet,cabinet
8202,objects,items,tool canister,canister
8203,objects,items,tool cart,cart
8204,objects,items,tool chest,chest
8205,objects,items,tool_belt,belt
8206,objects,items,tool_cart,cart
8207,objects,items,tool_chest,chest
8208,objects,items,tool_pouch,pouch
8209,objects,items,tool_rack,rack
8210,objects,items,tooling,tooling
8211,objects,items,tooling_fixture,fixture
8212,objects,items,toolpost,toolpost
8213,objects,items,tooth model,tooth
8214,objects,items,touchscreen,touchscreen
8215,objects,items,touchscreen display,screen
8216,objects,items,touchscreen monitor,screen
8217,objects,items,touchscreen_monitor,screen
8218,objects,items,towels,towel
8219,objects,items,tower crane,crane
8220,objects,items,track lane lines,line
8221,objects,items,tracks,track
8222,objects,items,traffic cone,cone
8223,objects,items,traffic cones,cone
8224,objects,items,traffic pole,pole
8225,objects,items,traffic_light,light
8226,objects,items,traffic_sign,sign
8227,objects,items,train carriage,carriage
8228,objects,items,train lever,lever
8229,objects,items,train seat,seat
8230,objects,items,train window,window
8231,objects,items,train windshield,windshield
8232,objects,items,train_car,car
8233,objects,items,train_window,window
8234,objects,items,training cone,cone
8235,objects,items,training marker disc,disc
8236,objects,items,training_cone,cone
8237,objects,items,tram,tram
8238,objects,items,transmission,transmission
8239,objects,items,trash bag,bag
8240,objects,items,trash bags,bag
8241,objects,items,trash_bin,bin
8242,objects,items,travel_mug,mug
8243,objects,items,tray of orange items,tray
8244,objects,items,tray of produce,tray
8245,objects,items,tray of test tubes,tray
8246,objects,items,tray of tomatoes,tray
8247,objects,items,tray table,table
8248,objects,items,tray with plants,tray
8249,objects,items,tray_table,table
8250,objects,items,trays,tray
8251,objects,items,trays of round items,tray
8252,objects,items,trays of yellow granules,tray
8253,objects,items,treadmill,treadmill
8254,objects,items,tree stump,stump
8255,objects,items,tree trunk,trunk
8256,objects,items,tree trunks,trunk
8257,objects,items,trolley,trolley
8258,objects,items,truck cab,cab
8259,objects,items,truck seat,seat
8260,objects,items,truck side mirror,mirror
8261,objects,items,truck trailer,trailer
8262,objects,items,truck_dashboard,dashboard
8263,objects,items,tunnel,tunnel
8264,objects,items,turf,turf
8265,objects,items,turf field,field
8266,objects,items,turf_field,field
8267,objects,items,turnout coat,coat
8268,objects,items,turnstile,turnstile
8269,objects,items,tutu,tutu
8270,objects,items,tv,tv
8271,objects,items,TV monitor,screen
8272,objects,items,tweezers,tweezer
8273,objects,items,utensil jar,jar
8274,objects,items,utility belt,belt
8275,objects,items,utility knife,knife
8276,objects,items,utility pole,pole
8277,objects,items,utility pouch,pouch
8278,objects,items,utility_belt,belt
8279,objects,items,utility_pole,pole
8280,objects,items,vacuum_cleaner,cleaner
8281,objects,items,valves,valve
8282,objects,items,vanity light,light
8283,objects,items,vase,vase
8284,objects,items,vase with pens,vase
8285,objects,items,vegetable crates,crate
8286,objects,items,vegetable displays,display
8287,objects,items,vegetable packaging,package
8288,objects,items,vegetables and fruits,vegetable
8289,objects,items,vegetation,vegetation
8290,objects,items,vehicle,vehicle
8291,objects,items,vehicle lift,lift
8292,objects,items,vehicle_lift,lift
8293,objects,items,vending machine,machine
8294,objects,items,vent_pipe,pipe
8295,objects,items,ventilation duct,duct
8296,objects,items,vertical machine,machine
8297,objects,items,vertical pillar,pillar
8298,objects,items,vertical pole,pole
8299,objects,items,vest,vest
8300,objects,items,vial,vial
8301,objects,items,vial container,container
8302,objects,items,vial rack,rack
8303,objects,items,vials,vial
8304,objects,items,vice,vice
8305,objects,items,video wall,wall
8306,objects,items,vine-covered arch,arch
8307,objects,items,violin,violin
8308,objects,items,vital monitor,monitor
8309,objects,items,vital signs monitor,monitor
8310,objects,items,vital_signs_monitor,monitor
8311,objects,items,volumetric flask,flask
8312,objects,items,volumetric_flask,flask
8313,objects,items,vr headset,headset
8314,objects,items,walkie_radio,radio
8315,objects,items,walking stick,stick
8316,objects,items,walking_path,path
8317,objects,items,walkway,walkway
8318,objects,items,wall,wall
8319,objects,items,wall-mounted painting,painting
8320,objects,items,wall-mounted TV,screen
8321,objects,items,wall-mounted_tv,screen
8322,objects,items,wall art,art
8323,objects,items,wall displays,display
8324,objects,items,wall frame,frame
8325,objects,items,wall framed photos,photo
8326,objects,items,wall label plaque,plaque
8327,objects,items,wall light,light
8328,objects,items,wall monitor,screen
8329,objects,items,wall painting,painting
8330,objects,items,wall panel,panel
8331,objects,items,wall posters,poster
8332,objects,items,wall sign,sign
8333,objects,items,wall text,text
8334,objects,items,wall_art,art
8335,objects,items,wall_chart,chart
8336,objects,items,wall_panel,panel
8337,objects,items,warehouse,warehouse
8338,objects,items,warehouse building,building
8339,objects,items,warehouse buildings,building
8340,objects,items,warehouse door,door
8341,objects,items,warehouse racking,racking
8342,objects,items,warehouse shelves,shelf
8343,objects,items,washing machine,machine
8344,objects,items,watch,watch
8345,objects,items,water-filled furrows,furrow
8346,objects,items,water basin,basin
8347,objects,items,water carafe,carafe
8348,objects,items,water glass,glass
8349,objects,items,water glasses,glass
8350,objects,items,water pump,pump
8351,objects,items,water stream,stream
8352,objects,items,water_bottle,bottle
8353,objects,items,water_glass,glass
8354,objects,items,water_glasses,glass
8355,objects,items,water_hose,hose
8356,objects,items,water_nozzle,nozzle
8357,objects,items,water_spout,spout
8358,objects,items,waterfall,waterfall
8359,objects,items,watering can/nozzle,nozzle
8360,objects,items,watering hose nozzle,nozzle
8361,objects,items,watering pitcher,pitcher
8362,objects,items,watering spout,spout
8363,objects,items,watering sprayer,sprayer
8364,objects,items,watering wand,wand
8365,objects,items,watering_hose,hose
8366,objects,items,watermelons,watermelon
8367,objects,items,wedding dress train,train
8368,objects,items,weight bench,bench
8369,objects,items,weight machine,machine
8370,objects,items,weight plates,plate
8371,objects,items,weight stack,stack
8372,objects,items,weight_bench,bench
8373,objects,items,weight_machine,machine
8374,objects,items,weight_plate,plate
8375,objects,items,weight_stack,stack
8376,objects,items,welding table,table
8377,objects,items,welding_tool,tool
8378,objects,items,wheel,wheel
8379,objects,items,white backdrop,backdrop
8380,objects,items,white bus,bus
8381,objects,items,white car,car
8382,objects,items,white line markings,marking
8383,objects,items,white shirt,shirt
8384,objects,items,white stage curtain,curtain
8385,objects,items,window blinds,blind
8386,objects,items,window frame,frame
8387,objects,items,window glass,glass
8388,objects,items,window opening,window
8389,objects,items,window/building,window
8390,objects,items,window_blinds,blind
8391,objects,items,window_frame,frame
8392,objects,items,windowsill,windowsill
8393,objects,items,windshield,windshield
8394,objects,items,wine bottle,bottle
8395,objects,items,wine bottles,bottle
8396,objects,items,wine glasses,glass
8397,objects,items,wire_fence,fence
8398,objects,items,wok,wok
8399,objects,items,wood paneling,paneling
8400,objects,items,wood panels,panel
8401,objects,items,wood planks,plank
8402,objects,items,wood shelving,shelf
8403,objects,items,wood_paneling,paneling
8404,objects,items,wood_panels,panel
8405,objects,items,wood_planks,plank
8406,objects,items,wood_wall_panel,panel
8407,objects,items,wooden bar,bar
8408,objects,items,wooden barricade,barricade
8409,objects,items,wooden beam,beam
8410,objects,items,wooden board,board
8411,objects,items,wooden boardwalk,boardwalk
8412,objects,items,wooden box,box
8413,objects,items,wooden building,building
8414,objects,items,wooden buildings,building
8415,objects,items,wooden chair,chair
8416,objects,items,wooden chairs,chair
8417,objects,items,wooden column,column
8418,objects,items,wooden countertop,countertop
8419,objects,items,wooden deck,deck
8420,objects,items,wooden desk,desk
8421,objects,items,wooden desks,desk
8422,objects,items,wooden door frame,door
8423,objects,items,wooden ladles,ladle
8424,objects,items,wooden lectern,lectern
8425,objects,items,wooden level,level
8426,objects,items,wooden pallet,pallet
8427,objects,items,wooden pallets,pallet
8428,objects,items,wooden paneling,paneling
8429,objects,items,wooden pergola,pergola
8430,objects,items,wooden pew,pew
8431,objects,items,wooden platform,platform
8432,objects,items,wooden post,post
8433,objects,items,wooden produce bin,bin
8434,objects,items,wooden railing,railing
8435,objects,items,wooden shelf,shelf
8436,objects,items,wooden shelter,shelter
8437,objects,items,wooden shelving,shelving
8438,objects,items,wooden stage floor,floor
8439,objects,items,wooden stake,stake
8440,objects,items,wooden utensils,utensil
8441,objects,items,wooden wall panel,panel
8442,objects,items,wooden wall paneling,paneling
8443,objects,items,wooden wheel chock,wheel
8444,objects,items,wooden windowsill,windowsill
8445,objects,items,wooden_arch,arch
8446,objects,items,wooden_bench,bench
8447,objects,items,wooden_chair,chair
8448,objects,items,wooden_chairs,chair
8449,objects,items,wooden_column,column
8450,objects,items,wooden_crate,crate
8451,objects,items,wooden_desk,desk
8452,objects,items,wooden_pallet,pallet
8453,objects,items,wooden_panel,panel
8454,objects,items,wooden_paneling,paneling
8455,objects,items,wooden_panels,panel
8456,objects,items,wooden_plank,plank
8457,objects,items,wooden_planks,plank
8458,objects,items,wooden_railing,railing
8459,objects,items,wooden_shelves,shelf
8460,objects,items,wooden_stud,stud
8461,objects,items,work apron,apron
8462,objects,items,work counter,counter
8463,objects,items,work gloves,glove
8464,objects,items,work_gloves,glove
8465,objects,items,work_table,table
8466,objects,items,workbench light,light
8467,objects,items,workpiece,workpiece
8468,objects,items,wrapped boxes,box
8469,objects,items,wrapped pallets,pallet
8470,objects,items,wrapped_pallet_stack,pallet
8471,objects,items,wristwatch,wristwatch
8472,objects,items,x-ray monitor,screen
8473,objects,items,yard line,line
8474,objects,items,yard_lines,line
8475,objects,items,yarn spools,spool
8476,objects,items,yellow bell peppers,bell_pepper
8477,objects,items,yellow bottles,bottle
8478,objects,items,yellow cloth,cloth
8479,objects,items,yellow control panel,panel
8480,objects,items,yellow flowers,flower
8481,objects,items,yellow plant pot,pot
8482,objects,items,yellow pot,pot
8483,objects,items,yellow safety line,line
8484,objects,items,yellow taxi,taxi
8485,objects,items,yellow_beads,bead
8486,objects,items,young plants,plant
8487,objects,items,zebra crossing,crossing
8488,objects,items,zucchini,zucchini
8489,objects,items,academic gown,gown
8490,objects,items,acrylic display shelf,shelf
8491,objects,items,adjustable_wrench,wrench
8492,objects,items,adult statue,statue
8493,objects,items,advertisement panel,panel
8494,objects,items,advertisement poster,poster
8495,objects,items,advertising board,board
8496,objects,items,advertising poster,poster
8497,objects,items,aircraft cabin wall,wall
8498,objects,items,aircraft exterior,exterior
8499,objects,items,aircraft hangar,hangar
8500,objects,items,aircraft seats,seat
8501,objects,items,aircraft window,window
8502,objects,items,aircraft_fuselage,fuselage
8503,objects,items,algae,algae
8504,objects,items,algae-covered water,water
8505,objects,items,anesthesia machine,machine
8506,objects,items,apple_tree,tree
8507,objects,items,apricot tree,tree
8508,objects,items,apricots,apricot
8509,objects,items,aquatic plants,plant
8510,objects,items,arch,arch
8511,objects,items,architectural column,column
8512,objects,items,arena roof,roof
8513,objects,items,armor,armor
8514,objects,items,asparagus,asparagu
8515,objects,items,assault_rifle,rifle
8516,objects,items,athletic shirt,shirt
8517,objects,items,atom model,model
8518,objects,items,audio console,console
8519,objects,items,automatic_door,door
8520,objects,items,avionics display,display
8521,objects,items,avionics displays,display
8522,objects,items,avionics_displays,display
8523,objects,items,backdrop screen,screen
8524,objects,items,background wall,wall
8525,objects,items,bag of lemons,bag
8526,objects,items,bag_of_chips,bag
8527,objects,items,bag_of_mushrooms,bag
8528,objects,items,bagels,bagel
8529,objects,items,bagged apples,apple
8530,objects,items,bagged_snack,snack
8531,objects,items,baguette,baguette
8532,objects,items,bakery shelf,shelf
8533,objects,items,baking pan,pan
8534,objects,items,baking peel,peel
8535,objects,items,baking_board,board
8536,objects,items,baking_pan,pan
8537,objects,items,baking_shelves,shelf
8538,objects,items,baking_tray,tray
8539,objects,items,balconies,balcony
8540,objects,items,ballet_shoes,shoe
8541,objects,items,banknotes,banknote
8542,objects,items,banner,banner
8543,objects,items,bar shelf,shelf
8544,objects,items,bathtub edge,edge
8545,objects,items,beaded breastplate,breastplate
8546,objects,items,beaded chestpiece,chestpiece
8547,objects,items,beaded chestplate,chestplate
8548,objects,items,beaded garment,garment
8549,objects,items,beaded medallion,medallion
8550,objects,items,beaded medallions,medallion
8551,objects,items,beaded necklace,necklace
8552,objects,items,beaded panels,panel
8553,objects,items,beaded sash,sash
8554,objects,items,beaded tassels,tassel
8555,objects,items,beaded vest,vest
8556,objects,items,beaded yoke,yoke
8557,objects,items,beadwork,beadwork
8558,objects,items,bedside table,table
8559,objects,items,beer glasses,glass
8560,objects,items,beer_tap,tap
8561,objects,items,beetle,beetle
8562,objects,items,bell_pepper,bell_pepper
8563,objects,items,beret,beret
8564,objects,items,beverage dispenser,dispenser
8565,objects,items,beverage_pack,pack
8566,objects,items,black bucket,bucket
8567,objects,items,black container,container
8568,objects,items,black pot,pot
8569,objects,items,black t-shirt,t_shirt
8570,objects,items,blazer,blazer
8571,objects,items,blind,blind
8572,objects,items,blinds,blind
8573,objects,items,blouse,blouse
8574,objects,items,blue buckets,bucket
8575,objects,items,blue chair,chair
8576,objects,items,blue cube,cube
8577,objects,items,blue device,device
8578,objects,items,blue folder,folder
8579,objects,items,blue gloves,glove
8580,objects,items,blue scrubs,scrub
8581,objects,items,blue shirt,shirt
8582,objects,items,blurred lights,light
8583,objects,items,boarding stairs,stairs
8584,objects,items,bokeh lights,light
8585,objects,items,bokeh_light,light
8586,objects,items,bookcase,bookcase
8587,objects,items,booklet,booklet
8588,objects,items,bottle caps,cap
8589,objects,items,bottle rack,rack
8590,objects,items,bottled_drinks,drink
8591,objects,items,bow tie,tie
8592,objects,items,bowl of fruit,bowl
8593,objects,items,bowl of lemons,bowl
8594,objects,items,bowl of limes,bowl
8595,objects,items,bowl of vegetables,bowl
8596,objects,items,bowl_of_oranges,bowl
8597,objects,items,box truck,truck
8598,objects,items,boxed groceries,groceries
8599,objects,items,boxed product,product
8600,objects,items,boxed products,product
8601,objects,items,bracelet,bracelet
8602,objects,items,branch,branch
8603,objects,items,brass bell,bell
8604,objects,items,brass ornament,ornament
8605,objects,items,bread packages,package
8606,objects,items,bread_basket,basket
8607,objects,items,bread_loaf,loaf
8608,objects,items,breastplate,breastplate
8609,objects,items,breathing mask,mask
8610,objects,items,brick border,border
8611,objects,items,brick stack,stack
8612,objects,items,broadleaf plants,plant
8613,objects,items,brochure rack,rack
8614,objects,items,brochures,brochure
8615,objects,items,brush container,container
8616,objects,items,brush_container,container
8617,objects,items,bucket on trolley,bucket
8618,objects,items,bucket on wheeled base,bucket
8619,objects,items,building exterior,building
8620,objects,items,building frame,building
8621,objects,items,building under construction,building
8622,objects,items,building_façade,building
8623,objects,items,bunch of greens,green
8624,objects,items,bunch of herbs,herb
8625,objects,items,bundle of harvested crops,crop
8626,objects,items,bundle of seedlings,seedling
8627,objects,items,bundle of stalks,stalk
8628,objects,items,bundled plants,plant
8629,objects,items,bus stop sign,sign
8630,objects,items,bus wheel,wheel
8631,objects,items,button,button
8632,objects,items,button-down shirt,shirt
8633,objects,items,button-up shirt,shirt
8634,objects,items,button_up_shirt,shirt
8635,objects,items,cabin,cabin
8636,objects,items,cabin wall,wall
8637,objects,items,cabin wall panel,panel
8638,objects,items,cake,cake
8639,objects,items,cake on stand,cake
8640,objects,items,cake stand,stand
8641,objects,items,cakes,cake
8642,objects,items,calendar,calendar
8643,objects,items,camera display,screen
8644,objects,items,camera handle,handle
8645,objects,items,camera monitor,screen
8646,objects,items,camera screen,screen
8647,objects,items,camera strap,strap
8648,objects,items,camera tripod,tripod
8649,objects,items,camera with telephoto lens,camera
8650,objects,items,camera_lens,lens
8651,objects,items,camouflage jacket,jacket
8652,objects,items,can,can
8653,objects,items,canister,canister
8654,objects,items,capitol dome,dome
8655,objects,items,car dashboard,dashboard
8656,objects,items,car door frame,door
8657,objects,items,car front bumper,bumper
8658,objects,items,car part,part
8659,objects,items,car tire,tire
8660,objects,items,car window/frame,window
8661,objects,items,card_terminal,terminal
8662,objects,items,cardboard,cardboard
8663,objects,items,cardboard boxes on pallets,box
8664,objects,items,cardboard panels,panel
8665,objects,items,carpet,carpet
8666,objects,items,cars,car
8667,objects,items,cast iron skillet,skillet
8668,objects,items,ceiling,ceiling
8669,objects,items,ceiling grid,grid
8670,objects,items,ceiling_lamp,lamp
8671,objects,items,cell_phone,phone
8672,objects,items,ceramic jar,jar
8673,objects,items,ceremonial rifle,rifle
8674,objects,items,ceremonial sword,sword
8675,objects,items,chafing_dish,dish
8676,objects,items,chalk,chalk
8677,objects,items,chalk writing,writing
8678,objects,items,chart,chart
8679,objects,items,checkout terminal,terminal
8680,objects,items,checkout_register,register
8681,objects,items,chef coat,coat
8682,objects,items,chef jacket,jacket
8683,objects,items,chef_hat,hat
8684,objects,items,chest strap,strap
8685,objects,items,chest_armor,armor
8686,objects,items,chestplate,chestplate
8687,objects,items,child statue,statue
8688,objects,items,chin strap,strap
8689,objects,items,chip_bags,bag
8690,objects,items,circular glass building,building
8691,objects,items,circular_planter,planter
8692,objects,items,citrus fruits,fruit
8693,objects,items,citrus_fruits,fruit
8694,objects,items,clamp/conveyor,clamp/conveyor
8695,objects,items,cleaning basket,basket
8696,objects,items,cleaning brush,brush
8697,objects,items,cleaning cart,cart
8698,objects,items,cleaning machine,machine
8699,objects,items,cleaning mop,mop
8700,objects,items,cleaning pad,pad
8701,objects,items,cleaning_brush,brush
8702,objects,items,clear plastic bottle,bottle
8703,objects,items,clipboard_with_chart,clipboard
8704,objects,items,clothing strap,strap
8705,objects,items,CNC spindle,spindle
8706,objects,items,coach bus,bus
8707,objects,items,coat,coat
8708,objects,items,cocktail glasses,glass
8709,objects,items,cocktails,cocktail
8710,objects,items,coffee grinder hopper,hopper
8711,objects,items,coffee urn,urn
8712,objects,items,coffee urns,urn
8713,objects,items,coffee_urns,urn
8714,objects,items,collar,collar
8715,objects,items,colored cables,cable
8716,objects,items,colored pencils,pencil
8717,objects,items,columned building,building
8718,objects,items,compactor,compactor
8719,objects,items,compass,compass
8720,objects,items,computer display,screen
8721,objects,items,computer keyboard,keyboard
8722,objects,items,computer screen,screen
8723,objects,items,concrete arch,arch
8724,objects,items,concrete barrier,barrier
8725,objects,items,concrete culvert,culvert
8726,objects,items,concrete monolith,monolith
8727,objects,items,concrete overhang,overhang
8728,objects,items,concrete pavilion,pavilion
8729,objects,items,concrete platform,platform
8730,objects,items,concrete steps,step
8731,objects,items,concrete_block,block
8732,objects,items,concrete_ring,ring
8733,objects,items,concrete_trough,trough
8734,objects,items,condiment jars,jar
8735,objects,items,condiment_bottles,bottle
8736,objects,items,conical flask with orange liquid,flask
8737,objects,items,conical_hat,hat
8738,objects,items,console,console
8739,objects,items,construction barrier,barrier
8740,objects,items,construction crane,crane
8741,objects,items,construction equipment,equipment
8742,objects,items,construction machinery,machinery
8743,objects,items,construction_fencing,fence
8744,objects,items,control displays,display
8745,objects,items,control module,module
8746,objects,items,control valve,valve
8747,objects,items,control_yoke,yoke
8748,objects,items,controls,control
8749,objects,items,cooking pots,pot
8750,objects,items,cooking_lid,lid
8751,objects,items,corridor,corridor
8752,objects,items,corrugated metal wall,wall
8753,objects,items,cosmetic box,box
8754,objects,items,counter sign,sign
8755,objects,items,courtroom chairs,chair
8756,objects,items,covered chair,chair
8757,objects,items,cow,cow
8758,objects,items,crate of eggs,crate
8759,objects,items,crate of fruit,crate
8760,objects,items,crate of peaches,crate
8761,objects,items,crop field,field
8762,objects,items,crops,crop
8763,objects,items,culvert opening,culvert
8764,objects,items,culvert pipe,culvert
8765,objects,items,cups,cup
8766,objects,items,cutting board with produce,cutting_board
8767,objects,items,cutting boards,cutting_board
8768,objects,items,cutting machine,machine
8769,objects,items,dance_floor,floor
8770,objects,items,dark backdrop,backdrop
8771,objects,items,dashboard device,device
8772,objects,items,dashboard monitor,screen
8773,objects,items,dashboard_gauges,gauge
8774,objects,items,dashboard_instrument_cluster,dashboard
8775,objects,items,dashboard_screen,screen
8776,objects,items,data display,display
8777,objects,items,data interface,interface
8778,objects,items,data overlay,overlay
8779,objects,items,data panels,panel
8780,objects,items,data visualization,visualization
8781,objects,items,deck,deck
8782,objects,items,decorative chest armor,armor
8783,objects,items,delivery van,van
8784,objects,items,denim jacket,jacket
8785,objects,items,denim_shirt,shirt
8786,objects,items,dental file,file
8787,objects,items,dental forceps,forceps
8788,objects,items,dental overhead light,light
8789,objects,items,dental polisher,polisher
8790,objects,items,dental tool,tool
8791,objects,items,dental tools,tool
8792,objects,items,dental veneer,veneer
8793,objects,items,dental_bib,bib
8794,objects,items,dental_chair,chair
8795,objects,items,dental_instrument,instrument
8796,objects,items,dental_light,light
8797,objects,items,dental_mirror,mirror
8798,objects,items,dental_probe,probe
8799,objects,items,desk mat,mat
8800,objects,items,detergent_bottle,bottle
8801,objects,items,diagram board,board
8802,objects,items,diffuser,diffuser
8803,objects,items,digital camera,camera
8804,objects,items,digital grid,grid
8805,objects,items,digital interface,interface
8806,objects,items,digital overlay,overlay
8807,objects,items,digital sign,sign
8808,objects,items,digital_graphs,graph
8809,objects,items,dining_chair,chair
8810,objects,items,dipstick,dipstick
8811,objects,items,dirt path,path
8812,objects,items,dish mat,mat
8813,objects,items,dish rack,rack
8814,objects,items,dishes,dish
8815,objects,items,dispensing apparatus,apparatus
8816,objects,items,display cabinet,cabinet
8817,objects,items,display sign,sign
8818,objects,items,display window,window
8819,objects,items,display_tables,table
8820,objects,items,donuts,donut
8821,objects,items,door_frame,frame
8822,objects,items,doughnuts,doughnut
8823,objects,items,drain grate,grate
8824,objects,items,drainage pipe,pipe
8825,objects,items,drawing_table,table
8826,objects,items,dress shirt,shirt
8827,objects,items,drill bit,bit
8828,objects,items,drill chuck,chuck
8829,objects,items,drill head,head
8830,objects,items,drill_bit,bit
8831,objects,items,drink bottles,bottle
8832,objects,items,drink cooler,cooler
8833,objects,items,drinking glasses,glass
8834,objects,items,dropper,dropper
8835,objects,items,drum_kit,drum
8836,objects,items,drums,drum
8837,objects,items,dumbbells,dumbbell
8838,objects,items,duty belt/holster,holster
8839,objects,items,earmuffs,earmuff
8840,objects,items,earpiece,earpiece
8841,objects,items,earring,earring
8842,objects,items,earrings,earring
8843,objects,items,easel_monitor,screen
8844,objects,items,electric bass,bass
8845,objects,items,electric_bass,bass
8846,objects,items,electrical control box,box
8847,objects,items,elliptical machine,machine
8848,objects,items,elliptical trainer,trainer
8849,objects,items,emergency light,light
8850,objects,items,emergency SUV,suv
8851,objects,items,emergency_light,light
8852,objects,items,emergency_lights,light
8853,objects,items,engine_components,component
8854,objects,items,entrance door frame,frame
8855,objects,items,entrance mat,mat
8856,objects,items,entry floor,floor
8857,objects,items,equipment cabinet,cabinet
8858,objects,items,equipment_shelf,shelf
8859,objects,items,erlenmeyer flask,flask
8860,objects,items,exercise handle,handle
8861,objects,items,exercise_mat,mat
8862,objects,items,eyeglass display rack,rack
8863,objects,items,eyeglass_rack,rack
8864,objects,items,eyeglasses rack,rack
8865,objects,items,eyeliner pen,pen
8866,objects,items,fabric frame,frame
8867,objects,items,fabric swatches,swatch
8868,objects,items,fallen log,log
8869,objects,items,farm building,building
8870,objects,items,farm buildings,building
8871,objects,items,farm hut,hut
8872,objects,items,farmhouse,farmhouse
8873,objects,items,feather headdress,headdress
8874,objects,items,feathered headdress,headdress
8875,objects,items,fedora,fedora
8876,objects,items,female statue,statue
8877,objects,items,field (rows of crops),field
8878,objects,items,file,file
8879,objects,items,file boxes,box
8880,objects,items,file holder,holder
8881,objects,items,file stack,stack
8882,objects,items,file_binders,binder
8883,objects,items,file_stack,stack
8884,objects,items,filing binders,binder
8885,objects,items,film_camera,camera
8886,objects,items,fire engine,engine
8887,objects,items,firefighter gear,gear
8888,objects,items,fixture,fixture
8889,objects,items,flag lapel pin,pin
8890,objects,items,flag patch,patch
8891,objects,items,flag pin,pin
8892,objects,items,flag poles,pole
8893,objects,items,flag_lapel_pin,pin
8894,objects,items,flashlight,flashlight
8895,objects,items,flight bag,bag
8896,objects,items,flight_displays,display
8897,objects,items,floodlight tower,tower
8898,objects,items,floor hole,hole
8899,objects,items,floor mop,mop
8900,objects,items,floor scrubber,scrubber
8901,objects,items,floor tile,tile
8902,objects,items,floor_tiles,tile
8903,objects,items,flower planter,planter
8904,objects,items,flower_pot,pot
8905,objects,items,flowerbeds,flowerbed
8906,objects,items,fly,fly
8907,objects,items,folded clothes,clothes
8908,objects,items,folded clothing,clothing
8909,objects,items,folded cloths,cloth
8910,objects,items,folded fabrics,fabric
8911,objects,items,folded pants,pant
8912,objects,items,folded shirts,shirt
8913,objects,items,foliage,foliage
8914,objects,items,follow focus,focus
8915,objects,items,food,food
8916,objects,items,food container,container
8917,objects,items,food containers,container
8918,objects,items,food display case,case
8919,objects,items,food display dome,dome
8920,objects,items,food platter,platter
8921,objects,items,food_patties,patty
8922,objects,items,football goalpost,goalpost
8923,objects,items,forge press,press
8924,objects,items,forge_press,press
8925,objects,items,forks,fork
8926,objects,items,formwork panels,panel
8927,objects,items,framed_document,document
8928,objects,items,framed_mirror,mirror
8929,objects,items,framed_picture,picture
8930,objects,items,framed_poster,poster
8931,objects,items,freezer door,door
8932,objects,items,fringe garment,garment
8933,objects,items,fringed garment,garment
8934,objects,items,fringed jacket,jacket
8935,objects,items,fringed leather garment,garment
8936,objects,items,fringed leather shirt,shirt
8937,objects,items,fringed robe,robe
8938,objects,items,fringed shirt,shirt
8939,objects,items,front window,window
8940,objects,items,frosted glass window,window
8941,objects,items,fruit (apples),apple
8942,objects,items,fruit (oranges),orange
8943,objects,items,fruit display case,case
8944,objects,items,fruit packages,package
8945,objects,items,fruit pile,fruit
8946,objects,items,fruit tree,tree
8947,objects,items,fruit_apples,apple
8948,objects,items,fruit_shelves,shelf
8949,objects,items,fruit_trays,tray
8950,objects,items,furrowed field,field
8951,objects,items,garden chair,chair
8952,objects,items,garden gate,gate
8953,objects,items,garden planters,planter
8954,objects,items,garden pruner,pruner
8955,objects,items,garden spreader,spreader
8956,objects,items,garlic,garlic
8957,objects,items,gauges,gauge
8958,objects,items,gazebo,gazebo
8959,objects,items,gear lever,lever
8960,objects,items,gear_shift,shift
8961,objects,items,glass automatic door,door
8962,objects,items,glass bowl,bowl
8963,objects,items,glass building,building
8964,objects,items,glass building facade,facade
8965,objects,items,glass container,container
8966,objects,items,glass cooler,cooler
8967,objects,items,glass display,display
8968,objects,items,glass divider,divider
8969,objects,items,glass exit door,door
8970,objects,items,glass facade,facade
8971,objects,items,glass growth chamber,chamber
8972,objects,items,glass of coffee,glass
8973,objects,items,glass pane,pane
8974,objects,items,glass pavilion,pavilion
8975,objects,items,glass pitcher,pitcher
8976,objects,items,glass refrigerated display,display
8977,objects,items,glass refrigerator,refrigerator
8978,objects,items,glass refrigerator door,door
8979,objects,items,glass revolving door,door
8980,objects,items,glass sphere,sphere
8981,objects,items,glass table,table
8982,objects,items,glass terrarium,terrarium
8983,objects,items,glass windows,window
8984,objects,items,glass_case,case
8985,objects,items,glass_display_case,case
8986,objects,items,glass_door,door
8987,objects,items,glass_jars,jar
8988,objects,items,glass_ornament,ornament
8989,objects,items,glass_panel,panel
8990,objects,items,glass_refrigerator_door,door
8991,objects,items,glass_vial,vial
8992,objects,items,glass_window,window
8993,objects,items,globe,globe
8994,objects,items,gloved hand,hand
8995,objects,items,glowing metal,metal
8996,objects,items,glowing tree,tree
8997,objects,items,goal_post,post
8998,objects,items,goggles,goggle
8999,objects,items,GPS device,device
9000,objects,items,grain pile,pile
9001,objects,items,grain piles,pile
9002,objects,items,grapefruit,grapefruit
9003,objects,items,grapes,grape
9004,objects,items,graph,graph
9005,objects,items,graph charts,chart
9006,objects,items,graph display,display
9007,objects,items,grass bundle,bundle
9008,objects,items,grass clippings,clipping
9009,objects,items,grasshopper,grasshopper
9010,objects,items,gravel,gravel
9011,objects,items,gravel path,path
9012,objects,items,gravel_piles,pile
9013,objects,items,gray wall,wall
9014,objects,items,green basin,basin
9015,objects,items,green bottles,bottle
9016,objects,items,green bucket,bucket
9017,objects,items,green fruits,fruit
9018,objects,items,green peas,pea
9019,objects,items,green produce crates,crate
9020,objects,items,green squash,squash
9021,objects,items,green trash bin,bin
9022,objects,items,green wall,wall
9023,objects,items,green wheeled bin,bin
9024,objects,items,green wheeled cart,cart
9025,objects,items,green_crate,crate
9026,objects,items,green_plastic_crates,crate
9027,objects,items,green_tray,tray
9028,objects,items,green_wall,wall
9029,objects,items,greenery,greenery
9030,objects,items,grill,grill
9031,objects,items,grill/stovetop,grill
9032,objects,items,grilled_food,food
9033,objects,items,grindstone,grindstone
9034,objects,items,grocery items,item
9035,objects,items,ground,ground
9036,objects,items,grow shelf,shelf
9037,objects,items,guitar strap,strap
9038,objects,items,guitar_strap,strap
9039,objects,items,gym machine,machine
9040,objects,items,gym_bench,bench
9041,objects,items,hair accessory,accessory
9042,objects,items,hair curler,curler
9043,objects,items,hair product bottle,bottle
9044,objects,items,hair tie,tie
9045,objects,items,hair_tool,tool
9046,objects,items,hairdressing cape,cape
9047,objects,items,hallway_door,door
9048,objects,items,hamburger,hamburger
9049,objects,items,hamburgers,hamburger
9050,objects,items,hammock,hammock
9051,objects,items,hand fan,fan
9052,objects,items,hand saw,saw
9053,objects,items,hand tractor,tractor
9054,objects,items,handheld container,container
9055,objects,items,handheld controller,controller
9056,objects,items,handheld_reader,reader
9057,objects,items,handheld_rig,rig
9058,objects,items,hanger,hanger
9059,objects,items,hanging bulbs,bulb
9060,objects,items,hanging glasses,glass
9061,objects,items,hanging herbs,herb
9062,objects,items,hanging_basket,basket
9063,objects,items,hanging_lantern,lantern
9064,objects,items,hanging_light,light
9065,objects,items,hanging_pans,pan
9066,objects,items,hanging_pots,pot
9067,objects,items,hanging_tools,tool
9068,objects,items,hanging_utensils,utensil
9069,objects,items,harvested bundle,bundle
9070,objects,items,harvested crop stubble,stubble
9071,objects,items,harvested grain mound,mound
9072,objects,items,hay bales,bale
9073,objects,items,hay piles,pile
9074,objects,items,head immobilizer,immobilizer
9075,objects,items,headband,headband
9076,objects,items,headdress,headdress
9077,objects,items,headrest,headrest
9078,objects,items,helmet mount,mount
9079,objects,items,herb bundle,bundle
9080,objects,items,hi-vis vest,vest
9081,objects,items,highway road,road
9082,objects,items,holographic data overlay,overlay
9083,objects,items,holographic displays,display
9084,objects,items,holographic interface,interface
9085,objects,items,hood prop rod,rod
9086,objects,items,hooded jacket,jacket
9087,objects,items,hose_nozzle,nozzle
9088,objects,items,hot metal,metal
9089,objects,items,house roof,roof
9090,objects,items,houseplant,houseplant
9091,objects,items,huts,hut
9092,objects,items,hydrant,hydrant
9093,objects,items,identification_badge,badge
9094,objects,items,in-flight screen,screen
9095,objects,items,indoor trees,tree
9096,objects,items,industrial building,building
9097,objects,items,industrial equipment,equipment
9098,objects,items,industrial pipes,pipe
9099,objects,items,industrial pump,pump
9100,objects,items,information panel,panel
9101,objects,items,information_board,board
9102,objects,items,infotainment_screen,screen
9103,objects,items,insect,insect
9104,objects,items,instrument,instrument
9105,objects,items,instrument arm,arm
9106,objects,items,instrument stand,stand
9107,objects,items,irrigation_pump,pump
9108,objects,items,ivy,ivy
9109,objects,items,ivy plant,ivy
9110,objects,items,jack,jack
9111,objects,items,jackets,jacket
9112,objects,items,jackhammer,jackhammer
9113,objects,items,jarred food,food
9114,objects,items,jars_on_shelf,jar
9115,objects,items,jersey,jersey
9116,objects,items,jiggers,jigger
9117,objects,items,juice cartons,carton
9118,objects,items,kettlebell,kettlebell
9119,objects,items,keypad,keypad
9120,objects,items,kiosk,kiosk
9121,objects,items,kitchen countertop,countertop
9122,objects,items,kitchen island,island
9123,objects,items,kitchen shelves,shelf
9124,objects,items,kitchen_cabinet,cabinet
9125,objects,items,kitchen_island,island
9126,objects,items,kitchen_oven,oven
9127,objects,items,kitchen_shelves,shelf
9128,objects,items,kitchen_sink,sink
9129,objects,items,knee_pad,pad
9130,objects,items,knife_block,block
9131,objects,items,lab balance,balance
9132,objects,items,lab shelves,shelf
9133,objects,items,lab_coat,coat
9134,objects,items,lab_lamp,lamp
9135,objects,items,lab_rack,rack
9136,objects,items,labelled containers,container
9137,objects,items,labels,label
9138,objects,items,laboratory rack,rack
9139,objects,items,laboratory_instrument,instrument
9140,objects,items,lamp base,base
9141,objects,items,lamps,lamp
9142,objects,items,lantern,lantern
9143,objects,items,lanyard,lanyard
9144,objects,items,lapel_pin,pin
9145,objects,items,laptop/monitor,laptop
9146,objects,items,laptop/tablet,laptop
9147,objects,items,large cooking pan,pan
9148,objects,items,large glass bottles,bottle
9149,objects,items,large loaf of bread,loaf
9150,objects,items,large pot,pot
9151,objects,items,large softbox light,light
9152,objects,items,large_canvas,canvas
9153,objects,items,large_plant,plant
9154,objects,items,lathe/milling_machine,machine
9155,objects,items,lathe_component,component
9156,objects,items,lattice screen,screen
9157,objects,items,law books,book
9158,objects,items,lawn edger,edger
9159,objects,items,lawn mower,mower
9160,objects,items,lawn roller,roller
9161,objects,items,lawn spreader,spreader
9162,objects,items,lawn sweeper,sweeper
9163,objects,items,leaflet,leaflet
9164,objects,items,leaflet rack,rack
9165,objects,items,leafy_vegetables,vegetable
9166,objects,items,leather fringed shirt,shirt
9167,objects,items,leather robe,robe
9168,objects,items,leather shirt,shirt
9169,objects,items,leather vest,vest
9170,objects,items,LED light,light
9171,objects,items,lens hood,hood
9172,objects,items,leotard,leotard
9173,objects,items,lever,lever
9174,objects,items,lidded_pot,pot
9175,objects,items,liftgate,liftgate
9176,objects,items,light bulbs,bulb
9177,objects,items,light patterns,pattern
9178,objects,items,light stand,stand
9179,objects,items,light switch,switch
9180,objects,items,light_pole,pole
9181,objects,items,light_reflection,reflection
9182,objects,items,lightbox,lightbox
9183,objects,items,lighting fixtures,fixture
9184,objects,items,lighting panel,panel
9185,objects,items,lighting truss,truss
9186,objects,items,lily pads,lily_pad
9187,objects,items,line graphs,graph
9188,objects,items,lizard,lizard
9189,objects,items,logo,logo
9190,objects,items,long handle/wand,handle
9191,objects,items,long_table,table
9192,objects,items,lounge_chair,chair
9193,objects,items,machine components,component
9194,objects,items,machine handle,handle
9195,objects,items,machine panel,panel
9196,objects,items,machinery shaft,shaft
9197,objects,items,makeup brushes,brush
9198,objects,items,makeup palette,palette
9199,objects,items,male statue,statue
9200,objects,items,mallets,mallet
9201,objects,items,mangoes,mangoe
9202,objects,items,manhole,manhole
9203,objects,items,marble counter,counter
9204,objects,items,marble desk,desk
9205,objects,items,marble sculpture,sculpture
9206,objects,items,matte box,box
9207,objects,items,measuring_tape,tape
9208,objects,items,meat,meat
9209,objects,items,mechanic gloves,glove
9210,objects,items,medal,medal
9211,objects,items,medallion,medallion
9212,objects,items,medallion badge,badge
9213,objects,items,medical,medical
9214,objects,items,medical equipment panel,panel
9215,objects,items,medical scrubs,scrubs
9216,objects,items,medical_equipment,equipment
9217,objects,items,medical_id_badge,badge
9218,objects,items,medicine shelf,shelf
9219,objects,items,medicine_boxes,box
9220,objects,items,menu display,display
9221,objects,items,menu_board,board
9222,objects,items,merchandise rack,rack
9223,objects,items,mesh fence,fence
9224,objects,items,metal arch,arch
9225,objects,items,metal badge,badge
9226,objects,items,metal bar,bar
9227,objects,items,metal beams,beam
9228,objects,items,metal can,can
9229,objects,items,metal components,component
9230,objects,items,metal containers,container
9231,objects,items,metal disc,disc
9232,objects,items,metal drums,drum
9233,objects,items,metal fixture,fixture
9234,objects,items,metal flanges,flange
9235,objects,items,metal forceps,forceps
9236,objects,items,metal grate,grate
9237,objects,items,metal grater,grater
9238,objects,items,metal knob,knob
9239,objects,items,metal mixer,mixer
9240,objects,items,metal pans,pan
9241,objects,items,metal part,part
9242,objects,items,metal pieces,piece
9243,objects,items,metal pitchers,pitcher
9244,objects,items,metal plates,plate
9245,objects,items,metal pots,pot
9246,objects,items,metal prep table,table
9247,objects,items,metal rail,rail
9248,objects,items,metal rails,rail
9249,objects,items,metal ring,ring
9250,objects,items,metal rods,rod
9251,objects,items,metal roller,roller
9252,objects,items,metal serving rack,rack
9253,objects,items,metal shakers,shaker
9254,objects,items,metal shelf with jars,shelf
9255,objects,items,metal tins,tin
9256,objects,items,metal tongs,tong
9257,objects,items,metal trays,tray
9258,objects,items,metal tube,tube
9259,objects,items,metal utensil container,container
9260,objects,items,metal vise,vise
9261,objects,items,metal window grille,grille
9262,objects,items,metal workstation,workstation
9263,objects,items,metal_apparatus,apparatus
9264,objects,items,metal_beams,beam
9265,objects,items,metal_bowl,bowl
9266,objects,items,metal_bucket,bucket
9267,objects,items,metal_counter,counter
9268,objects,items,metal_cylinder_workpiece,cylinder
9269,objects,items,metal_file,file
9270,objects,items,metal_gate,gate
9271,objects,items,metal_kitchen_shelf,shelf
9272,objects,items,metal_ladle,ladle
9273,objects,items,metal_pail,pail
9274,objects,items,metal_pans,pan
9275,objects,items,metal_shelves,shelf
9276,objects,items,metal_support_column,column
9277,objects,items,microfiber cloth,cloth
9278,objects,items,microscope slide,slide
9279,objects,items,microwave,microwave
9280,objects,items,midi controller,controller
9281,objects,items,military cap,cap
9282,objects,items,mixing pan,pan
9283,objects,items,mobility_scooter,scooter
9284,objects,items,molten_metal,metal
9285,objects,items,monitoring_screen,screen
9286,objects,items,monument,monument
9287,objects,items,moon,moon
9288,objects,items,mop/brush,mop
9289,objects,items,mop_bucket,bucket
9290,objects,items,mortarboard,mortarboard
9291,objects,items,moss-covered branch,branch
9292,objects,items,mossy_log,log
9293,objects,items,mounted camera,camera
9294,objects,items,MRI images,image
9295,objects,items,mud path,path
9296,objects,items,muddy furrows,furrow
9297,objects,items,multifunction displays,display
9298,objects,items,name plate,plate
9299,objects,items,name_patch,patch
9300,objects,items,navigation screen,screen
9301,objects,items,navigation_screen,screen
9302,objects,items,neck tie,tie
9303,objects,items,necktie,necktie
9304,objects,items,needle,needle
9305,objects,items,net,net
9306,objects,items,nightstand,nightstand
9307,objects,items,nose ring,ring
9308,objects,items,notebooks,notebook
9309,objects,items,nurse cap,cap
9310,objects,items,office building,building
9311,objects,items,office interior,interior
9312,objects,items,office window,window
9313,objects,items,office_building,building
9314,objects,items,office_building_exterior,building
9315,objects,items,oil bottle,bottle
9316,objects,items,oil can,can
9317,objects,items,open notebook,notebook
9318,objects,items,operating_light,light
9319,objects,items,optical frame rack,rack
9320,objects,items,optical instrument,instrument
9321,objects,items,optical lens,lens
9322,objects,items,optical_stage,stage
9323,objects,items,orange barrier,barrier
9324,objects,items,orange basket,basket
9325,objects,items,orange safety fence,fence
9326,objects,items,orange_metal_crate,crate
9327,objects,items,orchard trees,tree
9328,objects,items,ornate door,door
9329,objects,items,ottoman,ottoman
9330,objects,items,outdoor sofa,sofa
9331,objects,items,overcoat,overcoat
9332,objects,items,overhead controls,control
9333,objects,items,overhead surgical light,light
9334,objects,items,overhead vent hood,hood
9335,objects,items,overhead wires,wire
9336,objects,items,overhead_controls,control
9337,objects,items,overhead_emergency_light,light
9338,objects,items,overhead_light_fixtures,fixture
9339,objects,items,packaged carton,carton
9340,objects,items,packaged meat,meat
9341,objects,items,packaged oranges,orange
9342,objects,items,packaged salmon,salmon
9343,objects,items,packaged tray,tray
9344,objects,items,packaged_box,box
9345,objects,items,packaged_loaves,loaf
9346,objects,items,packaged_vegetables,vegetable
9347,objects,items,packaging,package
9348,objects,items,padded seats,seat
9349,objects,items,paint,paint
9350,objects,items,paint bottles,bottle
9351,objects,items,paint container,container
9352,objects,items,paint supplies,supply
9353,objects,items,paint_jars,jar
9354,objects,items,paint_palette,palette
9355,objects,items,painting (framed),painting
9356,objects,items,paintings,painting
9357,objects,items,pallet of water bottles,pallet
9358,objects,items,palm tree,tree
9359,objects,items,paneling,paneling
9360,objects,items,pans,pan
9361,objects,items,paper boxes,box
9362,objects,items,paper cup stack,cup
9363,objects,items,paper cups,cup
9364,objects,items,paper cutter,cutter
9365,objects,items,paper report,report
9366,objects,items,paper/document,paper
9367,objects,items,paper_towel_roll,roll
9368,objects,items,paperwork,paperwork
9369,objects,items,parking_pillar,pillar
9370,objects,items,partition,partition
9371,objects,items,pastry_display,display
9372,objects,items,patient_chart,chart
9373,objects,items,patient_drape,drape
9374,objects,items,patio_umbrella,umbrella
9375,objects,items,paved floor,floor
9376,objects,items,paved pathway,pathway
9377,objects,items,paved platform,platform
9378,objects,items,paved_walkway,walkway
9379,objects,items,pavilion,pavilion
9380,objects,items,paving slab,slab
9381,objects,items,payment keypad,keypad
9382,objects,items,peach tree,tree
9383,objects,items,peaches,peach
9384,objects,items,peaked cap,cap
9385,objects,items,pedestal/table,pedestal/table
9386,objects,items,pellets,pellet
9387,objects,items,pendant lamps,lamp
9388,objects,items,pendant_light,light
9389,objects,items,pens,pen
9390,objects,items,pergola,pergola
9391,objects,items,petri_dish,dish
9392,objects,items,pharmacy cabinet,cabinet
9393,objects,items,pharmacy_counter,counter
9394,objects,items,pharmacy_kiosk,kiosk
9395,objects,items,piano bench,bench
9396,objects,items,pies,py
9397,objects,items,pile of gravel,pile
9398,objects,items,pile of rubble,pile
9399,objects,items,pile of soil,pile
9400,objects,items,pile_of_dirt,dirt
9401,objects,items,pill boxes,box
9402,objects,items,pill containers,container
9403,objects,items,pilot_headset,headset
9404,objects,items,pinboard,pinboard
9405,objects,items,pink shoulder bag,bag
9406,objects,items,pipette dispenser,dispenser
9407,objects,items,pipette tip rack,rack
9408,objects,items,pipette tips,tip
9409,objects,items,placemat,placemat
9410,objects,items,plaid shirt,shirt
9411,objects,items,plaid_shirt,shirt
9412,objects,items,plain wall,wall
9413,objects,items,planet,planet
9414,objects,items,planks,plank
9415,objects,items,plant sample,sample
9416,objects,items,planted soil ridges,ridge
9417,objects,items,planters,planter
9418,objects,items,plasma globe,globe
9419,objects,items,plastic bags,bag
9420,objects,items,plastic bin,bin
9421,objects,items,plastic bins,bin
9422,objects,items,plastic bucket,bucket
9423,objects,items,plastic cape,cape
9424,objects,items,plastic clamshells,clamshell
9425,objects,items,plastic containers,container
9426,objects,items,plastic drum,drum
9427,objects,items,plastic hair cape,cape
9428,objects,items,plastic produce bags,bag
9429,objects,items,plastic tubs,tub
9430,objects,items,plastic_basket,basket
9431,objects,items,plastic_jug,jug
9432,objects,items,plate (food),plate
9433,objects,items,plate of pastries,plate
9434,objects,items,plate with croissants,plate
9435,objects,items,plate with food,plate
9436,objects,items,plate with salad,plate
9437,objects,items,plated dish,dish
9438,objects,items,playground,playground
9439,objects,items,plaza,plaza
9440,objects,items,plumbing pipes,pipe
9441,objects,items,plywood panel,panel
9442,objects,items,pocket square,square
9443,objects,items,pocket_square,square
9444,objects,items,point_of_sale_terminal,terminal
9445,objects,items,pointe_shoes,shoe
9446,objects,items,police car interior,interior
9447,objects,items,police tape,tape
9448,objects,items,police uniform,uniform
9449,objects,items,police_car,car
9450,objects,items,police_lights,light
9451,objects,items,polished floor,floor
9452,objects,items,pond liner,liner
9453,objects,items,pool of water,pool
9454,objects,items,pop filter,filter
9455,objects,items,pop_filter,filter
9456,objects,items,porch,porch
9457,objects,items,porch column,column
9458,objects,items,portable radio,radio
9459,objects,items,portable_stove,stove
9460,objects,items,post,post
9461,objects,items,pots and pans,pan
9462,objects,items,potted herbs,herb
9463,objects,items,potted_tree,tree
9464,objects,items,pouf,pouf
9465,objects,items,power sander,sander
9466,objects,items,power_press,press
9467,objects,items,power_rack,rack
9468,objects,items,power_scrub_brush,brush
9469,objects,items,preacher curl bench,bench
9470,objects,items,pressure cooker,cooker
9471,objects,items,pressure_washer,washer
9472,objects,items,price tag,tag
9473,objects,items,price_sign,sign
9474,objects,items,price_tag,tag
9475,objects,items,printed chart,chart
9476,objects,items,privacy curtain,curtain
9477,objects,items,produce (oranges/peppers),produce
9478,objects,items,produce cooler,cooler
9479,objects,items,produce_cart,cart
9480,objects,items,product boxes,box
9481,objects,items,product display rack,rack
9482,objects,items,protective glasses,glasses
9483,objects,items,protective gloves,glove
9484,objects,items,protective goggles,goggle
9485,objects,items,protective_gloves,glove
9486,objects,items,puffer jacket,jacket
9487,objects,items,pupa,pupa
9488,objects,items,push bumper,bumper
9489,objects,items,push sweeper,sweeper
9490,objects,items,push_broom,broom
9491,objects,items,racing helmet,helmet
9492,objects,items,racing seat,seat
9493,objects,items,rail,rail
9494,objects,items,rail fence,fence
9495,objects,items,ratchet,ratchet
9496,objects,items,rattan chair,chair
9497,objects,items,reagent bottle,bottle
9498,objects,items,reagent_bottle,bottle
9499,objects,items,rear-view mirror,mirror
9500,objects,items,rear door,door
9501,objects,items,rebar cage,cage
9502,objects,items,rebar mesh,mesh
9503,objects,items,receipt roll,roll
9504,objects,items,receipt tray,tray
9505,objects,items,receipt_printer,printer
9506,objects,items,rectangular eyeglasses,eyeglass
9507,objects,items,recycling bin,bin
9508,objects,items,red cap,cap
9509,objects,items,red chair,chair
9510,objects,items,red mop bucket,bucket
9511,objects,items,red pump,pump
9512,objects,items,red shopping basket with mop,basket
9513,objects,items,red_can,can
9514,objects,items,red_car,car
9515,objects,items,reflection,reflection
9516,objects,items,reflective_strip,strip
9517,objects,items,reflector panel,panel
9518,objects,items,refrigerated_display_case,case
9519,objects,items,refrigerator shelf,shelf
9520,objects,items,refrigerator_door,door
9521,objects,items,rescue_vehicle,vehicle
9522,objects,items,residential tower,tower
9523,objects,items,retaining wall,wall
9524,objects,items,ribbons,ribbon
9525,objects,items,rice bundles,bundle
9526,objects,items,rice_sheaf,sheaf
9527,objects,items,ring,ring
9528,objects,items,ring stand,stand
9529,objects,items,rings,ring
9530,objects,items,riverbank,riverbank
9531,objects,items,robe,robe
9532,objects,items,robotic arm,arm
9533,objects,items,robotic head,head
9534,objects,items,roll-up door,door
9535,objects,items,rolling_bag,bag
9536,objects,items,rolling_pin,pin
9537,objects,items,roof beams,beam
9538,objects,items,rooftops,rooftop
9539,objects,items,roots,root
9540,objects,items,rotary brush,brush
9541,objects,items,rotating shaft,shaft
9542,objects,items,rotunda,rotunda
9543,objects,items,round buns,bun
9544,objects,items,round discs,disc
9545,objects,items,round eyeglasses,eyeglass
9546,objects,items,round flask,flask
9547,objects,items,round platform,platform
9548,objects,items,round window,window
9549,objects,items,round wooden table,table
9550,objects,items,round_table,table
9551,objects,items,rows of plants,plant
9552,objects,items,rubber glove,glove
9553,objects,items,rubber gloves,glove
9554,objects,items,safety cones,cone
9555,objects,items,safety fence,fence
9556,objects,items,safety jacket,jacket
9557,objects,items,safety_glasses,glasses
9558,objects,items,safety_railing,railing
9559,objects,items,salad,salad
9560,objects,items,salad bowl,bowl
9561,objects,items,salad_bowl,bowl
9562,objects,items,saliva ejector,ejector
9563,objects,items,salmon fillet,fillet
9564,objects,items,salon light,light
9565,objects,items,sampling apparatus,apparatus
9566,objects,items,sauce bottles,bottle
9567,objects,items,sawdust,sawdust
9568,objects,items,saxophone,saxophone
9569,objects,items,scaffold/platform,scaffold
9570,objects,items,scarf,scarf
9571,objects,items,SCBA,scba
9572,objects,items,SCBA_tank,tank
9573,objects,items,schematic diagrams,diagram
9574,objects,items,scrub brush,brush
9575,objects,items,scrub top,top
9576,objects,items,scrub_brush,brush
9577,objects,items,scrub_cap,cap
9578,objects,items,scrub_top,top
9579,objects,items,scrubber,scrubber
9580,objects,items,scrubs,scrubs
9581,objects,items,sculpted hand,hand
9582,objects,items,sculpted head relief,head
9583,objects,items,sculpture (kneeling figure),sculpture
9584,objects,items,sculpture_bust,sculpture
9585,objects,items,seat harness,harness
9586,objects,items,seat headrest,headrest
9587,objects,items,seat_headrest,headrest
9588,objects,items,seatbelt,seatbelt
9589,objects,items,second microscope,microscope
9590,objects,items,security plaque,plaque
9591,objects,items,seedling basket,basket
9592,objects,items,seedling bundles,bundle
9593,objects,items,seedling_mat,mat
9594,objects,items,self-checkout terminal,terminal
9595,objects,items,service belt,belt
9596,objects,items,service cap,cap
9597,objects,items,serving bowl,bowl
9598,objects,items,serving cart,cart
9599,objects,items,serving counter,counter
9600,objects,items,serving stand,stand
9601,objects,items,serving_cart,cart
9602,objects,items,serving_platter,platter
9603,objects,items,shade guide,guide
9604,objects,items,shadow,shadow
9605,objects,items,shaker bottle,bottle
9606,objects,items,shakers,shaker
9607,objects,items,shed,shed
9608,objects,items,sheer fabric,fabric
9609,objects,items,shelf bottles,bottle
9610,objects,items,shelf jars,jar
9611,objects,items,shelf with bottles,bottle
9612,objects,items,shelf with packaged goods,shelf
9613,objects,items,shelf_cabinet,cabinet
9614,objects,items,shelf_display,display
9615,objects,items,shelf_of_condiments,shelf
9616,objects,items,shelves (product boxes),shelf
9617,objects,items,shelves with boxes,shelf
9618,objects,items,shelves with jars,shelf
9619,objects,items,shelves_of_produce,shelf
9620,objects,items,shelves_with_medication_boxes,shelf
9621,objects,items,shelves_with_products,shelf
9622,objects,items,shelving with bottles,shelving
9623,objects,items,shelving with containers,shelving
9624,objects,items,shelving_units,shelving
9625,objects,items,shelving_with_jars,shelving
9626,objects,items,sheriff hat,hat
9627,objects,items,shirt,shirt
9628,objects,items,shirt patch,patch
9629,objects,items,shock mount,mount
9630,objects,items,shopping_shelf,shelf
9631,objects,items,shot glasses,glass
9632,objects,items,shoulder patch,patch
9633,objects,items,shoulder radio,radio
9634,objects,items,shoulder strap,strap
9635,objects,items,shoulder_patch,patch
9636,objects,items,shower stall,stall
9637,objects,items,showerhead,showerhead
9638,objects,items,shrink-wrapped load,load
9639,objects,items,shrub,shrub
9640,objects,items,side window,window
9641,objects,items,signage,signage
9642,objects,items,signal,signal
9643,objects,items,sink faucet,faucet
9644,objects,items,siren lights,light
9645,objects,items,skate bowl,bowl
9646,objects,items,skatepark ramp,ramp
9647,objects,items,skillet with tomatoes,skillet
9648,objects,items,skirt,skirt
9649,objects,items,sky,sky
9650,objects,items,sleeve patch,patch
9651,objects,items,sleeveless shirt,shirt
9652,objects,items,slit lamp,lamp
9653,objects,items,small bottle,bottle
9654,objects,items,small loaves of bread,loaf
9655,objects,items,small rolls,roll
9656,objects,items,small vial,vial
9657,objects,items,small_container,container
9658,objects,items,snack shelf,shelf
9659,objects,items,snack_bags,bag
9660,objects,items,soap bottle,bottle
9661,objects,items,soap bottles,bottle
9662,objects,items,soap_dispenser,dispenser
9663,objects,items,soap_pump,pump
9664,objects,items,soccer_goal,goal
9665,objects,items,socket set,socket
9666,objects,items,soil bank,bank
9667,objects,items,soil furrows,furrow
9668,objects,items,soil spreader,spreader
9669,objects,items,sound_block,block
9670,objects,items,sowing basket,basket
9671,objects,items,sphere,sphere
9672,objects,items,spherical object,object
9673,objects,items,spindle,spindle
9674,objects,items,sponge/pad,sponge
9675,objects,items,spool,spool
9676,objects,items,spools of thread,spool
9677,objects,items,sports court,court
9678,objects,items,sports jacket,jacket
9679,objects,items,sports jersey,jersey
9680,objects,items,sports shirt,shirt
9681,objects,items,spotlight beam,beam
9682,objects,items,spotlight beams,beam
9683,objects,items,spray wand,wand
9684,objects,items,spray_wand,wand
9685,objects,items,sprayer_tank,tank
9686,objects,items,squeegee,squeegee
9687,objects,items,stack of boards,board
9688,objects,items,stack of pancakes,pancake
9689,objects,items,stack of trays,tray
9690,objects,items,stack_of_pancakes,pancake
9691,objects,items,stacked boards,board
9692,objects,items,stacked cups,cup
9693,objects,items,stacked metal cups,cup
9694,objects,items,stacked notebooks,notebook
9695,objects,items,stacked pavers,paver
9696,objects,items,stacked wooden boards,board
9697,objects,items,stacked_wood_sheets,sheet
9698,objects,items,stadium roof,roof
9699,objects,items,stadium_seats,seat
9700,objects,items,stadium_stands,stand
9701,objects,items,stadium_structure,structure
9702,objects,items,staff,staff
9703,objects,items,stage fog,fog
9704,objects,items,stage monitor,screen
9705,objects,items,stage_lights,light
9706,objects,items,stainless counter,counter
9707,objects,items,stainless pots,pot
9708,objects,items,stainless_counter,counter
9709,objects,items,staircase,staircase
9710,objects,items,stakes,stake
9711,objects,items,stand,stand
9712,objects,items,star,star
9713,objects,items,station canopy,canopy
9714,objects,items,stationary bike,bike
9715,objects,items,steak,steak
9716,objects,items,steering_wheel,wheel
9717,objects,items,stem,stem
9718,objects,items,sticky notes,note
9719,objects,items,sticky_note,note
9720,objects,items,sticky_notes,note
9721,objects,items,stirrer container,container
9722,objects,items,stockpot,stockpot
9723,objects,items,stone arch,arch
9724,objects,items,stone bollard,bollard
9725,objects,items,stone ledge,ledge
9726,objects,items,stone pavilion,pavilion
9727,objects,items,stone planter,planter
9728,objects,items,stone walls,wall
9729,objects,items,stone_ledge,ledge
9730,objects,items,stone_path,path
9731,objects,items,storage boxes,box
9732,objects,items,storage crate,crate
9733,objects,items,storm drain,drain
9734,objects,items,stove/range,stove
9735,objects,items,stove_top,stove
9736,objects,items,straw mound,mound
9737,objects,items,streetlights,streetlight
9738,objects,items,string_instrument,instrument
9739,objects,items,string_lights,light
9740,objects,items,striped tie,tie
9741,objects,items,structural beam,beam
9742,objects,items,studio lamp,lamp
9743,objects,items,studio umbrella,umbrella
9744,objects,items,suit_jacket,jacket
9745,objects,items,sun,sun
9746,objects,items,sun visor,visor
9747,objects,items,sun_visor,visor
9748,objects,items,sunlight,sunlight
9749,objects,items,sunlight_beams,beam
9750,objects,items,supply shelves,shelf
9751,objects,items,surface cleaner,cleaner
9752,objects,items,surgical cap,cap
9753,objects,items,surgical gown,gown
9754,objects,items,surgical tubing,tubing
9755,objects,items,surgical_gloves,glove
9756,objects,items,surgical_instrument,instrument
9757,objects,items,surgical_tray,tray
9758,objects,items,sushi,sushi
9759,objects,items,sweater,sweater
9760,objects,items,sweeper machine,machine
9761,objects,items,synthesizer,synthesizer
9762,objects,items,syringes,syringe
9763,objects,items,t-shirt,shirt
9764,objects,items,table with books,table
9765,objects,items,tablecloth,table
9766,objects,items,tableware,tableware
9767,objects,items,tactical_vest,vest
9768,objects,items,takeout_container,container
9769,objects,items,tall detergent bottle,bottle
9770,objects,items,tall glasses,glass
9771,objects,items,tank top,top
9772,objects,items,tarmac,tarmac
9773,objects,items,taxi meter,meter
9774,objects,items,telephoto lens,lens
9775,objects,items,television_monitor,screen
9776,objects,items,terrarium,terrarium
9777,objects,items,test leads,lead
9778,objects,items,tester,tester
9779,objects,items,textured glass,glass
9780,objects,items,textured wall,wall
9781,objects,items,theater_seat,seat
9782,objects,items,theatrical fog,fog
9783,objects,items,theatrical haze,haze
9784,objects,items,thread,thread
9785,objects,items,thread cone,cone
9786,objects,items,thread_spools,spool
9787,objects,items,ticket book,book
9788,objects,items,tie,tie
9789,objects,items,tiered serving stand,stand
9790,objects,items,tile_floor,floor
9791,objects,items,tiled pathway,pathway
9792,objects,items,tiled wall,wall
9793,objects,items,tiles,tile
9794,objects,items,tint brush,brush
9795,objects,items,tomato crates,crate
9796,objects,items,tomatoes tray,tray
9797,objects,items,tongs/metal rod,tong
9798,objects,items,tool basket,basket
9799,objects,items,tool holder,holder
9800,objects,items,tool_bucket,bucket
9801,objects,items,tool_shelf,shelf
9802,objects,items,toolbelt,toolbelt
9803,objects,items,toothbrush,toothbrush
9804,objects,items,toothpaste_blob,blob
9805,objects,items,toothpaste_tube,tube
9806,objects,items,top,top
9807,objects,items,top hat,hat
9808,objects,items,topiary,topiary
9809,objects,items,topiary tree,tree
9810,objects,items,tortoiseshell glasses,glasses
9811,objects,items,touchscreen_kiosk,kiosk
9812,objects,items,towel,towel
9813,objects,items,track lines,line
9814,objects,items,tractor,tractor
9815,objects,items,traffic signal,signal
9816,objects,items,traffic_pole,pole
9817,objects,items,train car interior,car
9818,objects,items,train door,door
9819,objects,items,train_door,door
9820,objects,items,transparent display,display
9821,objects,items,travel mug,mug
9822,objects,items,tray of pastries,tray
9823,objects,items,tree branches,branch
9824,objects,items,tree guards,guard
9825,objects,items,tree_trunk,trunk
9826,objects,items,trellis,trelli
9827,objects,items,trench_coat,coat
9828,objects,items,tripod easel,easel
9829,objects,items,tripod_head,head
9830,objects,items,truck door,door
9831,objects,items,truck rear door,door
9832,objects,items,truck window,window
9833,objects,items,truck_bed,bed
9834,objects,items,truss,truss
9835,objects,items,tulle skirt,skirt
9836,objects,items,two-way radio,radio
9837,objects,items,typewriter,typewriter
9838,objects,items,undershirt,undershirt
9839,objects,items,uniform,uniform
9840,objects,items,uniform cap,cap
9841,objects,items,uniform patch,patch
9842,objects,items,uniform pin,pin
9843,objects,items,upholstered chair,chair
9844,objects,items,urn,urn
9845,objects,items,US flag patch,patch
9846,objects,items,utensil,utensil
9847,objects,items,utensil_holder,holder
9848,objects,items,utensil_rack,rack
9849,objects,items,utensils,utensil
9850,objects,items,utility poles,pole
9851,objects,items,utility_pouch,pouch
9852,objects,items,vacuum chamber,chamber
9853,objects,items,valve assembly,valve
9854,objects,items,valve box,box
9855,objects,items,vanity lights,light
9856,objects,items,vapor,vapor
9857,objects,items,vegetable beds,bed
9858,objects,items,vegetable bunch,bunch
9859,objects,items,vegetable field,field
9860,objects,items,vegetable_trays,tray
9861,objects,items,vehicle hood,hood
9862,objects,items,vehicle interior,interior
9863,objects,items,vehicle lights,light
9864,objects,items,vehicle_underbody,underbody
9865,objects,items,vent hood,hood
9866,objects,items,ventilation_hood,hood
9867,objects,items,visor,visor
9868,objects,items,vital_monitor,monitor
9869,objects,items,vitals_monitor,monitor
9870,objects,items,walkie-talkie,walkie_talkie
9871,objects,items,wall panels,panel
9872,objects,items,wall plaque,plaque
9873,objects,items,wall poster,poster
9874,objects,items,water bottles,bottle
9875,objects,items,water droplets,droplet
9876,objects,items,water puddle,puddle
9877,objects,items,water spigot,spigot
9878,objects,items,water valve,valve
9879,objects,items,water_heater,heater
9880,objects,items,water_valve,valve
9881,objects,items,wheat crop,crop
9882,objects,items,wheat field,field
9883,objects,items,wheel loader,loader
9884,objects,items,wheeled bucket,bucket
9885,objects,items,wheeled cart,cart
9886,objects,items,wheeled trash bin,trash_bin
9887,objects,items,wheeled trolley,trolley
9888,objects,items,whisk,whisk
9889,objects,items,whiskey bottle,bottle
9890,objects,items,white belt,belt
9891,objects,items,white blouse,blouse
9892,objects,items,white bowl,bowl
9893,objects,items,white bucket,bucket
9894,objects,items,white coat,coat
9895,objects,items,white dress shirt,shirt
9896,objects,items,white lab coat,coat
9897,objects,items,white rectangular pad,pad
9898,objects,items,white t-shirt,shirt
9899,objects,items,white_backdrop,backdrop
9900,objects,items,whiteboard (easel),whiteboard
9901,objects,items,wicker_basket,basket
9902,objects,items,window blind,blind
9903,objects,items,window grid,grid
9904,objects,items,window reflection,reflection
9905,objects,items,window shutters,shutter
9906,objects,items,window sign,sign
9907,objects,items,window/door frame,frame
9908,objects,items,window_handle,handle
9909,objects,items,window_latch,latch
9910,objects,items,window_ledge,ledge
9911,objects,items,windshield_wiper,wiper
9912,objects,items,wine_glass,glass
9913,objects,items,wine_glasses,glass
9914,objects,items,wire rack,rack
9915,objects,items,wiring,wiring
9916,objects,items,wiring bundle,bundle
9917,objects,items,wood,wood
9918,objects,items,wood beam,beam
9919,objects,items,wood desk,desk
9920,objects,items,wood_board,board
9921,objects,items,wooden ceiling,ceiling
9922,objects,items,wooden display case,display
9923,objects,items,wooden fence,fence
9924,objects,items,wooden gazebo,gazebo
9925,objects,items,wooden hut,hut
9926,objects,items,wooden ledge,ledge
9927,objects,items,wooden panel,panel
9928,objects,items,wooden pavilion,pavilion
9929,objects,items,wooden peel,peel
9930,objects,items,wooden pillar,pillar
9931,objects,items,wooden pole,pole
9932,objects,items,wooden shed,shed
9933,objects,items,wooden siding,siding
9934,objects,items,wooden slats,slat
9935,objects,items,wooden stool,stool
9936,objects,items,wooden structure,structure
9937,objects,items,wooden wall,wall
9938,objects,items,wooden_board,board
9939,objects,items,wooden_boards,board
9940,objects,items,wooden_cutting_board,board
9941,objects,items,wooden_door,door
9942,objects,items,wooden_fence,fence
9943,objects,items,wooden_gate,gate
9944,objects,items,wooden_pergola,pergola
9945,objects,items,wooden_ramp,ramp
9946,objects,items,wooden_shelf,shelf
9947,objects,items,work glove,glove
9948,objects,items,work platform,platform
9949,objects,items,work_glove,glove
9950,objects,items,work_surface,surface
9951,objects,items,workstation console,console
9952,objects,items,woven bag,bag
9953,objects,items,woven baskets,basket
9954,objects,items,wrench set,wrench
9955,objects,items,yellow beam,beam
9956,objects,items,yellow bottle,bottle
9957,objects,items,yellow envelope,envelope
9958,objects,items,yellow frisbee,frisbee
9959,objects,items,yellow fruit,fruit
9960,objects,items,yellow line,line
9961,objects,items,yellow mop bucket,bucket
9962,objects,items,yellow number sign,sign
9963,objects,items,yellow_box,box
9964,objects,items,yellow_container,container
9965,objects,items,yellow_peppers,pepper
9966,camera,perspective,birdseye,birdseye
9967,scene_appearance,weather,drizzle,drizzle
9968,people,activities,about to eat,eat
9969,people,activities,adding ingredient,ingredient
9970,people,activities,adding reagent,reagent
9971,people,activities,adding_ingredients,ingredient
9972,people,activities,addressing audience,audience
9973,people,activities,addressing camera,camera
9974,people,activities,addressing courtroom,court
9975,people,activities,addressing meeting,meeting
9976,people,activities,adjusting bottle,bottle
9977,people,activities,adjusting brewer,brewer
9978,people,activities,adjusting cables,cable
9979,people,activities,adjusting clothing,clothing
9980,people,activities,adjusting components,component
9981,people,activities,adjusting cuffs,cuff
9982,people,activities,adjusting dental chair,chair
9983,people,activities,adjusting ear,ear
9984,people,activities,adjusting fixture,fixture
9985,people,activities,adjusting focus,focus
9986,people,activities,adjusting hose,hose
9987,people,activities,adjusting mask,mask
9988,people,activities,adjusting scarf,scarf
9989,people,activities,adjusting set,set
9990,people,activities,adjusting shelf,shelf
9991,people,activities,adjusting shower,shower
9992,people,activities,adjusting tool,tool
9993,people,activities,adjusting uniform,uniform
9994,people,activities,adjusting vest,vest
9995,people,activities,adjusting wrist,wrist
9996,people,activities,adjusting_apron,apron
9997,people,activities,adjusting_clothing,clothing
9998,people,activities,adjusting_glove,glove
9999,people,activities,adjusting_knob,knob
10000,people,activities,adjusting_mask,mask
10001,people,activities,adjusting_tool,tool
10002,people,activities,adjusting_watch,watch
10003,people,activities,adjusting_workpiece,workpiece
10004,people,activities,aiming camera,camera
10005,people,activities,answering_questions,question
10006,people,activities,applying device,device
10007,people,activities,approaching door,door
10008,people,activities,arranging drinks,drink
10009,people,activities,arranging_cookies,cookie
10010,people,activities,arranging_tableware,tableware
10011,people,activities,assembling_parts,part
10012,people,activities,at_counter,counter
10013,people,activities,attaching hose,hose
10014,people,activities,attending,attending
10015,people,activities,attending kiosk,kiosk
10016,people,activities,attending produce,produce
10017,people,activities,attending stretcher,stretcher
10018,people,activities,bagging_groceries,grocery
10019,people,activities,being sprayed,spray
10020,people,activities,being_draped,drape
10021,people,activities,being_styled,style
10022,people,activities,brewing coffee,coffee
10023,people,activities,buttoning,buttoning
10024,people,activities,carrying briefcase,briefcase
10025,people,activities,carrying camera,camera
10026,people,activities,carrying folder,folder
10027,people,activities,carrying papers,paper
10028,people,activities,carrying tools,tool
10029,people,activities,carrying_case,case
10030,people,activities,changing bulb,bulb
10031,people,activities,checking paperwork,paperwork
10032,people,activities,checking pulse,pulse
10033,people,activities,checking receipt,receipt
10034,people,activities,checking screen,screen
10035,people,activities,checking watch,watch
10036,people,activities,checking_engine,engine
10037,people,activities,checking_in,checkin
10038,people,activities,checking_item,item
10039,people,activities,checking_out,checking
10040,people,activities,checking_papers,paper
10041,people,activities,checking_tablet,tablet
10042,people,activities,checking_time,checking
10043,people,activities,chopping vegetables,chopping
10044,people,activities,cleaning floor,cleaning
10045,people,activities,cleaning_floor,cleaning
10046,people,activities,collecting fruit,collecting
10047,people,activities,connecting cable,connecting
10048,people,activities,connecting cables,connecting
10049,people,activities,covering face,covering
10050,people,activities,covering mouth,covering
10051,people,activities,cracking egg,cracking
10052,people,activities,cutting cookies,cutting
10053,people,activities,demonstrating exercise,demonstrating
10054,people,activities,dental_exam,dental
10055,people,activities,detailing,detailing
10056,people,activities,dipping blade,dipping
10057,people,activities,dispensing soap,dispensing
10058,people,activities,draping cloth,draping
10059,people,activities,drawing liquid,drawing
10060,people,activities,drawing medication,drawing
10061,people,activities,drinking coffee,drink
10062,people,activities,driving cart,driving
10063,people,activities,drying,drying
10064,people,activities,eating dessert,eating
10065,people,activities,engaged_discussion,discussion
10066,people,activities,exam,exam
10067,people,activities,examining bottle,examining
10068,people,activities,examining device,examining
10069,people,activities,examining documents,examining
10070,people,activities,examining eye,examining
10071,people,activities,examining finger,examining
10072,people,activities,examining jar,examining
10073,people,activities,examining map,examining
10074,people,activities,examining packets,examining
10075,people,activities,examining papers,examining
10076,people,activities,examining pills,examining
10077,people,activities,examining throat,examining
10078,people,activities,examining tube,examining
10079,people,activities,examining vial,vial
10080,people,activities,examining_bottles,examining
10081,people,activities,examining_hand,examining
10082,people,activities,examining_mouth,examining
10083,people,activities,examining_plant,examining
10084,people,activities,examining_product,product
10085,people,activities,extending arms,extending
10086,people,activities,eye exam,exam
10087,people,activities,facing,facing
10088,people,activities,facing bride,facing
10089,people,activities,facing fire,facing
10090,people,activities,facing person,facing
10091,people,activities,facing_other,facing
10092,people,activities,facing_partner,facing
10093,people,activities,facing_person,facing
10094,people,activities,folded arms,folding
10095,people,activities,folding_hands,hand
10096,people,activities,food preparation,food
10097,people,activities,forming cookies,cookie
10098,people,activities,framing shot,shot
10099,people,activities,gripping wheel,wheel
10100,people,activities,grooming,grooming
10101,people,activities,guarding doorway,doorway
10102,people,activities,guiding_fabric,fabric
10103,people,activities,hand_contact,hand
10104,people,activities,hand_extended,hand
10105,people,activities,hand_near_chest,hand
10106,people,activities,hand_on_chin,hand
10107,people,activities,handing basket,basket
10108,people,activities,handing card reader,reader
10109,people,activities,handing device,device
10110,people,activities,handing glass,glass
10111,people,activities,handing instrument,instrument
10112,people,activities,handing paper,paper
10113,people,activities,handing vial,vial
10114,people,activities,handing_card,card
10115,people,activities,handing_medication,medication
10116,people,activities,handling blanket,blanket
10117,people,activities,handling bowl,bowl
10118,people,activities,handling cable,cable
10119,people,activities,handling camera,camera
10120,people,activities,handling conveyor,conveyor
10121,people,activities,handling cookies,cookie
10122,people,activities,handling dispenser,dispensing
10123,people,activities,handling documents,document
10124,people,activities,handling flasks,flask
10125,people,activities,handling groceries,grocery
10126,people,activities,handling liquid,liquid
10127,people,activities,handling medical device,device
10128,people,activities,handling packaged food,food
10129,people,activities,handling pattern,pattern
10130,people,activities,handling stretcher,stretcher
10131,people,activities,handling tape,tape
10132,people,activities,handling tube,tube
10133,people,activities,handling_basket,handling
10134,people,activities,handling_box,box
10135,people,activities,handling_boxes,box
10136,people,activities,handling_documents,document
10137,people,activities,handling_medication,medication
10138,people,activities,handling_package,package
10139,people,activities,handling_tape,tape
10140,people,activities,handling_vials,vial
10141,people,activities,hands on laptop,laptop
10142,people,activities,hands on machine,machine
10143,people,activities,hands on tray,tray
10144,people,activities,hands_folding,hand
10145,people,activities,hands_on_hip,hip
10146,people,activities,hands_on_hips,hip
10147,people,activities,hands_on_notebook,notebook
10148,people,activities,hands_on_tablet,tablet
10149,people,activities,having teeth examined,teeth
10150,people,activities,holding-paper,paper
10151,people,activities,holding blueprints,blueprint
10152,people,activities,holding bulb,bulb
10153,people,activities,holding cables,cable
10154,people,activities,holding candle,candle
10155,people,activities,holding cap,cap
10156,people,activities,holding carafe,carafe
10157,people,activities,holding chopstick,chopstick
10158,people,activities,holding cigar,cigar
10159,people,activities,holding clippers,clipper
10160,people,activities,holding component,component
10161,people,activities,holding cone,cone
10162,people,activities,holding cups,cup
10163,people,activities,holding dessert,dessert
10164,people,activities,holding dog,dog
10165,people,activities,holding drinks,drink
10166,people,activities,holding dropper,dropper
10167,people,activities,holding finger,finger
10168,people,activities,holding fixture,fixture
10169,people,activities,holding flashlight,flashlight
10170,people,activities,holding funnel,funnel
10171,people,activities,holding gear,gear
10172,people,activities,holding gearshift,gearshift
10173,people,activities,holding glove,glove
10174,people,activities,holding grinder,grinder
10175,people,activities,holding hand to face,hand
10176,people,activities,holding ice cream,ice_cream
10177,people,activities,holding jigger,jigger
10178,people,activities,holding key,key
10179,people,activities,holding lens,lens
10180,people,activities,holding lightbulb,bulb
10181,people,activities,holding long-handled tools,tool
10182,people,activities,holding magazine,magazine
10183,people,activities,holding medical device,device
10184,people,activities,holding mixer,mixer
10185,people,activities,holding mug,mug
10186,people,activities,holding notebooks,notebook
10187,people,activities,holding notes,note
10188,people,activities,holding packaging,package
10189,people,activities,holding packet,packet
10190,people,activities,holding packets,packet
10191,people,activities,holding pamphlet,pamphlet
10192,people,activities,holding panel,panel
10193,people,activities,holding patient's finger,finger
10194,people,activities,holding pill,pill
10195,people,activities,holding pitcher,pitcher
10196,people,activities,holding plastic bags,bag
10197,people,activities,holding portafilter,portafilter
10198,people,activities,holding probe,probe
10199,people,activities,holding radio,radio
10200,people,activities,holding razor,razor
10201,people,activities,holding recorder,recorder
10202,people,activities,holding reins,rein
10203,people,activities,holding remote,remote
10204,people,activities,holding rolling pin,pin
10205,people,activities,holding rolling_pin,pin
10206,people,activities,holding rope,rope
10207,people,activities,holding sandwich,sandwich
10208,people,activities,holding scalpel,scalpel
10209,people,activities,holding script,script
10210,people,activities,holding shopping basket,basket
10211,people,activities,holding shovel,shovel
10212,people,activities,holding shower rail,rail
10213,people,activities,holding showerhead,showerhead
10214,people,activities,holding sink,sink
10215,people,activities,holding skateboard,skateboard
10216,people,activities,holding small tool,tool
10217,people,activities,holding small vial,vial
10218,people,activities,holding sponge,sponge
10219,people,activities,holding spray nozzle,nozzle
10220,people,activities,holding straightener,straightener
10221,people,activities,holding tap,tap
10222,people,activities,holding tape measure,measure
10223,people,activities,holding testing device,device
10224,people,activities,holding treadmill,treadmill
10225,people,activities,holding tripod,tripod
10226,people,activities,holding vest,vest
10227,people,activities,holding wall,wall
10228,people,activities,holding wood,wood
10229,people,activities,holding wooden ruler,ruler
10230,people,activities,holding_bags,bag
10231,people,activities,holding_bed_cover,cover
10232,people,activities,holding_belly,belly
10233,people,activities,holding_belt,belt
10234,people,activities,holding_bottle,bottle
10235,people,activities,holding_bottles,bottle
10236,people,activities,holding_candle,candle
10237,people,activities,holding_card_or_phone,card
10238,people,activities,holding_chip,chip
10239,people,activities,holding_chisel,chisel
10240,people,activities,holding_flat_iron,iron
10241,people,activities,holding_frame,frame
10242,people,activities,holding_fries,fry
10243,people,activities,holding_gloves,glove
10244,people,activities,holding_kettle,kettle
10245,people,activities,holding_knob,knob
10246,people,activities,holding_notes,note
10247,people,activities,holding_packaged_produce,produce
10248,people,activities,holding_pad,pad
10249,people,activities,holding_pill_bottle,bottle
10250,people,activities,holding_plunger,plunger
10251,people,activities,holding_sprayer,sprayer
10252,people,activities,holding_swab,swab
10253,people,activities,holding_ticket,ticket
10254,people,activities,holding_tickets,ticket
10255,people,activities,holding_walkie_talkie,walkie_talkie
10256,people,activities,holding_wall,wall
10257,people,activities,holding_wallet,wallet
10258,people,activities,holding_wire,wire
10259,people,activities,holding_workpiece,workpiece
10260,people,activities,hose_spraying,hose
10261,people,activities,inspect engine,engine
10262,people,activities,inspecting blade,blade
10263,people,activities,inspecting car,car
10264,people,activities,inspecting container,container
10265,people,activities,inspecting crops,crop
10266,people,activities,inspecting device,device
10267,people,activities,inspecting fire,fire
10268,people,activities,inspecting gloves,glove
10269,people,activities,inspecting instrument,instrument
10270,people,activities,inspecting jar,jar
10271,people,activities,inspecting light,light
10272,people,activities,inspecting object,object
10273,people,activities,inspecting papers,paper
10274,people,activities,inspecting pipe,pipe
10275,people,activities,inspecting seedlings,seedling
10276,people,activities,inspecting sink,sink
10277,people,activities,inspecting statue,statue
10278,people,activities,inspecting tube,tube
10279,people,activities,inspecting vial,vial
10280,people,activities,inspecting vials,vial
10281,people,activities,inspecting wall,wall
10282,people,activities,inspecting wiring,wiring
10283,people,activities,inspecting wood,wood
10284,people,activities,inspecting_glasses,glasses
10285,people,activities,inspecting_part,part
10286,people,activities,inspecting_products,product
10287,people,activities,inspecting_sink,sink
10288,people,activities,inspecting_tomatoes,tomato
10289,people,activities,inspecting_tool,tool
10290,people,activities,inspecting_window,window
10291,people,activities,installing light,light
10292,people,activities,installing switch,switch
10293,people,activities,installing_wires,wire
10294,people,activities,interacting with terminal,terminal
10295,people,activities,interacting_with_computer,computer
10296,people,activities,interacting_with_screen,screen
10297,people,activities,ladling,ladling
10298,people,activities,leading_horse,horse
10299,people,activities,leaning out,leaning
10300,people,activities,leaning_over,person
10301,people,activities,lighting flame,flame
10302,people,activities,loading groceries,grocery
10303,people,activities,loading machine,machine
10304,people,activities,loading washer,washer
10305,people,activities,looking ahead,look
10306,people,activities,looking around,person
10307,people,activities,looking aside,person
10308,people,activities,looking at car,car
10309,people,activities,looking at reflection,reflection
10310,people,activities,looking at train,train
10311,people,activities,looking into device,device
10312,people,activities,looking sideways,looking
10313,people,activities,looking through binoculars,binocular
10314,people,activities,looking_at_screens,screen
10315,people,activities,looking_at_table,table
10316,people,activities,making fists,fist
10317,people,activities,making payment,payment
10318,people,activities,manipulating instrument,instrument
10319,people,activities,manipulating_flask,manipulating
10320,people,activities,manipulating_object,object
10321,people,activities,marking dough,dough
10322,people,activities,marking wood,wood
10323,people,activities,mid-air stride,stride
10324,people,activities,mixing salad,salad
10325,people,activities,monitoring camera,camera
10326,people,activities,mounted,mounted
10327,people,activities,neck_touched,neck
10328,people,activities,note_review,note
10329,people,activities,observing aisles,aisle
10330,people,activities,observing bed,bed
10331,people,activities,observing bottles,bottle
10332,people,activities,observing crowd,crowd
10333,people,activities,observing exhibit,exhibit
10334,people,activities,observing flame,flame
10335,people,activities,observing machine,machine
10336,people,activities,observing nurse,nurse
10337,people,activities,observing plant,plant
10338,people,activities,observing platform,platform
10339,people,activities,observing street,street
10340,people,activities,observing trains,train
10341,people,activities,observing_aisle,aisle
10342,people,activities,observing_bust,bust
10343,people,activities,observing_sample,sample
10344,people,activities,observing_traffic,traffic
10345,people,activities,officiating,officiating
10346,people,activities,on call,call
10347,people,activities,on_call,call
10348,people,activities,onstage,onstage
10349,people,activities,opening cab,cab
10350,people,activities,opening stopper,stopper
10351,people,activities,opening_hood,hood
10352,people,activities,operating coffee maker,coffee
10353,people,activities,operating conveyor,conveyor
10354,people,activities,operating dispenser,dispensing
10355,people,activities,operating kiosk,kiosk
10356,people,activities,operating monitor,screen
10357,people,activities,operating winch,winch
10358,people,activities,operating_laptop,laptop
10359,people,activities,organizing documents,document
10360,people,activities,petting dog,dog
10361,people,activities,picking tomato,tomato
10362,people,activities,piloting aircraft,aircraft
10363,people,activities,placing donuts,donut
10364,people,activities,placing hand,hand
10365,people,activities,placing orange,orange
10366,people,activities,point,point
10367,people,activities,pointing with pen,pen
10368,people,activities,pointing_at_document,document
10369,people,activities,polishing blade,blade
10370,people,activities,portrait,portrait
10371,people,activities,pouring molten metal,metal
10372,people,activities,pouring_metal,metal
10373,people,activities,preparing cocktail,cocktail
10374,people,activities,preparing cookies,cookie
10375,people,activities,preparing exam,exam
10376,people,activities,preparing instrument,instrument
10377,people,activities,preparing pastries,pastry
10378,people,activities,preparing stretcher,stretcher
10379,people,activities,preparing vial,vial
10380,people,activities,preparing_bed,bed
10381,people,activities,preparing_equipment,equipment
10382,people,activities,preparing_hands,hand
10383,people,activities,preparing_swab,swab
10384,people,activities,presenting_papers,paper
10385,people,activities,producing sparks,spark
10386,people,activities,pulling cable,cable
10387,people,activities,pulling luggage,luggage
10388,people,activities,pulling rope,rope
10389,people,activities,pulling_bag,bag
10390,people,activities,pulling_cart,cart
10391,people,activities,putting_on_glove,glove
10392,people,activities,raising hands,hand
10393,people,activities,raising_arm,arm
10394,people,activities,reaching out,hand
10395,people,activities,reaching_sink,sink
10396,people,activities,reading blueprint,blueprint
10397,people,activities,reading box,box
10398,people,activities,reading note,note
10399,people,activities,reading prescription,prescription
10400,people,activities,reading screens,screen
10401,people,activities,reading_blueprint,blueprint
10402,people,activities,reading_document,document
10403,people,activities,reading_package,package
10404,people,activities,reading_receipt,receipt
10405,people,activities,reading_sign,sign
10406,people,activities,reading_ticket,ticket
10407,people,activities,receiving document,document
10408,people,activities,receiving vial,vial
10409,people,activities,receiving_exam,exam
10410,people,activities,recording video,video
10411,people,activities,repairing plumbing,plumbing
10412,people,activities,resting_hands_on_table,hand
10413,people,activities,reviewing paper,paper
10414,people,activities,reviewing tablet,tablet
10415,people,activities,reviewing_chart,chart
10416,people,activities,reviewing_document,document
10417,people,activities,rolling rug,rug
10418,people,activities,scanning shelf,shelf
10419,people,activities,scanning_item,item
10420,people,activities,selecting greens,green
10421,people,activities,selecting peppers,pepper
10422,people,activities,selecting_groceries,grocery
10423,people,activities,selecting_tomatoes,tomato
10424,people,activities,sharpening blade,blade
10425,people,activities,showing document,document
10426,people,activities,sitting for exam,exam
10427,people,activities,snacking,snacking
10428,people,activities,sorting documents,document
10429,people,activities,spectating,spectating
10430,people,activities,spreading icing,icing
10431,people,activities,stacking boxes,box
10432,people,activities,standby,standby
10433,people,activities,standing at line,line
10434,people,activities,standing at microphone,microphone
10435,people,activities,standing behind desk,desk
10436,people,activities,standing by stove,stove
10437,people,activities,standing close,person
10438,people,activities,standing with box,box
10439,people,activities,standing with partner,person
10440,people,activities,standing_near_camera,camera
10441,people,activities,stepping onto cab,cab
10442,people,activities,stoking furnace,furnace
10443,people,activities,striking_metal,metal
10444,people,activities,taking selfie,taking
10445,people,activities,taking_payment,payment
10446,people,activities,taking_temperature,temperature
10447,people,activities,talking to driver,driver
10448,people,activities,tapping phone,phone
10449,people,activities,tempering sword,sword
10450,people,activities,tending fire,fire
10451,people,activities,tending flame,flame
10452,people,activities,tending plant,plant
10453,people,activities,tending seedling,seedling
10454,people,activities,tending seedlings,seedling
10455,people,activities,tending_fire,fire
10456,people,activities,tending_flowers,flower
10457,people,activities,tending_plant,plant
10458,people,activities,testing frames,frame
10459,people,activities,texting,texting
10460,people,activities,threading needle,needle
10461,people,activities,tightening hose,hose
10462,people,activities,tool_clipped,tool
10463,people,activities,touching block,block
10464,people,activities,touching branch,branch
10465,people,activities,touching dashboard,dashboard
10466,people,activities,touching flowers,flower
10467,people,activities,touching keyboard,keyboard
10468,people,activities,touching plant,plant
10469,people,activities,touching soil,soil
10470,people,activities,touching wheel,wheel
10471,people,activities,touching_arm,arm
10472,people,activities,touching_flower,flower
10473,people,activities,touching_patient,patient
10474,people,activities,touching_shoulder,shoulder
10475,people,activities,training,training
10476,people,activities,treating teeth,tooth
10477,people,activities,trying_glasses,glasses
10478,people,activities,undergoing_exam,exam
10479,people,activities,using card,card
10480,people,activities,using cardio machine,machine
10481,people,activities,using coffee maker,maker
10482,people,activities,using hand plane,plane
10483,people,activities,using instrument,instrument
10484,people,activities,using knife,knife
10485,people,activities,using otoscope,otoscope
10486,people,activities,using radio,radio
10487,people,activities,using sink,sink
10488,people,activities,using touchscreen,screen
10489,people,activities,using_camera,camera
10490,people,activities,viewing exhibits,exhibit
10491,people,activities,viewing items,item
10492,people,activities,viewing plans,plan
10493,people,activities,viewing tablet,tablet
10494,people,activities,visible_in_mirror,mirror
10495,people,activities,washing produce,produce
10496,people,activities,watching crowd,crowd
10497,people,activities,watching field,field
10498,people,activities,watching flame,flame
10499,people,activities,watching_presentation,presentation
10500,people,activities,wearing camera,camera
10501,people,activities,wearing mask,mask
10502,people,activities,wiping counter,counter
10503,people,activities,working at monitor,screen
10504,people,activities,working machine,machine
10505,people,activities,working on light,light
10506,people,activities,working on line,line
10507,people,activities,working on wood,wood
10508,people,activities,working_machine,machine
10509,people,activities,writing_notes,note
10510,people,activities,writing_ticket,ticket
10511,people,activities,adding_herbs,herb
10512,people,activities,adjust camera,camera
10513,people,activities,adjusting bed sheet,sheet
10514,people,activities,adjusting coat,coat
10515,people,activities,adjusting collar,collar
10516,people,activities,adjusting easel,easel
10517,people,activities,adjusting fingers,finger
10518,people,activities,adjusting headrest,headrest
10519,people,activities,adjusting mic,mic
10520,people,activities,adjusting nut,nut
10521,people,activities,adjusting plant,plant
10522,people,activities,adjusting statue,statue
10523,people,activities,adjusting wheel,wheel
10524,people,activities,adjusting_lid,lid
10525,people,activities,adjusting_monitor,screen
10526,people,activities,aiming nozzle,nozzle
10527,people,activities,aiming rifle,rifle
10528,people,activities,arranging cheese,cheese
10529,people,activities,arranging napkin,napkin
10530,people,activities,arranging salad,salad
10531,people,activities,arranging samples,sample
10532,people,activities,assembling parts,part
10533,people,activities,being_filmed,film
10534,people,activities,bending forward,body
10535,people,activities,blowing bubble,bubble
10536,people,activities,boxing,box
10537,people,activities,buttoning vest,vest
10538,people,activities,carrying cooler,cooler
10539,people,activities,carrying laptop,laptop
10540,people,activities,carrying light,light
10541,people,activities,carrying package,package
10542,people,activities,carrying tablet,tablet
10543,people,activities,checking car,car
10544,people,activities,checking conveyor,conveyor
10545,people,activities,checking out,checking
10546,people,activities,checking_items,item
10547,people,activities,checking_plate,plate
10548,people,activities,checkout,checkout
10549,people,activities,collecting trash,trash
10550,people,activities,crossing,crossing
10551,people,activities,crossing street,street
10552,people,activities,cupping_hands,hand
10553,people,activities,cutting pastry,pastry
10554,people,activities,cycling,cycling
10555,people,activities,decorating cake,cake
10556,people,activities,decorating pastry,pastry
10557,people,activities,examining bottles,examining
10558,people,activities,examining bust,bust
10559,people,activities,examining light,light
10560,people,activities,examining sphere,sphere
10561,people,activities,extending_hand,hand
10562,people,activities,eye examination,eye
10563,people,activities,facing colleague,person
10564,people,activities,facing shelves,shelf
10565,people,activities,facing woman,person
10566,people,activities,facing_screen,screen
10567,people,activities,folding towel,towel
10568,people,activities,gazing sideways,person
10569,people,activities,giving_thumbs_up,gesture
10570,people,activities,hand-sewing,sewing
10571,people,activities,hand on holster,holster
10572,people,activities,hand_in_pocket,pocket
10573,people,activities,hand_on_chest,hand
10574,people,activities,handing cup,cup
10575,people,activities,handing payment,payment
10576,people,activities,handing_document,document
10577,people,activities,handling container,container
10578,people,activities,handling device,device
10579,people,activities,handling loaf,loaf
10580,people,activities,handling object,object
10581,people,activities,handling plate,plate
10582,people,activities,handling receipt,receipt
10583,people,activities,handling receipts,receipt
10584,people,activities,hands near field,field
10585,people,activities,hands on gavel,gavel
10586,people,activities,hands on notebook,notebook
10587,people,activities,hands raised,gesture
10588,people,activities,hands_together,gesture
10589,people,activities,heating tool,tool
10590,people,activities,holding apron,apron
10591,people,activities,holding beakers,beaker
10592,people,activities,holding bin,bin
10593,people,activities,holding caulking gun,gun
10594,people,activities,holding chest,chest
10595,people,activities,holding cord,cord
10596,people,activities,holding drape,drape
10597,people,activities,holding drapery,drape
10598,people,activities,holding electrode,electrode
10599,people,activities,holding eyepiece,eyepiece
10600,people,activities,holding folded napkins,napkin
10601,people,activities,holding gimbal,gimbal
10602,people,activities,holding grass,grass
10603,people,activities,holding handles,handle
10604,people,activities,holding headphones,headphone
10605,people,activities,holding helmet strap,strap
10606,people,activities,holding hose nozzle,nozzle
10607,people,activities,holding juice box,box
10608,people,activities,holding lemons,lemon
10609,people,activities,holding life vest,vest
10610,people,activities,holding mallet,mallet
10611,people,activities,holding massage gun,gun
10612,people,activities,holding metal rod,rod
10613,people,activities,holding nail,nail
10614,people,activities,holding napkin,napkin
10615,people,activities,holding packaged item,item
10616,people,activities,holding pan handle,handle
10617,people,activities,holding pie,pie
10618,people,activities,holding planks,plank
10619,people,activities,holding plunger,plunger
10620,people,activities,holding probes,probe
10621,people,activities,holding rail,rail
10622,people,activities,holding rods,rod
10623,people,activities,holding rolled paper,paper
10624,people,activities,holding scooter,scooter
10625,people,activities,holding scope,scope
10626,people,activities,holding shield,shield
10627,people,activities,holding siphon,siphon
10628,people,activities,holding slide,slide
10629,people,activities,holding small key,key
10630,people,activities,holding smartphone,smartphone
10631,people,activities,holding sphere,sphere
10632,people,activities,holding stalk,stalk
10633,people,activities,holding stand,stand
10634,people,activities,holding steering,steering
10635,people,activities,holding sticks,stick
10636,people,activities,holding stretcher,stretcher
10637,people,activities,holding veil,veil
10638,people,activities,holding_basketball,basketball
10639,people,activities,holding_bundle,bundle
10640,people,activities,holding_cocktail,cocktail
10641,people,activities,holding_door,door
10642,people,activities,holding_gun,gun
10643,people,activities,holding_hand_up,hand
10644,people,activities,holding_hook,hook
10645,people,activities,holding_infant,infant
10646,people,activities,holding_light,light
10647,people,activities,holding_long_gun,gun
10648,people,activities,holding_pill,pill
10649,people,activities,holding_railing,railing
10650,people,activities,holding_scope,scope
10651,people,activities,holding_sheaf,sheaf
10652,people,activities,holding_shield,shield
10653,people,activities,holding_slide,slide
10654,people,activities,holding_spatula,spatula
10655,people,activities,holding_spear,spear
10656,people,activities,holding_stomach,stomach
10657,people,activities,holding_straw,straw
10658,people,activities,holding_stylus,stylus
10659,people,activities,holding_terminal,terminal
10660,people,activities,holding_weights,weight
10661,people,activities,holding_wheat,wheat
10662,people,activities,holding_window,window
10663,people,activities,hugging,hugging
10664,people,activities,icing,icing
10665,people,activities,icing_pie,pie
10666,people,activities,inserting pin,pin
10667,people,activities,inserting rod,rod
10668,people,activities,inspecting bulb,bulb
10669,people,activities,inspecting faucet,faucet
10670,people,activities,inspecting flask,flask
10671,people,activities,inspecting outlet,outlet
10672,people,activities,inspecting pastries,pastry
10673,people,activities,inspecting tool,tool
10674,people,activities,inspecting trees,tree
10675,people,activities,inspecting_crops,crop
10676,people,activities,inspecting_specimen,specimen
10677,people,activities,interacting with device,device
10678,people,activities,interacting with table,table
10679,people,activities,interacting with tablet,tablet
10680,people,activities,lab work,work
10681,people,activities,labeling,label
10682,people,activities,leg_lift,leg
10683,people,activities,litter_pickup,litter
10684,people,activities,looking at equipment,equipment
10685,people,activities,looking at man,man
10686,people,activities,looking at tree,tree
10687,people,activities,looking through instrument,instrument
10688,people,activities,looking through scope,scope
10689,people,activities,looking toward camera,camera
10690,people,activities,looking_at_device,looking
10691,people,activities,looking_through_lens,lens
10692,people,activities,looking_toward_camera,camera
10693,people,activities,lying_in_bed,lying
10694,people,activities,manipulating basin,basin
10695,people,activities,manipulating wires,wire
10696,people,activities,monitoring area,area
10697,people,activities,monitoring furnace,furnace
10698,people,activities,monitoring platform,platform
10699,people,activities,monitoring_camera,camera
10700,people,activities,monitoring_machine,machine
10701,people,activities,moving cargo,cargo
10702,people,activities,observing bread,bread
10703,people,activities,observing displays,display
10704,people,activities,observing instrument,instrument
10705,people,activities,observing lights,light
10706,people,activities,observing paintings,painting
10707,people,activities,observing solution,solution
10708,people,activities,observing tracks,track
10709,people,activities,observing_camera,camera
10710,people,activities,observing_shelf,shelf
10711,people,activities,offering_handshake,handshake
10712,people,activities,operating control,control
10713,people,activities,operating_drill,drill
10714,people,activities,operating_keyboard,keyboard
10715,people,activities,operating_pos,pos
10716,people,activities,operating_tool,tool
10717,people,activities,paper,paper
10718,people,activities,picking litter,litter
10719,people,activities,placing object,object
10720,people,activities,placing_plate,plate
10721,people,activities,plugging cord,cord
10722,people,activities,pointing gun,gun
10723,people,activities,pointing light,light
10724,people,activities,pointing_gun,gun
10725,people,activities,posed still,pose
10726,people,activities,preparing bagel,bagel
10727,people,activities,preparing bread,bread
10728,people,activities,preparing camera,camera
10729,people,activities,preparing cleaning,cleaning
10730,people,activities,preparing pastry,pastry
10731,people,activities,preparing procedure,procedure
10732,people,activities,preparing_dough,dough
10733,people,activities,preparing_ingredients,ingredient
10734,people,activities,preparing_tool,tool
10735,people,activities,presenting cake,cake
10736,people,activities,presenting cocktail,cocktail
10737,people,activities,presenting dough,dough
10738,people,activities,presenting salad,salad
10739,people,activities,presenting_beaker,beaker
10740,people,activities,pressing switch,switch
10741,people,activities,processing checkout,checkout
10742,people,activities,processing_payment,payment
10743,people,activities,processing_sale,sale
10744,people,activities,pulling roller,roller
10745,people,activities,pumping soap,soap
10746,people,activities,pushing scooter,scooter
10747,people,activities,pushing tool,tool
10748,people,activities,pushing vehicle,vehicle
10749,people,activities,pushing wheel,wheel
10750,people,activities,raised hand,hand
10751,people,activities,reaching into bucket,bucket
10752,people,activities,receiving bottle,bottle
10753,people,activities,receiving examination,examination
10754,people,activities,receiving hand,hand
10755,people,activities,receiving_document,document
10756,people,activities,retrieving tray,tray
10757,people,activities,riding handtruck,handtruck
10758,people,activities,rubbing hands,hand
10759,people,activities,scanning_shelf,shelf
10760,people,activities,scoring dough,dough
10761,people,activities,scraping wall,wall
10762,people,activities,setting plates,plate
10763,people,activities,sharpening metal,metal
10764,people,activities,showing product,product
10765,people,activities,spreading topping,topping
10766,people,activities,standing at register,register
10767,people,activities,standing at table,table
10768,people,activities,standing by console,console
10769,people,activities,standing in field,field
10770,people,activities,standing_by_bed,bed
10771,people,activities,standing_guard,standing
10772,people,activities,static_pose,pose
10773,people,activities,steering wheel interaction,wheel
10774,people,activities,still,still
10775,people,activities,stirring molten metal,metal
10776,people,activities,strapped,strapped
10777,people,activities,striking metal,metal
10778,people,activities,taking order,order
10779,people,activities,taking photos,photo
10780,people,activities,tapping,tapping
10781,people,activities,tapping device,device
10782,people,activities,tapping_phone,phone
10783,people,activities,testing device,device
10784,people,activities,testing lenses,lens
10785,people,activities,testing outlet,outlet
10786,people,activities,touching blossoms,blossom
10787,people,activities,touching board,board
10788,people,activities,touching brim,brim
10789,people,activities,touching display,display
10790,people,activities,touching faucet,faucet
10791,people,activities,touching gavel,gavel
10792,people,activities,touching herbs,herb
10793,people,activities,touching machine,machine
10794,people,activities,touching shoulder,shoulder
10795,people,activities,touching sink,sink
10796,people,activities,touching steering wheel,wheel
10797,people,activities,touching tablet,tablet
10798,people,activities,touching wall,wall
10799,people,activities,touching wood,wood
10800,people,activities,touching_board,board
10801,people,activities,touching_book,book
10802,people,activities,touching_case,case
10803,people,activities,touching_fruit,touching
10804,people,activities,touching_paper,paper
10805,people,activities,touching_product,product
10806,people,activities,touching_table,table
10807,people,activities,touching_window,window
10808,people,activities,trimming grass,grass
10809,people,activities,turning knob,knob
10810,people,activities,turning switch,switch
10811,people,activities,turning tap,turning
10812,people,activities,twirling,twirling
10813,people,activities,tying apron,apron
10814,people,activities,tying rope,rope
10815,people,activities,uncorking bottle,bottle
10816,people,activities,using equipment,equipment
10817,people,activities,using loupe,loupe
10818,people,activities,using optical instrument,instrument
10819,people,activities,using sander,sander
10820,people,activities,using sanitizer,sanitizer
10821,people,activities,using sewing machine,machine
10822,people,activities,using smartphone,smartphone
10823,people,activities,using_kiosk,kiosk
10824,people,activities,using_mixer,mixer
10825,people,activities,using_nail_gun,gun
10826,people,activities,using_pos_terminal,terminal
10827,people,activities,using_tongs,tong
10828,people,activities,viewing phone,phone
10829,people,activities,viewing stage,stage
10830,people,activities,vocalizing,vocalizing
10831,people,activities,warming hands,hand
10832,people,activities,washing_sink,sink
10833,people,activities,watching screen,screen
10834,people,activities,wearing gloves,glove
10835,people,activities,wearing_backpack,backpack
10836,people,activities,wearing_mask,mask
10837,people,activities,whisking,whisking
10838,people,activities,wiping hand,hand
10839,people,activities,wiping_counter,counter
10840,people,activities,working at register,register
10841,people,activities,working counter,counter
10842,people,activities,working with cloth,cloth
10843,scene_appearance,aesthetic_qualities,abstract,abstract
10844,people,clothing_garment,air cylinder,cylinder
10845,people,clothing_garment,air_pack,pack
10846,people,clothing_garment,air_tank,tank
10847,people,clothing_garment,air_tanks,tank
10848,people,clothing_garment,apron dress,apron
10849,people,clothing_garment,apron/overall,apron
10850,people,clothing_garment,apron/straps,apron
10851,people,clothing_garment,apron/tunic,apron
10852,people,clothing_garment,backpack (straps),backpack
10853,people,clothing_garment,backpack / harness,backpack
10854,people,clothing_garment,backpack strap,strap
10855,people,clothing_garment,backpack_straps,strap
10856,people,clothing_garment,badge on lanyard,badge
10857,people,clothing_garment,ballet_slippers,slipper
10858,people,clothing_garment,bandana,bandana
10859,people,clothing_garment,bed sheet,sheet
10860,people,clothing_garment,belt_holster,holster
10861,people,clothing_garment,belt_pouches,pouch
10862,people,clothing_garment,bib apron,apron
10863,people,clothing_garment,bust (sculpture),bust
10864,people,clothing_garment,button-down_shirt,shirt
10865,people,clothing_garment,button_down shirt,shirt
10866,people,clothing_garment,buttoned top,top
10867,people,clothing_garment,buttoned vest/dress,vest
10868,people,clothing_garment,camera_bag,bag
10869,people,clothing_garment,camera_harness,harness
10870,people,clothing_garment,camouflage uniform (shirt),uniform
10871,people,clothing_garment,camouflage_jacket,jacket
10872,people,clothing_garment,camouflage_pants,pants
10873,people,clothing_garment,checked_shirt,shirt
10874,people,clothing_garment,checkered jacket,jacket
10875,people,clothing_garment,chest bag,bag
10876,people,clothing_garment,chest radio,radio
10877,people,clothing_garment,cloth,cloth
10878,people,clothing_garment,cloth bag,bag
10879,people,clothing_garment,coat/scrubs,coat
10880,people,clothing_garment,collar tabs,tab
10881,people,clothing_garment,collared dress,dress
10882,people,clothing_garment,collared shirt (plaid visible at collar),shirt
10883,people,clothing_garment,coverall / jacket,coverall
10884,people,clothing_garment,coverall / work jacket,coverall
10885,people,clothing_garment,dance_shoes,shoe
10886,people,clothing_garment,dark cape,cape
10887,people,clothing_garment,dark vest,vest
10888,people,clothing_garment,dental drape,drape
10889,people,clothing_garment,draped_garment,garment
10890,people,clothing_garment,dress_panel,panel
10891,people,clothing_garment,epaulet/shoulder stripes,epaulet
10892,people,clothing_garment,face_covering,face_covering
10893,people,clothing_garment,field jacket,jacket
10894,people,clothing_garment,fire jacket,jacket
10895,people,clothing_garment,flowing skirt,skirt
10896,people,clothing_garment,glasses,glasses
10897,people,clothing_garment,hard jacket,jacket
10898,people,clothing_garment,harness/seatbelt,harness
10899,people,clothing_garment,harness/strap,harness
10900,people,clothing_garment,harness_straps,strap
10901,people,clothing_garment,headwrap,headwrap
10902,people,clothing_garment,henley shirt,shirt
10903,people,clothing_garment,hi_vis_vest,vest
10904,people,clothing_garment,high-visibility top,top
10905,people,clothing_garment,high-visibility vest/apron,vest
10906,people,clothing_garment,high-visibility_vest,vest
10907,people,clothing_garment,holster,holster
10908,people,clothing_garment,hooded scarf,scarf
10909,people,clothing_garment,hooded vest,vest
10910,people,clothing_garment,hooded_jacket,jacket
10911,people,clothing_garment,hooded_sweatshirt,sweatshirt
10912,people,clothing_garment,hoodie (visible lining),hoodie
10913,people,clothing_garment,hoodie_lining,lining
10914,people,clothing_garment,hospital gown / sheet,gown
10915,people,clothing_garment,inner shirt / collar,shirt
10916,people,clothing_garment,inner top,top
10917,people,clothing_garment,inner_layer,layer
10918,people,clothing_garment,inner_shirt,shirt
10919,people,clothing_garment,jacket_on_cart,jacket
10920,people,clothing_garment,jumpsuit/overalls,jumpsuit
10921,people,clothing_garment,lab coat (medical uniform),coat
10922,people,clothing_garment,lace collar,collar
10923,people,clothing_garment,lace top,top
10924,people,clothing_garment,lanyard badge,lanyard
10925,people,clothing_garment,lanyard_with_badge,lanyard
10926,people,clothing_garment,lap_cloth,cloth
10927,people,clothing_garment,lapel ribbon,ribbon
10928,people,clothing_garment,laptop,laptop
10929,people,clothing_garment,leather gloves,glove
10930,people,clothing_garment,leather strap,strap
10931,people,clothing_garment,long-sleeve dress,dress
10932,people,clothing_garment,long-sleeve sweatshirt,sweatshirt
10933,people,clothing_garment,long sleeves,sleeve
10934,people,clothing_garment,long top,top
10935,people,clothing_garment,long_sleeve_sweater,sweater
10936,people,clothing_garment,medical,medical
10937,people,clothing_garment,medical mask,mask
10938,people,clothing_garment,medical uniform,uniform
10939,people,clothing_garment,nameplate,nameplate
10940,people,clothing_garment,neck strap,strap
10941,people,clothing_garment,neck_collar,collar
10942,people,clothing_garment,neck_gaiter,gaiter
10943,people,clothing_garment,neck_tab,tab
10944,people,clothing_garment,neck_tabs,tab
10945,people,clothing_garment,neck_tube,tube
10946,people,clothing_garment,neckwarmer,neckwarmer
10947,people,clothing_garment,nurse cap,cap
10948,people,clothing_garment,outer_coat,coat
10949,people,clothing_garment,overall,overall
10950,people,clothing_garment,overalls_straps,strap
10951,people,clothing_garment,patient drape,drape
10952,people,clothing_garment,peaked_hat,hat
10953,people,clothing_garment,pilot cap,cap
10954,people,clothing_garment,pinafore / apron,apron
10955,people,clothing_garment,pinafore_dress,dress
10956,people,clothing_garment,plaid overshirt,shirt
10957,people,clothing_garment,platform_sandals,sandal
10958,people,clothing_garment,pocket trim,trim
10959,people,clothing_garment,pocket_badge,badge
10960,people,clothing_garment,police jacket (uniform),jacket
10961,people,clothing_garment,police jacket/shirt,jacket
10962,people,clothing_garment,police uniform,uniform
10963,people,clothing_garment,protective_apron,apron
10964,people,clothing_garment,protective_suit,suit
10965,people,clothing_garment,puffer_jacket,jacket
10966,people,clothing_garment,quilted_vest,vest
10967,people,clothing_garment,reflective stripe,stripe
10968,people,clothing_garment,reflective_belt,belt
10969,people,clothing_garment,respirator_mask,mask
10970,people,clothing_garment,reusable bag,bag
10971,people,clothing_garment,safety vest / straps,vest
10972,people,clothing_garment,scarf/hood,scarf
10973,people,clothing_garment,SCBA cylinder (backpack),cylinder
10974,people,clothing_garment,SCBA tank/backpack,tank
10975,people,clothing_garment,scrub/top,scrubs
10976,people,clothing_garment,scrub_shirt,shirt
10977,people,clothing_garment,scrubs (medical uniform),scrubs
10978,people,clothing_garment,scrubs (visible under coat),scrubs
10979,people,clothing_garment,scrubs shirt,shirt
10980,people,clothing_garment,scrubs top,scrubs
10981,people,clothing_garment,scrubs_top,scrubs
10982,people,clothing_garment,sheriff hat,hat
10983,people,clothing_garment,shopping_bag,bag
10984,people,clothing_garment,short-sleeve work shirt,shirt
10985,people,clothing_garment,short_sleeve shirt,shirt
10986,people,clothing_garment,shoulder epaulets,epaulet
10987,people,clothing_garment,shoulder epaulets / straps,epaulet
10988,people,clothing_garment,shoulder epaulettes,epaulet
10989,people,clothing_garment,shoulder_armor,armor
10990,people,clothing_garment,skirt_suit,suit
10991,people,clothing_garment,sleeveless tunic,tunic
10992,people,clothing_garment,small hat,hat
10993,people,clothing_garment,stethoscope,stethoscope
10994,people,clothing_garment,straw_hat,hat
10995,people,clothing_garment,t-shirt/undershirt,shirt
10996,people,clothing_garment,tactical jacket,jacket
10997,people,clothing_garment,tactical jacket / vest,jacket
10998,people,clothing_garment,tactical uniform,uniform
10999,people,clothing_garment,tactical_uniform,uniform
11000,people,clothing_garment,tall_hat,hat
11001,people,clothing_garment,top_hat,hat
11002,people,clothing_garment,track_pants,pants
11003,people,clothing_garment,trousers (with stripe),trouser
11004,people,clothing_garment,undershirt (plaid),undershirt
11005,people,clothing_garment,uniform blouse,blouse
11006,people,clothing_garment,uniform bottom,bottom
11007,people,clothing_garment,uniform coat,coat
11008,people,clothing_garment,uniform epaulets,epaulet
11009,people,clothing_garment,uniform hat,hat
11010,people,clothing_garment,utility vest,vest
11011,people,clothing_garment,v-neck sweater,sweater
11012,people,clothing_garment,vest/apron panel,vest
11013,people,clothing_garment,vest/coverall,vest
11014,people,clothing_garment,vest_or_lanyard,vest
11015,people,clothing_garment,waist apron,apron
11016,people,clothing_garment,waist belt,belt
11017,people,clothing_garment,waistband/tie,waistband
11018,people,clothing_garment,welding_gloves,glove
11019,people,clothing_garment,welding_helmet,helmet
11020,people,clothing_garment,white long-sleeve shirt,shirt
11021,people,clothing_garment,white short-sleeve shirt,shirt
11022,people,clothing_garment,wide-brim hat,hat
11023,people,clothing_garment,work apron/jacket,apron
11024,people,clothing_garment,work vest/apron,vest
11025,people,clothing_garment,wrist_wrap,wrap
11026,people,clothing_garment,zip-up hoodie,hoodie
11027,people,clothing_garment,zip-up jacket,jacket
11028,people,clothing_garment,academic_gown,gown
11029,people,clothing_garment,apron_or_coverall,apron
11030,people,clothing_garment,apron_tied_at_waist,apron
11031,people,clothing_garment,armored sleeve,sleeve
11032,people,clothing_garment,ascot,ascot
11033,people,clothing_garment,athletic shorts,shorts
11034,people,clothing_garment,backpack/pack,backpack
11035,people,clothing_garment,badge (worn),badge
11036,people,clothing_garment,ballet_dress,dress
11037,people,clothing_garment,bandeau top,bandeau
11038,people,clothing_garment,baseball_cap,cap
11039,people,clothing_garment,basketball_jersey,jersey
11040,people,clothing_garment,beaded necklace,necklace
11041,people,clothing_garment,beads/necklaces,bead
11042,people,clothing_garment,belt / duty belt,belt
11043,people,clothing_garment,belt_pouch,pouch
11044,people,clothing_garment,bib/overalls,bib
11045,people,clothing_garment,bib_apron,apron
11046,people,clothing_garment,blue uniform (apron/dress),uniform
11047,people,clothing_garment,boonie hat,hat
11048,people,clothing_garment,bra_top,top
11049,people,clothing_garment,breathing_mask,mask
11050,people,clothing_garment,camera harness,harness
11051,people,clothing_garment,captain_hat,hat
11052,people,clothing_garment,cardigan / sweater,cardigan
11053,people,clothing_garment,cardigan/jacket,cardigan
11054,people,clothing_garment,ceremonial jacket,jacket
11055,people,clothing_garment,checkered_shirt,shirt
11056,people,clothing_garment,chef's jacket/apron,jacket
11057,people,clothing_garment,chef hat (with emblem),hat
11058,people,clothing_garment,chef_cap,cap
11059,people,clothing_garment,choker,choker
11060,people,clothing_garment,clerical robe,robe
11061,people,clothing_garment,clerical tabs,tab
11062,people,clothing_garment,clerical_tab,tab
11063,people,clothing_garment,cloak/scarf,cloak
11064,people,clothing_garment,collar_ribbon,ribbon
11065,people,clothing_garment,compression_shorts,shorts
11066,people,clothing_garment,cowl-neck sweater,sweater
11067,people,clothing_garment,crop_top,top
11068,people,clothing_garment,cross_strap,strap
11069,people,clothing_garment,crossbody strap,strap
11070,people,clothing_garment,dance shoes,shoe
11071,people,clothing_garment,dark outfit,outfit
11072,people,clothing_garment,dark overshirt,overshirt
11073,people,clothing_garment,denim apron,apron
11074,people,clothing_garment,drape,drape
11075,people,clothing_garment,draped robe,robe
11076,people,clothing_garment,dress or jacket,dress
11077,people,clothing_garment,dress/apron,dress
11078,people,clothing_garment,dress_apron,apron
11079,people,clothing_garment,dress_jacket,jacket
11080,people,clothing_garment,duty belt/gear,belt
11081,people,clothing_garment,duty_jacket,jacket
11082,people,clothing_garment,embellished bra top,bra
11083,people,clothing_garment,face mask (pulled down),mask
11084,people,clothing_garment,face_shield,shield
11085,people,clothing_garment,feathers,feather
11086,people,clothing_garment,fez,fez
11087,people,clothing_garment,fingerless_gloves,glove
11088,people,clothing_garment,flag patch,patch
11089,people,clothing_garment,flight_jacket,jacket
11090,people,clothing_garment,football jersey,jersey
11091,people,clothing_garment,fringe,fringe
11092,people,clothing_garment,fringed_jacket,jacket
11093,people,clothing_garment,fur cloak,cloak
11094,people,clothing_garment,hair_net,net
11095,people,clothing_garment,headband/headdress,headband
11096,people,clothing_garment,helmet (cap with visor),helmet
11097,people,clothing_garment,hi-vis vest panel,vest
11098,people,clothing_garment,high-visibility strap,strap
11099,people,clothing_garment,high_visibility_patch,patch
11100,people,clothing_garment,hooded outer,outer
11101,people,clothing_garment,hooded plaid jacket,jacket
11102,people,clothing_garment,hoodie (lining),hoodie
11103,people,clothing_garment,hoodie_collar,hoodie
11104,people,clothing_garment,ID badge,badge
11105,people,clothing_garment,inner garment,garment
11106,people,clothing_garment,inner_garment,garment
11107,people,clothing_garment,jacket/hoodie,jacket
11108,people,clothing_garment,judge robe,robe
11109,people,clothing_garment,judge robe (professional uniform),robe
11110,people,clothing_garment,knit vest,vest
11111,people,clothing_garment,knit_gloves,glove
11112,people,clothing_garment,lace_collar,collar
11113,people,clothing_garment,lanyard with badge,lanyard
11114,people,clothing_garment,leather strap/harness,strap
11115,people,clothing_garment,life vest / pillow,vest
11116,people,clothing_garment,light blue jacket,jacket
11117,people,clothing_garment,light jacket,jacket
11118,people,clothing_garment,long coat/dress,coat
11119,people,clothing_garment,long_sleeve_jacket,jacket
11120,people,clothing_garment,mechanic shirt,shirt
11121,people,clothing_garment,medallion,medallion
11122,people,clothing_garment,medals,medal
11123,people,clothing_garment,medical jacket,jacket
11124,people,clothing_garment,medical shirt,shirt
11125,people,clothing_garment,medical_gown/top,gown
11126,people,clothing_garment,medical_jacket,jacket
11127,people,clothing_garment,medical_vest,vest
11128,people,clothing_garment,name badge patch,patch
11129,people,clothing_garment,name patch,patch
11130,people,clothing_garment,name_patch,patch
11131,people,clothing_garment,neck cloth,cloth
11132,people,clothing_garment,neck tab,tab
11133,people,clothing_garment,neck wrap,wrap
11134,people,clothing_garment,neck_band,band
11135,people,clothing_garment,neck_jabot,jabot
11136,people,clothing_garment,neck_ribbon,ribbon
11137,people,clothing_garment,orange jacket/panel,jacket
11138,people,clothing_garment,overall/apron,apron
11139,people,clothing_garment,patch (flag) on sleeve,patch
11140,people,clothing_garment,patterned overshirt,shirt
11141,people,clothing_garment,patterned vest/strap,vest
11142,people,clothing_garment,patterned_top,top
11143,people,clothing_garment,pillbox hat,hat
11144,people,clothing_garment,plaid button-up (visible collar),shirt
11145,people,clothing_garment,plaid undershirt,undershirt
11146,people,clothing_garment,pocket,pocket
11147,people,clothing_garment,pocket cloth,cloth
11148,people,clothing_garment,pocket pen,pen
11149,people,clothing_garment,police coat,coat
11150,people,clothing_garment,police helmet,helmet
11151,people,clothing_garment,preaching tabs,tabs
11152,people,clothing_garment,preaching_tabs,tabs
11153,people,clothing_garment,protective mask,mask
11154,people,clothing_garment,protective_hood,hood
11155,people,clothing_garment,protective_visior_goggles,goggles
11156,people,clothing_garment,pullover jacket,jacket
11157,people,clothing_garment,racing gloves,glove
11158,people,clothing_garment,rank stripes,stripe
11159,people,clothing_garment,red garment,garment
11160,people,clothing_garment,red vest,vest
11161,people,clothing_garment,reflective armband,armband
11162,people,clothing_garment,reflective band,band
11163,people,clothing_garment,reflective panels,panel
11164,people,clothing_garment,reflective straps,strap
11165,people,clothing_garment,reflective vest straps,strap
11166,people,clothing_garment,reflective_strips,strip
11167,people,clothing_garment,ribbons,ribbon
11168,people,clothing_garment,scarf/hijab,scarf
11169,people,clothing_garment,scrub pocket,pocket
11170,people,clothing_garment,scrub_jacket,jacket
11171,people,clothing_garment,scrub_or_jacket,jacket
11172,people,clothing_garment,scrubs (visible),scrubs
11173,people,clothing_garment,shawl,shawl
11174,people,clothing_garment,shirt (plaid),shirt
11175,people,clothing_garment,shirt_hem,hem
11176,people,clothing_garment,shoulder bag strap,strap
11177,people,clothing_garment,shoulder straps,strap
11178,people,clothing_garment,shoulder_cloth,cloth
11179,people,clothing_garment,shoulder_epaulettes,epaulet
11180,people,clothing_garment,shoulder_harness,harness
11181,people,clothing_garment,shoulder_pads,pad
11182,people,clothing_garment,sleeveless athletic top,top
11183,people,clothing_garment,sleeveless jersey,jersey
11184,people,clothing_garment,sleeveless plaid shirt,shirt
11185,people,clothing_garment,sleeveless_top,top
11186,people,clothing_garment,strap top,top
11187,people,clothing_garment,strap/harness,strap
11188,people,clothing_garment,sunhat,sunhat
11189,people,clothing_garment,surgical mask (worn around neck),mask
11190,people,clothing_garment,surgical_scrubs,scrubs
11191,people,clothing_garment,sweater/jacket,sweater
11192,people,clothing_garment,sweater_draped,sweater
11193,people,clothing_garment,sweatshirt_tied,sweatshirt
11194,people,clothing_garment,tactical harness,harness
11195,people,clothing_garment,tactical pants,pant
11196,people,clothing_garment,tactical strap,strap
11197,people,clothing_garment,tactical_jacket,jacket
11198,people,clothing_garment,tactical_suit,suit
11199,people,clothing_garment,tank top (visible straps),top
11200,people,clothing_garment,tie / scarf,tie
11201,people,clothing_garment,tool apron,apron
11202,people,clothing_garment,uniform dress/top,dress
11203,people,clothing_garment,vest/pocket,vest
11204,people,clothing_garment,waist apron / pants,apron
11205,people,clothing_garment,waist tie,tie
11206,people,clothing_garment,waistband,waistband
11207,people,clothing_garment,white lab coat,coat
11208,people,clothing_garment,white long-sleeve garment,garment
11209,people,clothing_garment,work apron/overalls,apron
11210,people,clothing_garment,work shirt/jacket,shirt
11211,people,clothing_garment,work_overalls,overall
11212,people,clothing_garment,wristbands,wristband
11213,people,clothing_garment,zip-up shirt,shirt
11214,people,clothing_garment,zip_sweater,sweater
11215,people,facial_hair_color,beige,beige
11216,people,hair_color,pink,pink
11217,people,hair_color,purple,purple
11218,people,hair_color,blue,blue
11219,people,hair_style,mohawk,mohawk
11220,objects,items,actuator,actuator
11221,objects,items,adjustable desk lamp,lamp
11222,objects,items,air duct,duct
11223,objects,items,air tanks,tank
11224,objects,items,air_cylinder,cylinder
11225,objects,items,air_tanks,tank
11226,objects,items,aircraft_seat,seat
11227,objects,items,airplane_window,window
11228,objects,items,aisle_sign,sign
11229,objects,items,amber bottle,bottle
11230,objects,items,amber reagent bottle,bottle
11231,objects,items,ambulance control panel,panel
11232,objects,items,ambulance door,door
11233,objects,items,ambulance lights,light
11234,objects,items,arched glass roof,roof
11235,objects,items,arched_roof,roof
11236,objects,items,artificial turf field,field
11237,objects,items,audience seating,seating
11238,objects,items,auditorium chairs,chair
11239,objects,items,auditorium seating,seating
11240,objects,items,auditorium_seat,seat
11241,objects,items,automobile,automobile
11242,objects,items,aviation headset,headset
11243,objects,items,backdrop_sign,sign
11244,objects,items,bag of potato chips,bag
11245,objects,items,bag_of_groceries,bag
11246,objects,items,baguettes,baguette
11247,objects,items,balcony boxes,box
11248,objects,items,balcony chair,chair
11249,objects,items,ballet_shoe,shoe
11250,objects,items,barrier,barrier
11251,objects,items,base plate,plate
11252,objects,items,baseball_cap,cap
11253,objects,items,basket of bread/pretzels,basket
11254,objects,items,basket with eggs,basket
11255,objects,items,basket with utensils,basket
11256,objects,items,baskets of fruit,basket
11257,objects,items,battery,battery
11258,objects,items,battery_packs,battery
11259,objects,items,bearing,bearing
11260,objects,items,bedside cabinet,cabinet
11261,objects,items,bedside_cabinet,cabinet
11262,objects,items,bedside_table,table
11263,objects,items,beer glass,glass
11264,objects,items,belt holster,holster
11265,objects,items,beverage shelf,shelf
11266,objects,items,bicycle,bicycle
11267,objects,items,black bag,bag
11268,objects,items,black bench,bench
11269,objects,items,black case,case
11270,objects,items,black SUV,suv
11271,objects,items,blower,blower
11272,objects,items,blue bottle,bottle
11273,objects,items,blue cabinet,cabinet
11274,objects,items,blue jar,jar
11275,objects,items,blueprints/papers,blueprint
11276,objects,items,boarding pass,pass
11277,objects,items,body_radio,radio
11278,objects,items,book scanner,scanner
11279,objects,items,boot,boot
11280,objects,items,bottle carrier,carrier
11281,objects,items,bottle stopper,stopper
11282,objects,items,bottle with cap,bottle
11283,objects,items,bottle with orange liquid,bottle
11284,objects,items,bottle with pump,bottle
11285,objects,items,bottled beverages,beverage
11286,objects,items,bottled goods,good
11287,objects,items,bottled products,product
11288,objects,items,bottled_goods,good
11289,objects,items,bottles on shelf,bottle
11290,objects,items,bowl of fries,bowl
11291,objects,items,bowl of rolls,bowl
11292,objects,items,bowl_of_lemons,bowl
11293,objects,items,bowl_of_tomatoes,bowl
11294,objects,items,box of oranges,box
11295,objects,items,box_of_oranges,box
11296,objects,items,boxed food,food
11297,objects,items,boxed item,item
11298,objects,items,boxed package,package
11299,objects,items,boxed_food,food
11300,objects,items,branches,branch
11301,objects,items,brazier,brazier
11302,objects,items,breathing tank,tank
11303,objects,items,brick edging,brick
11304,objects,items,brick furnace,furnace
11305,objects,items,brown corrugated tube,tube
11306,objects,items,brown_dog,dog
11307,objects,items,building doorway,doorway
11308,objects,items,building_wall,wall
11309,objects,items,bundle of straw,straw
11310,objects,items,burner,burner
11311,objects,items,burning structure,structure
11312,objects,items,bus_shelter_sign,sign
11313,objects,items,bus_stop,stop
11314,objects,items,bus_window,window
11315,objects,items,buttons,button
11316,objects,items,cabin ceiling light,light
11317,objects,items,cabin lights,light
11318,objects,items,cable handle,handle
11319,objects,items,cable reel,reel
11320,objects,items,camera case,case
11321,objects,items,camera/gimbal,camera
11322,objects,items,camera_bag,bag
11323,objects,items,camera_on_tripod,camera
11324,objects,items,cane,cane
11325,objects,items,canvas-covered shelter,shelter
11326,objects,items,canvas bag,bag
11327,objects,items,canvas on easel,canvas
11328,objects,items,canvas_with_painting,canvas
11329,objects,items,car (open hood),car
11330,objects,items,car ahead,car
11331,objects,items,car door/window,door
11332,objects,items,car trunk,trunk
11333,objects,items,cardboard bag,bag
11334,objects,items,cardboard box on pallet,box
11335,objects,items,cardio machine,machine
11336,objects,items,cargo trailer,trailer
11337,objects,items,carry bag,bag
11338,objects,items,carry_case,case
11339,objects,items,carton,carton
11340,objects,items,cash register terminal,terminal
11341,objects,items,cash_drawer,drawer
11342,objects,items,ceiling beam,beam
11343,objects,items,ceiling beams,beam
11344,objects,items,ceiling drapes,drape
11345,objects,items,ceiling fan,fan
11346,objects,items,ceiling light panel,panel
11347,objects,items,ceiling light panels,panel
11348,objects,items,ceiling medical light,light
11349,objects,items,cello,cello
11350,objects,items,ceramic bowl,bowl
11351,objects,items,ceramic cup,cup
11352,objects,items,ceramic pot,pot
11353,objects,items,ceramic spout,spout
11354,objects,items,cereal box,box
11355,objects,items,ceremonial cane,cane
11356,objects,items,chain,chain
11357,objects,items,chalkboard sign,sign
11358,objects,items,chandeliers,chandelier
11359,objects,items,chart board,board
11360,objects,items,check-in kiosk,kiosk
11361,objects,items,checkout register,register
11362,objects,items,checkout_monitor,screen
11363,objects,items,cheese,cheese
11364,objects,items,cheese block,cheese
11365,objects,items,chevron_panel,panel
11366,objects,items,chip bag,bag
11367,objects,items,chips bag,bag
11368,objects,items,church,church
11369,objects,items,church tower,tower
11370,objects,items,circular basin,basin
11371,objects,items,circular pipe,pipe
11372,objects,items,city_buildings,building
11373,objects,items,cleaning bag,bag
11374,objects,items,cleaning tool,tool
11375,objects,items,clipboard/papers,clipboard
11376,objects,items,clock_tower,tower
11377,objects,items,cloth bag,bag
11378,objects,items,cloth tote bag,bag
11379,objects,items,clothing_shelves,shelf
11380,objects,items,coach jacket,jacket
11381,objects,items,coat (mannequin),coat
11382,objects,items,coca-cola box,box
11383,objects,items,coca-cola sign,sign
11384,objects,items,coffee glass,glass
11385,objects,items,coffee pot,pot
11386,objects,items,coffee_maker,maker
11387,objects,items,coffered ceiling,ceiling
11388,objects,items,coiled hose,hose
11389,objects,items,coiled_cable,cable
11390,objects,items,coke_pack,pack
11391,objects,items,comedy_sign,sign
11392,objects,items,computer terminal,terminal
11393,objects,items,computer tower,tower
11394,objects,items,computer_screen,screen
11395,objects,items,concrete barriers,barrier
11396,objects,items,concrete basin,basin
11397,objects,items,concrete mixer,mixer
11398,objects,items,concrete ring,ring
11399,objects,items,concrete_foundation,foundation
11400,objects,items,condiment bottles,bottle
11401,objects,items,conduit pipe,pipe
11402,objects,items,conference chair,chair
11403,objects,items,conference_chair,chair
11404,objects,items,console table,table
11405,objects,items,construction framing,framing
11406,objects,items,construction loader,loader
11407,objects,items,construction planks,plank
11408,objects,items,construction tower,tower
11409,objects,items,construction truck,truck
11410,objects,items,construction_beam,beam
11411,objects,items,control box,box
11412,objects,items,control knob,knob
11413,objects,items,control monitor,screen
11414,objects,items,control_knob,knob
11415,objects,items,cookbook stand,stand
11416,objects,items,cookie tray,tray
11417,objects,items,cooler,cooler
11418,objects,items,corn stalks,stalk
11419,objects,items,corrugated drainage pipe,pipe
11420,objects,items,corrugated hose,hose
11421,objects,items,corrugated pipe,pipe
11422,objects,items,costume skirt,skirt
11423,objects,items,counting tray,tray
11424,objects,items,coupe glass,glass
11425,objects,items,covered walkway,walkway
11426,objects,items,crate_of_lemons,crate
11427,objects,items,crest,crest
11428,objects,items,crucible,crucible
11429,objects,items,crutches,crutch
11430,objects,items,cup with pencils,cup
11431,objects,items,cutting board with toast,board
11432,objects,items,cutting_board_with_vegetables,board
11433,objects,items,cylindrical instrument,instrument
11434,objects,items,daisies,daisy
11435,objects,items,dashboard instrument panel,panel
11436,objects,items,decorative vase,vase
11437,objects,items,defibrillator,defibrillator
11438,objects,items,dental equipment arm,arm
11439,objects,items,dental sink,sink
11440,objects,items,dental_instrument_tray,tray
11441,objects,items,dental_lamp,lamp
11442,objects,items,desk telephone,telephone
11443,objects,items,desk/counter,desk
11444,objects,items,desk_phone,phone
11445,objects,items,desktop_monitor,screen
11446,objects,items,dessert cup,cup
11447,objects,items,detergent bottles,bottle
11448,objects,items,detergent cup,cup
11449,objects,items,dials,dial
11450,objects,items,digital clock,clock
11451,objects,items,digital display sign,sign
11452,objects,items,digital menu screen,screen
11453,objects,items,digital platform sign,sign
11454,objects,items,digital scale,scale
11455,objects,items,digital_monitor,screen
11456,objects,items,digital_rearview_display,display
11457,objects,items,dirt,dirt
11458,objects,items,dirt/debris,dirt
11459,objects,items,dirt_mound,mound
11460,objects,items,dish cloth,cloth
11461,objects,items,dish_soap_bottle,bottle
11462,objects,items,dispensing bins,bin
11463,objects,items,dispensing machine,machine
11464,objects,items,dispensing tap,tap
11465,objects,items,dispensing_machine,machine
11466,objects,items,display console,console
11467,objects,items,display cooler,cooler
11468,objects,items,display pedestal,pedestal
11469,objects,items,display_board,board
11470,objects,items,display_sign,sign
11471,objects,items,display_wall,wall
11472,objects,items,disposable cup,cup
11473,objects,items,dog leash,leash
11474,objects,items,doormat,doormat
11475,objects,items,doorways,doorway
11476,objects,items,double bass,bass
11477,objects,items,double doors,door
11478,objects,items,drain cover,cover
11479,objects,items,drapery,drapery
11480,objects,items,dresser,dresser
11481,objects,items,drink dispenser,dispenser
11482,objects,items,drink_cup,cup
11483,objects,items,drinking_glass,glass
11484,objects,items,drinks,drink
11485,objects,items,driver's seat,seat
11486,objects,items,driver seat,seat
11487,objects,items,drum cymbal,cymbal
11488,objects,items,drywall panel,panel
11489,objects,items,DSLR camera,camera
11490,objects,items,dumpster,dumpster
11491,objects,items,electric grinder,grinder
11492,objects,items,electric humidifier,humidifier
11493,objects,items,electric mixer,mixer
11494,objects,items,electrical cable,cable
11495,objects,items,electrical cables,cable
11496,objects,items,electrical connector,connector
11497,objects,items,electrical junction box,junction_box
11498,objects,items,electrical switch,switch
11499,objects,items,electrical_cables,cable
11500,objects,items,electrocautery pen,pen
11501,objects,items,electronic control device,control
11502,objects,items,electronic scale,scale
11503,objects,items,elliptical_trainer,trainer
11504,objects,items,emblem,emblem
11505,objects,items,engine components,component
11506,objects,items,envelopes,envelope
11507,objects,items,epaulette insignia,insignia
11508,objects,items,equipment_cart,cart
11509,objects,items,exam chair,chair
11510,objects,items,exam lamp,lamp
11511,objects,items,exam_chair,chair
11512,objects,items,exam_light,light
11513,objects,items,exam_table,table
11514,objects,items,examination chair,chair
11515,objects,items,examination lamp,lamp
11516,objects,items,examination light,light
11517,objects,items,examination_light,light
11518,objects,items,executive chair,chair
11519,objects,items,exercise bike,bike
11520,objects,items,exercise_ball,ball
11521,objects,items,extension cord,cord
11522,objects,items,external hard drive,hard_drive
11523,objects,items,external_monitor,screen
11524,objects,items,eye exam device,device
11525,objects,items,eye exam machine,machine
11526,objects,items,eye examination device,device
11527,objects,items,eye_exam_device,device
11528,objects,items,eyeglass_display_rack,rack
11529,objects,items,eyewear display,display
11530,objects,items,fabric backdrop,backdrop
11531,objects,items,fabric_bag,bag
11532,objects,items,fabric_stack,stack
11533,objects,items,fedora_hat,hat
11534,objects,items,field turf,turf
11535,objects,items,field_rows,row
11536,objects,items,file folders,folder
11537,objects,items,file stacks,stack
11538,objects,items,file tray,tray
11539,objects,items,filing cabinet,cabinet
11540,objects,items,fire alarm,alarm
11541,objects,items,fire/flames,fire
11542,objects,items,firefighter_helmet,helmet
11543,objects,items,fitness_band,band
11544,objects,items,flags,flag
11545,objects,items,flat-screen TV,screen
11546,objects,items,flat screen,screen
11547,objects,items,flat screen TV,screen
11548,objects,items,flat_iron,iron
11549,objects,items,flexible conduit,conduit
11550,objects,items,flexible corrugated ducts,duct
11551,objects,items,flight information display,display
11552,objects,items,flight information sign,sign
11553,objects,items,flip chart easel,easel
11554,objects,items,floodlights,floodlight
11555,objects,items,flower arch,arch
11556,objects,items,flower spikes,spike
11557,objects,items,flower stalk,stalk
11558,objects,items,flower stalks,stalk
11559,objects,items,flowering plant,plant
11560,objects,items,fluorescent light fixture,fixture
11561,objects,items,fluorescent light panel,panel
11562,objects,items,fluorescent lights,light
11563,objects,items,fluorescent_light_fixtures,fixture
11564,objects,items,folded_fabric,fabric
11565,objects,items,folded_sweaters,sweater
11566,objects,items,folding counter,counter
11567,objects,items,foliage plants,plant
11568,objects,items,food_cart,cart
11569,objects,items,food_package,package
11570,objects,items,food_products,product
11571,objects,items,football helmet,helmet
11572,objects,items,football jersey,jersey
11573,objects,items,forge fire pit,pit
11574,objects,items,forge_fire,fire
11575,objects,items,forge_hearth,hearth
11576,objects,items,forge_trough,trough
11577,objects,items,fountain spout,spout
11578,objects,items,frame rack,rack
11579,objects,items,frame_measure_tool,tool
11580,objects,items,framed emblem,emblem
11581,objects,items,framed photos,photo
11582,objects,items,framed picture,picture
11583,objects,items,framed portrait,portrait
11584,objects,items,framed poster,poster
11585,objects,items,freezer cases,case
11586,objects,items,freezer doors,door
11587,objects,items,front-load washing machine,machine
11588,objects,items,front door,door
11589,objects,items,frothing pitcher,pitcher
11590,objects,items,fruit trees,tree
11591,objects,items,full-body statue,statue
11592,objects,items,full-size sculpture,sculpture
11593,objects,items,garage doors,door
11594,objects,items,garden arch,arch
11595,objects,items,garden lamp,lamp
11596,objects,items,garden lights,light
11597,objects,items,garden sprayer,sprayer
11598,objects,items,garden statue,statue
11599,objects,items,garden trellis,trellis
11600,objects,items,garden_soil,soil
11601,objects,items,gardening tool,tool
11602,objects,items,gas cylinder,cylinder
11603,objects,items,gas_cylinder,cylinder
11604,objects,items,gate sign,sign
11605,objects,items,gauge,gauge
11606,objects,items,gauge cluster,gauge
11607,objects,items,gear,gear
11608,objects,items,gear pack,pack
11609,objects,items,gear_shift_knob,knob
11610,objects,items,gimbal,gimbal
11611,objects,items,glass-door cooler,cooler
11612,objects,items,glass (water),glass
11613,objects,items,glass baking dish,dish
11614,objects,items,glass display counter,counter
11615,objects,items,glass funnel,funnel
11616,objects,items,glass garden stake,stake
11617,objects,items,glass of juice,glass
11618,objects,items,glass pipette,pipette
11619,objects,items,glass reagent bottles,bottle
11620,objects,items,glass vase,vase
11621,objects,items,glass water bottles,bottle
11622,objects,items,glass with pens,glass
11623,objects,items,glass_double_door,door
11624,objects,items,glass_entrance,entrance
11625,objects,items,glass_of_water,glass
11626,objects,items,glass_pitcher,pitcher
11627,objects,items,glass_roof,roof
11628,objects,items,glasses display rack,rack
11629,objects,items,glasses rack,rack
11630,objects,items,glowing orb,orb
11631,objects,items,goalposts,goalpost
11632,objects,items,golden eagle emblem,emblem
11633,objects,items,GPS screen,screen
11634,objects,items,gps tablet,tablet
11635,objects,items,graduation cap,cap
11636,objects,items,grass path,path
11637,objects,items,green bin,bin
11638,objects,items,green box,box
11639,objects,items,green foliage,foliage
11640,objects,items,green leaves,leaf
11641,objects,items,green peppers,pepper
11642,objects,items,green produce,produce
11643,objects,items,green screen,screen
11644,objects,items,green tarp,tarp
11645,objects,items,green_cabinet,cabinet
11646,objects,items,greenhouse,greenhouse
11647,objects,items,greenhouse bench,bench
11648,objects,items,greenhouse structure,structure
11649,objects,items,greenhouse window,window
11650,objects,items,greenhouse_frame,frame
11651,objects,items,greenhouse_window,window
11652,objects,items,grinder_wheel,wheel
11653,objects,items,grocery basket,basket
11654,objects,items,grocery packaging,package
11655,objects,items,grocery_shelving,shelving
11656,objects,items,gun holster,holster
11657,objects,items,gym bench,bench
11658,objects,items,gym_machine,machine
11659,objects,items,hair clippers,clipper
11660,objects,items,hair straightener,straightener
11661,objects,items,hallway floor,floor
11662,objects,items,hand_broom,broom
11663,objects,items,hand_file,file
11664,objects,items,handheld medical device,device
11665,objects,items,handheld microphone,microphone
11666,objects,items,handheld ophthalmoscope,ophthalmoscope
11667,objects,items,handheld power tool,tool
11668,objects,items,handheld testing device,device
11669,objects,items,handheld_medical_instrument,instrument
11670,objects,items,hanging pendant lamp,lamp
11671,objects,items,hanging sign,sign
11672,objects,items,hanging_decoration,decoration
11673,objects,items,hanging_display,display
11674,objects,items,hanging_sign,sign
11675,objects,items,hanging_signs,sign
11676,objects,items,hardwood floor,floor
11677,objects,items,hatchback,hatchback
11678,objects,items,hatchback (open hood),hatchback
11679,objects,items,headlamp,headlamp
11680,objects,items,helmet with headlamp,helmet
11681,objects,items,herb bowl,bowl
11682,objects,items,highway_sign,sign
11683,objects,items,hoe,hoe
11684,objects,items,hooded hair dryer,dryer
11685,objects,items,hose connector,connector
11686,objects,items,hose fitting,fitting
11687,objects,items,hose_sprayer,sprayer
11688,objects,items,hoses,hos
11689,objects,items,hosta leaves,leaf
11690,objects,items,hotplate,hotplate
11691,objects,items,ice cream cone,cone
11692,objects,items,ice cream tubs,tub
11693,objects,items,iMac computer,computer
11694,objects,items,imaging machine,machine
11695,objects,items,induction cooktop,cooktop
11696,objects,items,industrial control box,box
11697,objects,items,industrial cylinders,cylinder
11698,objects,items,industrial lights,light
11699,objects,items,industrial machines,machine
11700,objects,items,industrial motor,motor
11701,objects,items,industrial motors,motor
11702,objects,items,industrial_light_fixture,fixture
11703,objects,items,infrared_thermometer,thermometer
11704,objects,items,instrument table,table
11705,objects,items,instrument_table,table
11706,objects,items,irrigation pipe,pipe
11707,objects,items,IV bottle,bottle
11708,objects,items,iv pole,pole
11709,objects,items,jar of eggs,jar
11710,objects,items,jar with beans,jar
11711,objects,items,jars_and_bottles,jar
11712,objects,items,joystick,joystick
11713,objects,items,judge chair,chair
11714,objects,items,juice jugs,jug
11715,objects,items,juice_carton,carton
11716,objects,items,jump starter,starter
11717,objects,items,junction_box,box
11718,objects,items,kitchen_faucet,faucet
11719,objects,items,knitted cloth,cloth
11720,objects,items,lab bottle,bottle
11721,objects,items,lab flask,flask
11722,objects,items,lab funnel,funnel
11723,objects,items,lab hood,hood
11724,objects,items,lab shelf,shelf
11725,objects,items,lab stirrer,stirrer
11726,objects,items,label,label
11727,objects,items,label printer,printer
11728,objects,items,laboratory clamp,clamp
11729,objects,items,laboratory flask,flask
11730,objects,items,laboratory lamp,lamp
11731,objects,items,laboratory shelving,shelving
11732,objects,items,laboratory_pipette,pipette
11733,objects,items,lamp fixture,fixture
11734,objects,items,lanyard badge,badge
11735,objects,items,lanyard id,id
11736,objects,items,laptop computer,computer
11737,objects,items,large blue hose,hose
11738,objects,items,large bottle,bottle
11739,objects,items,large cardboard box,box
11740,objects,items,large circular pipe,pipe
11741,objects,items,large leafy plant,plant
11742,objects,items,large metal mixing bowl,bowl
11743,objects,items,large_windows,window
11744,objects,items,lattice fence,fence
11745,objects,items,laundry (white cloth),laundry
11746,objects,items,laundry basket,basket
11747,objects,items,laundry_card,card
11748,objects,items,lawnmower,lawnmower
11749,objects,items,LED display sign,sign
11750,objects,items,LED route sign,sign
11751,objects,items,lensometer,lensometer
11752,objects,items,light beam,beam
11753,objects,items,light_beam,beam
11754,objects,items,light_bulbs,bulb
11755,objects,items,light_fixtures,fixture
11756,objects,items,light_softbox,softbox
11757,objects,items,lighter,lighter
11758,objects,items,lighting,lighting
11759,objects,items,lighting fixture,fixture
11760,objects,items,lighting_rig,rig
11761,objects,items,lobby chair,chair
11762,objects,items,long-handled tools,tool
11763,objects,items,long gun,gun
11764,objects,items,luggage cart,cart
11765,objects,items,luggage case,case
11766,objects,items,machine cabinets,cabinet
11767,objects,items,machine lathe,lathe
11768,objects,items,machine part,part
11769,objects,items,machine with rollers,machine
11770,objects,items,machine_control_panel,panel
11771,objects,items,machine_fixture,fixture
11772,objects,items,machine_tool,tool
11773,objects,items,machine_tools,tool
11774,objects,items,magnetic stirrer,stirrer
11775,objects,items,magnifier visor,visor
11776,objects,items,male torso bust,bust
11777,objects,items,mannequin (suit),mannequin
11778,objects,items,mannequin_torso,mannequin
11779,objects,items,marble table,table
11780,objects,items,market stall,stall
11781,objects,items,marking tool,tool
11782,objects,items,marquee_lights,light
11783,objects,items,marquee_sign,sign
11784,objects,items,martini glasses,glass
11785,objects,items,mason jar,jar
11786,objects,items,measuring jug,jug
11787,objects,items,measuring pitcher,pitcher
11788,objects,items,measuring stick,stick
11789,objects,items,measuring_rod,rod
11790,objects,items,mechanical_fixture,fixture
11791,objects,items,medals,medal
11792,objects,items,medical basin,basin
11793,objects,items,medical bottle,bottle
11794,objects,items,medical chair,chair
11795,objects,items,medical console,console
11796,objects,items,medical device,device
11797,objects,items,medical sign,sign
11798,objects,items,medical stool,stool
11799,objects,items,medical/dental chair,chair
11800,objects,items,medical_panel,panel
11801,objects,items,medical_vial,vial
11802,objects,items,medication cart,cart
11803,objects,items,medication_vial,vial
11804,objects,items,medicine container,container
11805,objects,items,medicine vial,vial
11806,objects,items,menu_display,display
11807,objects,items,metal barrel,barrel
11808,objects,items,metal block,block
11809,objects,items,metal bollard,bollard
11810,objects,items,metal drum,drum
11811,objects,items,metal elbow,elbow
11812,objects,items,metal elbow pipe,elbow
11813,objects,items,metal faucet,faucet
11814,objects,items,metal handle,handle
11815,objects,items,metal mixing bowls,bowl
11816,objects,items,metal pipe opening,pipe
11817,objects,items,metal pulley,pulley
11818,objects,items,metal scoop,scoop
11819,objects,items,metal shower fitting,fitting
11820,objects,items,metal sprayer,sprayer
11821,objects,items,metal thermos,thermos
11822,objects,items,metal truss roof,roof
11823,objects,items,metal trusses,truss
11824,objects,items,metal urn,urn
11825,objects,items,metal_chuck,chuck
11826,objects,items,metal_clamp,clamp
11827,objects,items,metal_drum,drum
11828,objects,items,metal_frame,frame
11829,objects,items,metal_instrument,instrument
11830,objects,items,metal_shaker,shaker
11831,objects,items,metalworking_machine,machine
11832,objects,items,mic flag,flag
11833,objects,items,microscope-style instrument,instrument
11834,objects,items,military helmet,helmet
11835,objects,items,military_vehicle,vehicle
11836,objects,items,milk_carton,carton
11837,objects,items,milkshake cup,cup
11838,objects,items,mirror lights,light
11839,objects,items,mobile_phone,phone
11840,objects,items,monopod,monopod
11841,objects,items,motor,motor
11842,objects,items,motorbike,motorbike
11843,objects,items,muffin,muffin
11844,objects,items,music_stand,stand
11845,objects,items,name tag,tag
11846,objects,items,name_badge,badge
11847,objects,items,name_tag,tag
11848,objects,items,napkin holder,holder
11849,objects,items,no entry sign,sign
11850,objects,items,notebook_papers,paper
11851,objects,items,notebook_tablet,tablet
11852,objects,items,office door,door
11853,objects,items,office plant,plant
11854,objects,items,office_chairs,chair
11855,objects,items,office_door,door
11856,objects,items,ointment_tube,tube
11857,objects,items,on-camera microphone,microphone
11858,objects,items,operating drape,drape
11859,objects,items,operating lamp,lamp
11860,objects,items,operating lamp arm,arm
11861,objects,items,ophthalmoscope,ophthalmoscope
11862,objects,items,optical fitting device,device
11863,objects,items,optical_exam_device,device
11864,objects,items,optical_instrument,instrument
11865,objects,items,orange armchair,armchair
11866,objects,items,orange bag,bag
11867,objects,items,orange bin,bin
11868,objects,items,orange cable,cable
11869,objects,items,orange carts,cart
11870,objects,items,orange container,container
11871,objects,items,orange door,door
11872,objects,items,orange flowers,flower
11873,objects,items,orange handrail,handrail
11874,objects,items,orange juice,juice
11875,objects,items,orange juice jug,jug
11876,objects,items,orange package,package
11877,objects,items,orange packaged box,box
11878,objects,items,orange waste container,container
11879,objects,items,orange_gloves,glove
11880,objects,items,orange_shopping_bag,bag
11881,objects,items,orange_support_poles,pole
11882,objects,items,orchard,orchard
11883,objects,items,orchard row,row
11884,objects,items,ornamental grass,grass
11885,objects,items,ornate pedestal,pedestal
11886,objects,items,otoscope,otoscope
11887,objects,items,overhead aisle sign,sign
11888,objects,items,overhead beams,beam
11889,objects,items,overhead cabin light,light
11890,objects,items,overhead cabin panel,panel
11891,objects,items,overhead light panel,panel
11892,objects,items,overhead lighting,lighting
11893,objects,items,overhead piping,piping
11894,objects,items,overhead rail,rail
11895,objects,items,overhead red light panel,panel
11896,objects,items,overhead road sign,sign
11897,objects,items,overhead storage bin,bin
11898,objects,items,overhead_crane,crane
11899,objects,items,overhead_dental_light,light
11900,objects,items,overhead_exam_lamp,lamp
11901,objects,items,overhead_fluorescent_light,light
11902,objects,items,overhead_pipes,pipe
11903,objects,items,overhead_piping,piping
11904,objects,items,package box,box
11905,objects,items,packaged bag,bag
11906,objects,items,packaged bottles,bottle
11907,objects,items,packaged cheese,cheese
11908,objects,items,packaged chips,chips
11909,objects,items,packaged food box,box
11910,objects,items,packaged mushrooms,mushroom
11911,objects,items,packaged salad,salad
11912,objects,items,packaged snack,snack
11913,objects,items,packet,packet
11914,objects,items,pallet dolly,dolly
11915,objects,items,pallet_wrapped_load,load
11916,objects,items,palm leaves,leaf
11917,objects,items,palm sander,sander
11918,objects,items,palm_tree,tree
11919,objects,items,paper (drawing),paper
11920,objects,items,paper bags,bag
11921,objects,items,paper food tray,tray
11922,objects,items,paper grocery bag,bag
11923,objects,items,paper list,list
11924,objects,items,paper receipt,receipt
11925,objects,items,paper shopping bag,bag
11926,objects,items,paper tote bag,bag
11927,objects,items,paper/documents,paper
11928,objects,items,paper_document,document
11929,objects,items,paper_envelope,envelope
11930,objects,items,papers (drawings),paper
11931,objects,items,papers_notebook,notebook
11932,objects,items,park fence,fence
11933,objects,items,park_pathway,pathway
11934,objects,items,park_statue,statue
11935,objects,items,parked car,car
11936,objects,items,patrol belt,belt
11937,objects,items,pattern paper,paper
11938,objects,items,pavers,paver
11939,objects,items,pebbles,pebble
11940,objects,items,pencil_jar,jar
11941,objects,items,pendant lights,light
11942,objects,items,pendant_light_bulb,bulb
11943,objects,items,pepper grinder,grinder
11944,objects,items,pews,pew
11945,objects,items,phoropter,phoropter
11946,objects,items,picket fence,fence
11947,objects,items,picture frames,frame
11948,objects,items,pile_of_soil,pile
11949,objects,items,pill counter,counter
11950,objects,items,pilot cap,cap
11951,objects,items,pink flower,flower
11952,objects,items,pint glass,glass
11953,objects,items,pipe valve,valve
11954,objects,items,pit,pit
11955,objects,items,plant leaves,leaf
11956,objects,items,plant mister,mister
11957,objects,items,planter/potted plants,plant
11958,objects,items,plaster sphere,sphere
11959,objects,items,plastic bowl,bowl
11960,objects,items,plastic cup,cup
11961,objects,items,plastic produce bag,bag
11962,objects,items,plastic_shopping_bag,bag
11963,objects,items,plate of fries,plate
11964,objects,items,plate of tomatoes and vegetables,plate
11965,objects,items,plate of vegetables,plate
11966,objects,items,plate with fruit,plate
11967,objects,items,plate_stack,plate
11968,objects,items,platform canopy,canopy
11969,objects,items,platform edge,edge
11970,objects,items,platform_railing,railing
11971,objects,items,playground playset,playset
11972,objects,items,playground structure,structure
11973,objects,items,plexiglass divider,divider
11974,objects,items,plywood board,board
11975,objects,items,plywood sheets,sheet
11976,objects,items,police badge patch,badge
11977,objects,items,police jacket,jacket
11978,objects,items,police shirt,shirt
11979,objects,items,police sign,sign
11980,objects,items,police_cap,cap
11981,objects,items,porch post,post
11982,objects,items,portrait,portrait
11983,objects,items,portrait_painting,painting
11984,objects,items,potted flower,flower
11985,objects,items,potted_plants,plant
11986,objects,items,pottery,pottery
11987,objects,items,power_line_tower,tower
11988,objects,items,prescription bottle,bottle
11989,objects,items,prescription_bottle,bottle
11990,objects,items,press microphone flag,flag
11991,objects,items,pressure gauge,gauge
11992,objects,items,price signs,sign
11993,objects,items,price tags,tag
11994,objects,items,price_labels,label
11995,objects,items,price_tags,tag
11996,objects,items,private car,car
11997,objects,items,probe,probe
11998,objects,items,produce (bananas),banana
11999,objects,items,produce (bell pepper),bell_pepper
12000,objects,items,produce (lettuce),lettuce
12001,objects,items,produce (squash),squash
12002,objects,items,produce (squash/pumpkin),squash
12003,objects,items,"produce (tomatoes, lettuce)",tomato
12004,objects,items,produce bag,bag
12005,objects,items,produce box,box
12006,objects,items,produce boxes,box
12007,objects,items,produce container,container
12008,objects,items,produce_bag,bag
12009,objects,items,produce_basket,basket
12010,objects,items,produce_box,box
12011,objects,items,produce_boxes,box
12012,objects,items,produce_stand,stand
12013,objects,items,product,product
12014,objects,items,product crate,crate
12015,objects,items,product cup,cup
12016,objects,items,product shelf,shelf
12017,objects,items,product_packaging,package
12018,objects,items,projector,projector
12019,objects,items,projector/monitor,projector
12020,objects,items,proofing basket,basket
12021,objects,items,protective vest,vest
12022,objects,items,pulley,pulley
12023,objects,items,pulse oximeter,oximeter
12024,objects,items,pumpkin,pumpkin
12025,objects,items,pylon,pylon
12026,objects,items,queue stanchion,stanchion
12027,objects,items,race_bib,bib
12028,objects,items,radar gun,gun
12029,objects,items,rail_tracks,track
12030,objects,items,range_hood,hood
12031,objects,items,reactor_tube,tube
12032,objects,items,rearview mirror (TAXI sign),mirror
12033,objects,items,rearview monitor,screen
12034,objects,items,reception_desk,desk
12035,objects,items,red armchair,armchair
12036,objects,items,red basin,basin
12037,objects,items,red cable,cable
12038,objects,items,red car,car
12039,objects,items,red carpet,carpet
12040,objects,items,red chairs,chair
12041,objects,items,red column,column
12042,objects,items,red curtains,curtains
12043,objects,items,red dress (mannequin),dress
12044,objects,items,red flowers,flower
12045,objects,items,red folder,folder
12046,objects,items,red hose,hose
12047,objects,items,red jacket,jacket
12048,objects,items,red packaged item,item
12049,objects,items,red plastic basket,basket
12050,objects,items,red reel,reel
12051,objects,items,red seat,seat
12052,objects,items,red seats,seat
12053,objects,items,red shopping bag,bag
12054,objects,items,red stage light,light
12055,objects,items,red SUV,suv
12056,objects,items,red_tumbler,tumbler
12057,objects,items,reflective vest,vest
12058,objects,items,refrigerator doors,door
12059,objects,items,refrigerator/freezer,refrigerator
12060,objects,items,refrigerator_units,unit
12061,objects,items,remote control,control
12062,objects,items,retail shelves,shelf
12063,objects,items,retail_shelving,shelving
12064,objects,items,reusable tote bag,bag
12065,objects,items,rice cooker,cooker
12066,objects,items,rigging,rigging
12067,objects,items,ring light,light
12068,objects,items,road_signs,sign
12069,objects,items,rock pile,pile
12070,objects,items,rock wall,wall
12071,objects,items,rolled insulation,insulation
12072,objects,items,rolling cart,cart
12073,objects,items,rolling stool,stool
12074,objects,items,rolling_stool,stool
12075,objects,items,roof truss,truss
12076,objects,items,roof_trusses,truss
12077,objects,items,rose flowers,flower
12078,objects,items,roses,ros
12079,objects,items,round bread,bread
12080,objects,items,round electrical device,device
12081,objects,items,round mirror,mirror
12082,objects,items,round vent opening,vent
12083,objects,items,round_sign,sign
12084,objects,items,row of trees,tree
12085,objects,items,rows_of_seats,seat
12086,objects,items,rubble,rubble
12087,objects,items,rusted valve,valve
12088,objects,items,safety harness,harness
12089,objects,items,safety strap,strap
12090,objects,items,safety switch,switch
12091,objects,items,salad plate,plate
12092,objects,items,sale sign,sign
12093,objects,items,salon_cape,cape
12094,objects,items,salt shaker,shaker
12095,objects,items,sample bottle,bottle
12096,objects,items,sample packets,packet
12097,objects,items,sandbag walls,wall
12098,objects,items,sandbags,sandbag
12099,objects,items,satellite dish,dish
12100,objects,items,sauce bottle,bottle
12101,objects,items,scba,scba
12102,objects,items,script papers,paper
12103,objects,items,scrub cap,cap
12104,objects,items,sculpted head,head
12105,objects,items,sculpted_head,head
12106,objects,items,sculpting tool,tool
12107,objects,items,sculpture (angel),sculpture
12108,objects,items,sculpture (head),sculpture
12109,objects,items,sculptures,sculpture
12110,objects,items,seating benches,bench
12111,objects,items,seedling plants,seedling
12112,objects,items,self-checkout kiosk,kiosk
12113,objects,items,self_checkout_screen,screen
12114,objects,items,service vehicle,vehicle
12115,objects,items,serving spoon,spoon
12116,objects,items,sewing table,table
12117,objects,items,sheet,sheet
12118,objects,items,shelf of bottles,shelf
12119,objects,items,shelf of packaged food,shelf
12120,objects,items,shelf products,shelf
12121,objects,items,shelf rack,shelf
12122,objects,items,shelf signage,signage
12123,objects,items,shelf with binders,shelf
12124,objects,items,shelf with dishes,shelf
12125,objects,items,shelves with dishes,shelf
12126,objects,items,shelves_with_bottles,shelf
12127,objects,items,shelves_with_folded_clothes,shelf
12128,objects,items,shelving rack,shelving
12129,objects,items,shelving with pottery,shelving
12130,objects,items,shelving with products,shelving
12131,objects,items,shelving_rack,shelving
12132,objects,items,shield,shield
12133,objects,items,shipping trailer,trailer
12134,objects,items,shipping_container,container
12135,objects,items,shoe,shoe
12136,objects,items,shop vacuum,vacuum
12137,objects,items,shopping bags,bag
12138,objects,items,shopping list,list
12139,objects,items,shopping trolley,trolley
12140,objects,items,shotgun,shotgun
12141,objects,items,shoulder_bag,bag
12142,objects,items,shower fixture,fixture
12143,objects,items,shower hose,hose
12144,objects,items,shower valve,valve
12145,objects,items,sign/board,sign
12146,objects,items,signboard,signboard
12147,objects,items,signs,sign
12148,objects,items,sink basin,basin
12149,objects,items,small camera,camera
12150,objects,items,small reagent bottles,bottle
12151,objects,items,small statue,statue
12152,objects,items,small vials,vial
12153,objects,items,small_side_table,table
12154,objects,items,smartwatch,smartwatch
12155,objects,items,snack package,package
12156,objects,items,snack_bag,bag
12157,objects,items,snack_package,package
12158,objects,items,soda box,box
12159,objects,items,soda pack,pack
12160,objects,items,soda_bottle,bottle
12161,objects,items,soda_siphon,siphon
12162,objects,items,soil_mound,mound
12163,objects,items,soldering_torch,torch
12164,objects,items,speakers,speaker
12165,objects,items,spice jar,jar
12166,objects,items,sports_watch,watch
12167,objects,items,spotlight_beam,beam
12168,objects,items,spotlight_beams,beam
12169,objects,items,spray mister,mister
12170,objects,items,stack of wood,stack
12171,objects,items,stack_of_documents,document
12172,objects,items,stacked breads,bread
12173,objects,items,stacked dryers,dryer
12174,objects,items,stacked wood,stack
12175,objects,items,stadium stairs,stairs
12176,objects,items,stadium_field,field
12177,objects,items,stadium_lights,light
12178,objects,items,stage platform,platform
12179,objects,items,stage sign,sign
12180,objects,items,stage spotlight,spotlight
12181,objects,items,stage_floor,floor
12182,objects,items,stage_spotlights,spotlight
12183,objects,items,stained_glass_window,window
12184,objects,items,stainless countertop,countertop
12185,objects,items,stainless pan,pan
12186,objects,items,stainless steel bowl with potatoes,bowl
12187,objects,items,stair railing,railing
12188,objects,items,standing_fan,fan
12189,objects,items,station sign,sign
12190,objects,items,station_platform,platform
12191,objects,items,station_roof,roof
12192,objects,items,steel column,column
12193,objects,items,steel framework,framework
12194,objects,items,stemmed glass,glass
12195,objects,items,stemmed glasses,glass
12196,objects,items,sterile drape,drape
12197,objects,items,stick vacuum,vacuum
12198,objects,items,stirrer,stirrer
12199,objects,items,stone basin fountain,fountain
12200,objects,items,stone brick wall,wall
12201,objects,items,stone fireplace,fireplace
12202,objects,items,stone head sculpture,sculpture
12203,objects,items,stone lump,lump
12204,objects,items,stone paver,paver
12205,objects,items,stone rim,rim
12206,objects,items,stone sphere,sphere
12207,objects,items,stone statue,statue
12208,objects,items,stone tunnel,tunnel
12209,objects,items,stone_block,stone
12210,objects,items,stop_sign,sign
12211,objects,items,storage bin,bin
12212,objects,items,storage bins,bin
12213,objects,items,storage jars,jar
12214,objects,items,storage shelves,shelf
12215,objects,items,storage shelving,shelving
12216,objects,items,storage_box,box
12217,objects,items,storage_trays,tray
12218,objects,items,store shelving with products,shelving
12219,objects,items,store sign,sign
12220,objects,items,store signage,sign
12221,objects,items,store_shelving,shelf
12222,objects,items,stove cooktop,cooktop
12223,objects,items,stovetop_pot,pot
12224,objects,items,straight razor,razor
12225,objects,items,street sign pole,pole
12226,objects,items,street_lamp,lamp
12227,objects,items,street_lamps,lamp
12228,objects,items,street_pole,pole
12229,objects,items,structural columns,column
12230,objects,items,studio_lamp,lamp
12231,objects,items,studio_lights,light
12232,objects,items,sugar jar,jar
12233,objects,items,sugar shaker,shaker
12234,objects,items,suit coat,coat
12235,objects,items,suit_jackets,jacket
12236,objects,items,sump pit,pit
12237,objects,items,supermarket shelf,shelf
12238,objects,items,support columns,column
12239,objects,items,swab,swab
12240,objects,items,table_lamp,lamp
12241,objects,items,tablet computer,tablet
12242,objects,items,tablet on stand,tablet
12243,objects,items,tackling pad,pad
12244,objects,items,tackling_dummies,dummy
12245,objects,items,tall grasses,grass
12246,objects,items,tall iced glass,glass
12247,objects,items,tall plants,plant
12248,objects,items,tape dispenser,dispenser
12249,objects,items,taxi cap,cap
12250,objects,items,taxi hat,hat
12251,objects,items,taxi_roof_sign,sign
12252,objects,items,television screen,screen
12253,objects,items,tents,tent
12254,objects,items,theater chair,chair
12255,objects,items,thread stand,stand
12256,objects,items,thread_container,container
12257,objects,items,ticket_case,case
12258,objects,items,ticket_counter,counter
12259,objects,items,ticket_reader,reader
12260,objects,items,ticket_validator,validator
12261,objects,items,tickets,ticket
12262,objects,items,tile wall,wall
12263,objects,items,toast,toast
12264,objects,items,toilet paper holder,holder
12265,objects,items,tool cart with monitor,cart
12266,objects,items,tool case,case
12267,objects,items,tool post,post
12268,objects,items,tool tray,tray
12269,objects,items,top-load washing machine,washer
12270,objects,items,torch,torch
12271,objects,items,torso sculpture,sculpture
12272,objects,items,touchscreen_register,register
12273,objects,items,tractor truck,truck
12274,objects,items,traffic_cone,cone
12275,objects,items,tree branch,branch
12276,objects,items,trench,trench
12277,objects,items,triangle_ruler,ruler
12278,objects,items,tripod camera,tripod
12279,objects,items,tripod light,tripod
12280,objects,items,tropical plants,plant
12281,objects,items,truck cab interior,cab
12282,objects,items,truck dashboard,dashboard
12283,objects,items,tubing,tubing
12284,objects,items,tumbler,tumbler
12285,objects,items,tumbler glass,glass
12286,objects,items,umbrellas,umbrella
12287,objects,items,uniform hat,hat
12288,objects,items,uniform jacket,jacket
12289,objects,items,utensil container,container
12290,objects,items,utility cart,cart
12291,objects,items,utility vehicle,vehicle
12292,objects,items,valve wheel,wheel
12293,objects,items,vanity mirror with bulbs,mirror
12294,objects,items,vanity_mirror_lights,light
12295,objects,items,vase with flowers,vase
12296,objects,items,vase_with_flowers,vase
12297,objects,items,vehicle seat,seat
12298,objects,items,vehicle window,window
12299,objects,items,veil,veil
12300,objects,items,vending_display,display
12301,objects,items,vent pipe,pipe
12302,objects,items,ventilation hose,hose
12303,objects,items,vines,vine
12304,objects,items,vital_sign_monitor,monitor
12305,objects,items,waiting chairs,chair
12306,objects,items,waiting room chairs,chair
12307,objects,items,walkie_talkie,walkie_talkie
12308,objects,items,wall-mounted medical equipment,equipment
12309,objects,items,wall-mounted monitor,monitor
12310,objects,items,wall-mounted radiator,radiator
12311,objects,items,wall-mounted screen,screen
12312,objects,items,wall-mounted television,television
12313,objects,items,wall fixture,fixture
12314,objects,items,wall handrail,handrail
12315,objects,items,wall lamps,lamp
12316,objects,items,wall lantern,lantern
12317,objects,items,wall medical symbol,symbol
12318,objects,items,wall monitors,monitor
12319,objects,items,wall paneling,paneling
12320,objects,items,wall sconce,sconce
12321,objects,items,wall television,television
12322,objects,items,wall TV,television
12323,objects,items,wall_crest,crest
12324,objects,items,wall_lamp,lamp
12325,objects,items,wall_lantern,lantern
12326,objects,items,wall_screen,screen
12327,objects,items,wall_tv,television
12328,objects,items,warehouse racks,rack
12329,objects,items,warning sign,sign
12330,objects,items,washing_machine,machine
12331,objects,items,water cooler,cooler
12332,objects,items,water heater,heater
12333,objects,items,water jets,jet
12334,objects,items,water pitcher,pitcher
12335,objects,items,water streams,stream
12336,objects,items,water_carafe,carafe
12337,objects,items,water_pitcher,pitcher
12338,objects,items,watering container,container
12339,objects,items,watering cup,cup
12340,objects,items,watering jug,jug
12341,objects,items,watering_can,can
12342,objects,items,watering_nozzle,nozzle
12343,objects,items,watering_sprayer,sprayer
12344,objects,items,watermelon,watermelon
12345,objects,items,wedding arch,arch
12346,objects,items,wedding cake,cake
12347,objects,items,weight plate,plate
12348,objects,items,weight rack,rack
12349,objects,items,welding machine,machine
12350,objects,items,welding rod,rod
12351,objects,items,welding tool,tool
12352,objects,items,wheat,wheat
12353,objects,items,wheat stalks,stalk
12354,objects,items,wheelchair,wheelchair
12355,objects,items,wheels,wheel
12356,objects,items,white cup,cup
12357,objects,items,white picket fence,fence
12358,objects,items,white pitcher,pitcher
12359,objects,items,white pot,pot
12360,objects,items,winch,winch
12361,objects,items,window with fire,window
12362,objects,items,windshield-mounted radio,radio
12363,objects,items,wire_basket,basket
12364,objects,items,wire_shopping_basket,basket
12365,objects,items,wood-paneled wall,wall
12366,objects,items,wood board,board
12367,objects,items,wood chips,chip
12368,objects,items,wood debris,debris
12369,objects,items,wood framing,framing
12370,objects,items,wood panel,panel
12371,objects,items,wood_beams,beam
12372,objects,items,wood_plank,plank
12373,objects,items,wooden building frame,frame
12374,objects,items,wooden cabinet,cabinet
12375,objects,items,wooden cart,cart
12376,objects,items,wooden chopstick,chopstick
12377,objects,items,wooden cutting boards,cutting_board
12378,objects,items,wooden double door,door
12379,objects,items,wooden framework,framework
12380,objects,items,wooden gavel block,gavel
12381,objects,items,wooden ladder,ladder
12382,objects,items,wooden pedestal,pedestal
12383,objects,items,wooden ruler,ruler
12384,objects,items,wooden trellis,trellis
12385,objects,items,wooden_bowl,bowl
12386,objects,items,wooden_box,box
12387,objects,items,wooden_cabinet,cabinet
12388,objects,items,wooden_floor,floor
12389,objects,items,wooden_frame,frame
12390,objects,items,wooden_pedestal,pedestal
12391,objects,items,wooden_rod,rod
12392,objects,items,wooden_stage,stage
12393,objects,items,wooden_wall_paneling,paneling
12394,objects,items,workbench control panel,panel
12395,objects,items,workbench instrument,instrument
12396,objects,items,workpieces,workpiece
12397,objects,items,wrapped_goods,goods
12398,objects,items,wreath,wreath
12399,objects,items,yellow bag,bag
12400,objects,items,yellow bell pepper,bell_pepper
12401,objects,items,yellow cables,cable
12402,objects,items,yellow container,container
12403,objects,items,yellow handrail,handrail
12404,objects,items,yellow plastic bag,bag
12405,objects,items,yellow plastic bin,bin
12406,objects,items,yellow_dog,dog
12407,objects,items,zip-top bag,bag
12408,objects,items,acoustic_guitar,guitar
12409,objects,items,adjustable wrench,wrench
12410,objects,items,adjustment knob,knob
12411,objects,items,advertising sign,sign
12412,objects,items,aiguillette,aiguillette
12413,objects,items,air conditioner,conditioner
12414,objects,items,air tool,tool
12415,objects,items,air vent,vent
12416,objects,items,aisle signs,sign
12417,objects,items,amber pump bottle,bottle
12418,objects,items,amber_bottle,bottle
12419,objects,items,ambulance cabinet,cabinet
12420,objects,items,ambulance doors,door
12421,objects,items,American flag patch,patch
12422,objects,items,american_flag,flag
12423,objects,items,ampoule,ampoule
12424,objects,items,apple branch,branch
12425,objects,items,arched glass ceiling,ceiling
12426,objects,items,armchairs,armchair
12427,objects,items,athletic jersey,jersey
12428,objects,items,aviator goggles,goggles
12429,objects,items,backdrop roll,backdrop
12430,objects,items,background sculpture,sculpture
12431,objects,items,badge emblem,badge
12432,objects,items,badge patch,patch
12433,objects,items,bagged lettuce,lettuce
12434,objects,items,baking shelf,shelf
12435,objects,items,balcony_railing,railing
12436,objects,items,bandana,bandana
12437,objects,items,bar tap,tap
12438,objects,items,barn frame,frame
12439,objects,items,barre,barre
12440,objects,items,barrels,barrel
12441,objects,items,basket of utensils,basket
12442,objects,items,basketball,basketball
12443,objects,items,basketball court,court
12444,objects,items,basketball hoop,hoop
12445,objects,items,basketball jersey,jersey
12446,objects,items,bellows,bellow
12447,objects,items,belt_pouch,pouch
12448,objects,items,bench_grinder,grinder
12449,objects,items,berries,berry
12450,objects,items,beverage cartons,carton
12451,objects,items,bicycle handlebar,handlebar
12452,objects,items,bin,bin
12453,objects,items,black backdrop,backdrop
12454,objects,items,blender,blender
12455,objects,items,blossoms,blossom
12456,objects,items,blue backdrop,backdrop
12457,objects,items,blue emergency light,light
12458,objects,items,blue pipe,pipe
12459,objects,items,blue plastic bucket,bucket
12460,objects,items,blue plastic chair,chair
12461,objects,items,blue_storage_bin,bin
12462,objects,items,blurred greenery,greenery
12463,objects,items,body radio,radio
12464,objects,items,book_stack,stack
12465,objects,items,bottle_with_straw,bottle
12466,objects,items,bowl_of_eggs,bowl
12467,objects,items,box of produce,box
12468,objects,items,boxed_goods,goods
12469,objects,items,bra,bra
12470,objects,items,bra top,bra
12471,objects,items,brake assembly,brake
12472,objects,items,brand logo,logo
12473,objects,items,brick retaining wall,wall
12474,objects,items,broadcast spreader,spreader
12475,objects,items,buckle,buckle
12476,objects,items,building façade,building
12477,objects,items,building overhang,overhang
12478,objects,items,building_facade,facade
12479,objects,items,building_outside,building
12480,objects,items,bundle of grass,grass
12481,objects,items,bundle of grasses,grass
12482,objects,items,bus door,door
12483,objects,items,bus handrail,handrail
12484,objects,items,bus pole,pole
12485,objects,items,bus_seat_or_panel,seat
12486,objects,items,cable coil,coil
12487,objects,items,cable/rod,cable
12488,objects,items,cactus,cactu
12489,objects,items,caliper,caliper
12490,objects,items,camera bag,bag
12491,objects,items,camera body,body
12492,objects,items,camera lens hood,hood
12493,objects,items,camera_like_device,device
12494,objects,items,camera_on_mount,mount
12495,objects,items,canisters,canister
12496,objects,items,canvas frames,frame
12497,objects,items,car interior,interior
12498,objects,items,car seat (headrest),seat
12499,objects,items,car seat headrest,headrest
12500,objects,items,car_roof,roof
12501,objects,items,card_payment_terminal,terminal
12502,objects,items,cardio_machine,machine
12503,objects,items,cargo box,box
12504,objects,items,cargo motorcycle,motorcycle
12505,objects,items,case,case
12506,objects,items,cattail grasses,grass
12507,objects,items,cauldron,cauldron
12508,objects,items,ceiling junction box,box
12509,objects,items,ceramic bowls,bowl
12510,objects,items,ceramic jars,jar
12511,objects,items,ceremonial staff,staff
12512,objects,items,cheese_wheels,cheese
12513,objects,items,cherries,cherry
12514,objects,items,chevron panel,panel
12515,objects,items,chin rest,rest
12516,objects,items,chinrest,chinrest
12517,objects,items,church steeple,steeple
12518,objects,items,circular drain,drain
12519,objects,items,circular hole,hole
12520,objects,items,circular light,light
12521,objects,items,circular opening,opening
12522,objects,items,circular pool,pool
12523,objects,items,circular tunnel opening,opening
12524,objects,items,classical_bust,bust
12525,objects,items,cleaner bottle,bottle
12526,objects,items,cleaning pole,pole
12527,objects,items,cleaning_bucket,bucket
12528,objects,items,clear soda bottle,bottle
12529,objects,items,clinical equipment,equipment
12530,objects,items,cloak,cloak
12531,objects,items,closet,closet
12532,objects,items,clothes rack,rack
12533,objects,items,clothing shelves,shelf
12534,objects,items,clothing_rack,rack
12535,objects,items,clouds,cloud
12536,objects,items,coat_on_hanger,coat
12537,objects,items,Coca-Cola sign,sign
12538,objects,items,cockpit,cockpit
12539,objects,items,coffee jar,jar
12540,objects,items,coffee thermos,thermos
12541,objects,items,coiled cable,cable
12542,objects,items,collared shirt,shirt
12543,objects,items,conduit,conduit
12544,objects,items,construction beams,beam
12545,objects,items,construction_crane,crane
12546,objects,items,control pendant,pendant
12547,objects,items,control switch,switch
12548,objects,items,control_wheel,wheel
12549,objects,items,cookie jar,jar
12550,objects,items,cooking pan,pan
12551,objects,items,cooking utensil,utensil
12552,objects,items,cooking_pans,pan
12553,objects,items,cooktop,cooktop
12554,objects,items,cord,cord
12555,objects,items,corn,corn
12556,objects,items,corn plants,plant
12557,objects,items,corrugated duct,duct
12558,objects,items,cows,cow
12559,objects,items,crane_mast,mast
12560,objects,items,crate of apples,crate
12561,objects,items,crate_of_apples,crate
12562,objects,items,crawler track,track
12563,objects,items,croissant,croissant
12564,objects,items,crop plants,plant
12565,objects,items,crop stalk,stalk
12566,objects,items,crucible_furnace,furnace
12567,objects,items,curved railing,railing
12568,objects,items,cut glass tumbler,tumbler
12569,objects,items,cylindrical container,container
12570,objects,items,dance floor,floor
12571,objects,items,dashboard camera,camera
12572,objects,items,dashboard gauge,gauge
12573,objects,items,dashboard_center_console,console
12574,objects,items,dashcam,dashcam
12575,objects,items,decorative brass ornament,ornament
12576,objects,items,decorative globe,globe
12577,objects,items,decorative medallion,medallion
12578,objects,items,decorative medallions,medallion
12579,objects,items,decorative panel,panel
12580,objects,items,denim overalls,overall
12581,objects,items,dental hook,hook
12582,objects,items,desk bell,bell
12583,objects,items,desk ornament,ornament
12584,objects,items,desk plant,plant
12585,objects,items,desktop analyzer,analyzer
12586,objects,items,desktop_computer,computer
12587,objects,items,digital meter,meter
12588,objects,items,digital_scale,scale
12589,objects,items,directional sign,sign
12590,objects,items,dirt row,row
12591,objects,items,dirt track,track
12592,objects,items,dispenser bottle,bottle
12593,objects,items,display box,box
12594,objects,items,dog harness,harness
12595,objects,items,dog jacket,jacket
12596,objects,items,domed building,building
12597,objects,items,door/dashboard,door
12598,objects,items,double_doors,door
12599,objects,items,dough/loaf,dough
12600,objects,items,drain,drain
12601,objects,items,drainage channel,channel
12602,objects,items,draped cloth,cloth
12603,objects,items,dried plants,plant
12604,objects,items,dried stalks,stalk
12605,objects,items,dried_grasses,grass
12606,objects,items,driver_hat,hat
12607,objects,items,driver_seat_headrest,headrest
12608,objects,items,dropper_bottle,bottle
12609,objects,items,ear muff,ear_muff
12610,objects,items,easel chalkboard sign,sign
12611,objects,items,easel_sign,sign
12612,objects,items,egg basket,basket
12613,objects,items,electric bike,bike
12614,objects,items,electric scooter,scooter
12615,objects,items,electric_motor,motor
12616,objects,items,electrical cabinet,cabinet
12617,objects,items,electrical fixture,fixture
12618,objects,items,electrical tester,tester
12619,objects,items,electricity pylon,pylon
12620,objects,items,electronic instrument,instrument
12621,objects,items,electronic modules,module
12622,objects,items,elliptical,elliptical
12623,objects,items,emergency lights,light
12624,objects,items,entrance door,door
12625,objects,items,equipment,equipment
12626,objects,items,equipment arm,arm
12627,objects,items,equipment pouch,pouch
12628,objects,items,exam bed,bed
12629,objects,items,exam table,table
12630,objects,items,exam_bed,bed
12631,objects,items,examination_lamp,lamp
12632,objects,items,exercise balls,ball
12633,objects,items,external monitor,screen
12634,objects,items,eye_chart,chart
12635,objects,items,eyeglass frames display,display
12636,objects,items,eyeglass rack,rack
12637,objects,items,eyepiece,eyepiece
12638,objects,items,fabric shapes,shape
12639,objects,items,fabric skirt,skirt
12640,objects,items,fabric_leather,leather
12641,objects,items,face visor,visor
12642,objects,items,faceguard,faceguard
12643,objects,items,farm field,field
12644,objects,items,farm machinery,machinery
12645,objects,items,faucet sprayer,sprayer
12646,objects,items,feathers,feather
12647,objects,items,field crops,crop
12648,objects,items,field vegetation,vegetation
12649,objects,items,field_plants,plant
12650,objects,items,file cabinet,cabinet
12651,objects,items,fire jacket,jacket
12652,objects,items,first aid box,box
12653,objects,items,flag_pin,pin
12654,objects,items,flexible hose,hose
12655,objects,items,floor-to-ceiling windows,window
12656,objects,items,floor cloth,cloth
12657,objects,items,floor display sign,sign
12658,objects,items,flower bushes,bush
12659,objects,items,flower cluster,cluster
12660,objects,items,flower_arrangements,arrangement
12661,objects,items,flower_plants,plant
12662,objects,items,flower_vase,vase
12663,objects,items,flowering tree,tree
12664,objects,items,flowering_plants,plant
12665,objects,items,flowerpot,flowerpot
12666,objects,items,flowing fabric,fabric
12667,objects,items,fluorescent ceiling light,light
12668,objects,items,fluorescent_light_fixture,fixture
12669,objects,items,folded napkins,napkin
12670,objects,items,folded towel,towel
12671,objects,items,folded_paper,paper
12672,objects,items,folder stack,folder
12673,objects,items,folding stool,stool
12674,objects,items,food (appetizers),food
12675,objects,items,food cart,cart
12676,objects,items,football_jersey,jersey
12677,objects,items,fountain pump,pump
12678,objects,items,framed_art,art
12679,objects,items,freezer,freezer
12680,objects,items,French doors,door
12681,objects,items,front seats,seat
12682,objects,items,fruit_basket,basket
12683,objects,items,fruit_tree,tree
12684,objects,items,full-figure statue,statue
12685,objects,items,fur cloak,cloak
12686,objects,items,garage lift,lift
12687,objects,items,garbage bag,bag
12688,objects,items,garden bricks,brick
12689,objects,items,garden edger,edger
12690,objects,items,garden flowers,flower
12691,objects,items,garden foliage,foliage
12692,objects,items,garden tool,tool
12693,objects,items,garden trimmer,trimmer
12694,objects,items,garden wall,wall
12695,objects,items,garden_shed,shed
12696,objects,items,garden_structure,structure
12697,objects,items,garment,garment
12698,objects,items,glass elevator,elevator
12699,objects,items,glass jar (eggs),jar
12700,objects,items,glass panels,panel
12701,objects,items,glass vial,vial
12702,objects,items,glass_beaker,beaker
12703,objects,items,glass_of_orange_juice,glass
12704,objects,items,glass_vase,vase
12705,objects,items,grain stalks,stalk
12706,objects,items,grandstand,grandstand
12707,objects,items,grass stalk,stalk
12708,objects,items,gray backdrop,backdrop
12709,objects,items,green apron,apron
12710,objects,items,green can,can
12711,objects,items,green post,post
12712,objects,items,green_backdrop,backdrop
12713,objects,items,green_screen,screen
12714,objects,items,grinding_machine,machine
12715,objects,items,grinding_tool,tool
12716,objects,items,grocery_basket,basket
12717,objects,items,gym structure,structure
12718,objects,items,hair_clippers,clipper
12719,objects,items,hallway sign,sign
12720,objects,items,hand press,press
12721,objects,items,hand_plane,plane
12722,objects,items,handheld lens attachment,attachment
12723,objects,items,handheld light,light
12724,objects,items,handheld meter,meter
12725,objects,items,handheld scope,scope
12726,objects,items,handheld sprayer,sprayer
12727,objects,items,handheld steamer,steamer
12728,objects,items,handheld tester,tester
12729,objects,items,handheld tool,tool
12730,objects,items,handheld work light,light
12731,objects,items,handheld_instrument,instrument
12732,objects,items,handlebar,handlebar
12733,objects,items,hanging cloche,cloche
12734,objects,items,hanging fare sign,sign
12735,objects,items,hanging flower basket,basket
12736,objects,items,hanging light bulb,bulb
12737,objects,items,hanging pendant light,light
12738,objects,items,hanging price tags,tag
12739,objects,items,hat blocks,block
12740,objects,items,hay bale,bale
12741,objects,items,head-mounted loupe,loupe
12742,objects,items,head-mounted optical device,device
12743,objects,items,head-mounted_device,device
12744,objects,items,head loupe,loupe
12745,objects,items,head magnifier,magnifier
12746,objects,items,headband magnifier,magnifier
12747,objects,items,headband medallion,medallion
12748,objects,items,headscarf,headscarf
12749,objects,items,heat_lamps,lamp
12750,objects,items,helmet_mount,mount
12751,objects,items,herb basket,basket
12752,objects,items,hoop earring,earring
12753,objects,items,hot_metal_piece,metal
12754,objects,items,hydrangea flowers,flower
12755,objects,items,iced cake,cake
12756,objects,items,id_badge,badge
12757,objects,items,illuminated display,display
12758,objects,items,industrial control panel,panel
12759,objects,items,industrial pipe,pipe
12760,objects,items,industrial_furnace,furnace
12761,objects,items,inflatable tube,tube
12762,objects,items,instant camera,camera
12763,objects,items,janitor_cart,cart
12764,objects,items,jewelry,jewelry
12765,objects,items,kitchen equipment,equipment
12766,objects,items,knob,knob
12767,objects,items,lab bottles,bottle
12768,objects,items,lab counter,counter
12769,objects,items,laboratory bottle,bottle
12770,objects,items,laboratory dispenser,dispenser
12771,objects,items,laboratory tubing,tubing
12772,objects,items,lace bra,bra
12773,objects,items,lamp_posts,post
12774,objects,items,lanyard ID,id
12775,objects,items,lanyard with badge,lanyard
12776,objects,items,large corrugated pipe,pipe
12777,objects,items,latex glove,glove
12778,objects,items,lathe_chuck,chuck
12779,objects,items,laundry bag stand,stand
12780,objects,items,lavender,lavender
12781,objects,items,lawn chair,chair
12782,objects,items,leaf blower,blower
12783,objects,items,leafy vegetables,vegetable
12784,objects,items,leather strap,strap
12785,objects,items,leather_apron,apron
12786,objects,items,leather_case,case
12787,objects,items,leather_jacket,jacket
12788,objects,items,LED panel,panel
12789,objects,items,LED string lights,light
12790,objects,items,lid,lid
12791,objects,items,life vest,vest
12792,objects,items,light (softbox),light
12793,objects,items,light beams,beam
12794,objects,items,light flag,flag
12795,objects,items,light flare,flare
12796,objects,items,light panels,panel
12797,objects,items,light_strip,strip
12798,objects,items,lighted backdrop,backdrop
12799,objects,items,lighting_fixture,fixture
12800,objects,items,lingerie,lingerie
12801,objects,items,litter picker,picker
12802,objects,items,loader,loader
12803,objects,items,locker,locker
12804,objects,items,long_gun,gun
12805,objects,items,loupe,loupe
12806,objects,items,low concrete wall,wall
12807,objects,items,machine motor,motor
12808,objects,items,machine pulley,pulley
12809,objects,items,magnifier,magnifier
12810,objects,items,magnifying glass,glass
12811,objects,items,magnifying lamp,lamp
12812,objects,items,male sculpture,sculpture
12813,objects,items,manhole cover,cover
12814,objects,items,mannequin torso,mannequin
12815,objects,items,marble columns,column
12816,objects,items,marble countertop,countertop
12817,objects,items,mason jars,jar
12818,objects,items,massage gun,gun
12819,objects,items,measuring wheel,wheel
12820,objects,items,medical building sign,sign
12821,objects,items,medical chart,chart
12822,objects,items,medical curtain,curtain
12823,objects,items,medical emblem decal,decal
12824,objects,items,medical equipment cart,cart
12825,objects,items,medical helmet,helmet
12826,objects,items,medical kit,kit
12827,objects,items,medical light,light
12828,objects,items,medical machine,machine
12829,objects,items,medical panel,panel
12830,objects,items,medical_bag,bag
12831,objects,items,medication_boxes,box
12832,objects,items,medicine ball,ball
12833,objects,items,menu stand,stand
12834,objects,items,menu/utensil holder,holder
12835,objects,items,metal bowl with flour,bowl
12836,objects,items,metal bowl with greens,bowl
12837,objects,items,metal box,box
12838,objects,items,metal cable,cable
12839,objects,items,metal canopy,canopy
12840,objects,items,metal chair,chair
12841,objects,items,metal component,component
12842,objects,items,metal countertop/sink,countertop
12843,objects,items,metal covers,cover
12844,objects,items,metal display stand,stand
12845,objects,items,metal drain cover,cover
12846,objects,items,metal equipment,equipment
12847,objects,items,metal file,file
12848,objects,items,metal gears,gear
12849,objects,items,metal medallion,medallion
12850,objects,items,metal ornaments,ornament
12851,objects,items,metal pry bar,bar
12852,objects,items,metal scaffold,scaffold
12853,objects,items,metal scaffolding,scaffold
12854,objects,items,metal sculpture,sculpture
12855,objects,items,metal tool,tool
12856,objects,items,metal truss,truss
12857,objects,items,metal valve,valve
12858,objects,items,metal work table,table
12859,objects,items,metal_bar,bar
12860,objects,items,metal_basket,basket
12861,objects,items,metal_bowls,bowl
12862,objects,items,metal_nut,nut
12863,objects,items,metal_piece,piece
12864,objects,items,metal_pipe_valve,valve
12865,objects,items,metal_poker,poker
12866,objects,items,metal_press,press
12867,objects,items,metal_rod/tongs,rod
12868,objects,items,metal_structure,structure
12869,objects,items,metal_workbench,workbench
12870,objects,items,microphone mount,mount
12871,objects,items,military jacket,jacket
12872,objects,items,mixing spoon,spoon
12873,objects,items,mixing_glass,glass
12874,objects,items,mobile_device,device
12875,objects,items,mobility scooter,scooter
12876,objects,items,molds,mold
12877,objects,items,monitor stand,stand
12878,objects,items,monocular,monocular
12879,objects,items,mop pole,pole
12880,objects,items,mounting post,post
12881,objects,items,muddy water,water
12882,objects,items,mug and notebook,mug
12883,objects,items,multi-cooker,cooker
12884,objects,items,nail,nail
12885,objects,items,nail gun,gun
12886,objects,items,napkins,napkin
12887,objects,items,neck_scarf,scarf
12888,objects,items,necklace pendant,pendant
12889,objects,items,nose_ring,ring
12890,objects,items,ocular attachment,attachment
12891,objects,items,oil_container,container
12892,objects,items,open door,door
12893,objects,items,operating_lamp_arm,arm
12894,objects,items,ophthalmic arm,arm
12895,objects,items,ophthalmic device,device
12896,objects,items,ophthalmic microscope,microscope
12897,objects,items,optical device,device
12898,objects,items,optical loupe,loupe
12899,objects,items,optical testing device,device
12900,objects,items,orange cargo container,container
12901,objects,items,orange mop bucket,bucket
12902,objects,items,orange_bucket,bucket
12903,objects,items,orange_juice,juice
12904,objects,items,order ticket holder,holder
12905,objects,items,ornamental chest piece,piece
12906,objects,items,ornamental metal object,object
12907,objects,items,over-ear_headset,headset
12908,objects,items,overhead light fixture,light
12909,objects,items,overhead light fixtures,fixture
12910,objects,items,overhead metal structure,structure
12911,objects,items,overhead pole,pole
12912,objects,items,overhead power lines,line
12913,objects,items,overhead vent,vent
12914,objects,items,overhead_beam,beam
12915,objects,items,overhead_console,console
12916,objects,items,overhead_dental_lamp,lamp
12917,objects,items,overhead_road_sign,sign
12918,objects,items,packaged bags,bag
12919,objects,items,packaged_beverages,beverage
12920,objects,items,packaged_foods,food
12921,objects,items,paint bucket,bucket
12922,objects,items,paint_cans,can
12923,objects,items,pamphlets,pamphlet
12924,objects,items,panel,panel
12925,objects,items,paper booklet,booklet
12926,objects,items,park bollard,bollard
12927,objects,items,parking garage columns,column
12928,objects,items,pasta,pasta
12929,objects,items,patch,patch
12930,objects,items,patch of sunlight,patch
12931,objects,items,patrol vehicle,vehicle
12932,objects,items,patrol_car,car
12933,objects,items,pearl earrings,earring
12934,objects,items,peeler,peeler
12935,objects,items,pegboard with tools,pegboard
12936,objects,items,pencil jar,jar
12937,objects,items,pendant,pendant
12938,objects,items,pie,pie
12939,objects,items,pilot hat,hat
12940,objects,items,pilot helmet,helmet
12941,objects,items,pilot_helmet,helmet
12942,objects,items,pin,pin
12943,objects,items,plant stalks,stalk
12944,objects,items,plaster_sculpture_on_pedestal,sculpture
12945,objects,items,plastic box,box
12946,objects,items,plastic pipe,pipe
12947,objects,items,plastic water bottle,bottle
12948,objects,items,plastic_crate,crate
12949,objects,items,plate of pasta,plate
12950,objects,items,plate of tomatoes,plate
12951,objects,items,plate stack,plate
12952,objects,items,plate_of_pancakes,plate
12953,objects,items,platform_seats,seat
12954,objects,items,playground_playset,playset
12955,objects,items,pocket watch,watch
12956,objects,items,point-of-sale monitor,screen
12957,objects,items,police baton,baton
12958,objects,items,police helmet,helmet
12959,objects,items,police shoulder patch,patch
12960,objects,items,police uniform jacket,jacket
12961,objects,items,police_light,light
12962,objects,items,police_light_bar,light
12963,objects,items,police_uniform,uniform
12964,objects,items,potted_topiary,topiary
12965,objects,items,power drill press,drill
12966,objects,items,price labels,label
12967,objects,items,product bottles/jars,bottle
12968,objects,items,product_container,container
12969,objects,items,product_package,package
12970,objects,items,product_shelves,shelf
12971,objects,items,protective coat,coat
12972,objects,items,protective_goggles,goggle
12973,objects,items,purple sphere,sphere
12974,objects,items,race track barrier,barrier
12975,objects,items,radio (walkie-talkie),radio
12976,objects,items,radio device,radio
12977,objects,items,rail track,track
12978,objects,items,raised platform,platform
12979,objects,items,rebar coil,rebar
12980,objects,items,reception_counter,counter
12981,objects,items,red apron,apron
12982,objects,items,red banner,banner
12983,objects,items,red basket/packaging,basket
12984,objects,items,red bowl,bowl
12985,objects,items,red buckets,bucket
12986,objects,items,red can,can
12987,objects,items,red cross sign,sign
12988,objects,items,red fruit,fruit
12989,objects,items,red lantern,lantern
12990,objects,items,red pepper,pepper
12991,objects,items,red scarf,scarf
12992,objects,items,red sign,sign
12993,objects,items,red tank,tank
12994,objects,items,red valve,valve
12995,objects,items,red_bag,bag
12996,objects,items,red_plastic_bin,bin
12997,objects,items,reeds,reed
12998,objects,items,reel,reel
12999,objects,items,refrigerated cooler,cooler
13000,objects,items,refrigerated_units,unit
13001,objects,items,refrigerator cases,case
13002,objects,items,refrigerator_display,display
13003,objects,items,relief,relief
13004,objects,items,respirator mask,mask
13005,objects,items,ring binders,binder
13006,objects,items,riot shield,shield
13007,objects,items,robot head,head
13008,objects,items,rocks glass,glass
13009,objects,items,rolled paper,paper
13010,objects,items,rolled papers,paper
13011,objects,items,roller blind,blind
13012,objects,items,rolling cabinet,cabinet
13013,objects,items,rolling_cart,cart
13014,objects,items,rolling_pins,pin
13015,objects,items,rope coil,rope
13016,objects,items,rope/cord necklace,necklace
13017,objects,items,rose bush,bush
13018,objects,items,rotary machine,machine
13019,objects,items,round drainage basin,basin
13020,objects,items,round lamp,lamp
13021,objects,items,round light,light
13022,objects,items,round ottoman,ottoman
13023,objects,items,round sign,sign
13024,objects,items,round wooden coffee table,table
13025,objects,items,round_mirror,mirror
13026,objects,items,row cover,cover
13027,objects,items,running_shorts,shorts
13028,objects,items,rusty metal plates,plate
13029,objects,items,safety earmuffs,earmuff
13030,objects,items,safety_harness,harness
13031,objects,items,sale_sign,sign
13032,objects,items,salon lights,light
13033,objects,items,SCBA backpack,backpack
13034,objects,items,scepter,scepter
13035,objects,items,scope,scope
13036,objects,items,scraper brush,brush
13037,objects,items,sculpture (bust),sculpture
13038,objects,items,sculpture_head,sculpture
13039,objects,items,seat belt,belt
13040,objects,items,seat/backrest,seat
13041,objects,items,self-checkout touchscreen,touchscreen
13042,objects,items,self-checkout_kiosk,kiosk
13043,objects,items,sensor,sensor
13044,objects,items,serving pans,pan
13045,objects,items,serving utensils,utensil
13046,objects,items,sewing_machine,machine
13047,objects,items,shallow stream,stream
13048,objects,items,sheaf,sheaf
13049,objects,items,sheer veil,veil
13050,objects,items,shelf labels,label
13051,objects,items,shelf with plates,shelf
13052,objects,items,shelf_of_groceries,shelf
13053,objects,items,shelves with busts,shelf
13054,objects,items,shelves with products,shelf
13055,objects,items,shelving with folded clothes,shelf
13056,objects,items,shelving_unit,shelf
13057,objects,items,sheriff_hat,hat
13058,objects,items,shopping_cart_handle,handle
13059,objects,items,shotgun microphone,microphone
13060,objects,items,shoulder_harness,harness
13061,objects,items,shoulder_pads,pad
13062,objects,items,shower,shower
13063,objects,items,sill,sill
13064,objects,items,siphon,siphon
13065,objects,items,skateboard ramp,ramp
13066,objects,items,skylight opening,skylight
13067,objects,items,skylight roof,skylight
13068,objects,items,skylight_window,skylight
13069,objects,items,sleeveless jersey,jersey
13070,objects,items,slicer,slicer
13071,objects,items,sliding_corridor_doors,door
13072,objects,items,sling bag,bag
13073,objects,items,small bottles,bottle
13074,objects,items,small key,key
13075,objects,items,small_house,house
13076,objects,items,smoke_detector,detector
13077,objects,items,smoothie,smoothie
13078,objects,items,snack_box,box
13079,objects,items,soap bubble,bubble
13080,objects,items,soap_bottle,bottle
13081,objects,items,soap_bottles,bottle
13082,objects,items,soil/mulch,soil
13083,objects,items,soldering tool,tool
13084,objects,items,sorghum plants,plant
13085,objects,items,spear,spear
13086,objects,items,speed limit sign,sign
13087,objects,items,spool_of_thread,spool
13088,objects,items,sports_jersey,jersey
13089,objects,items,spotting scope,scope
13090,objects,items,squeeze bottles,bottle
13091,objects,items,stack of files,file
13092,objects,items,stack of napkins,napkin
13093,objects,items,stack_of_paper,paper
13094,objects,items,stacked files,file
13095,objects,items,stacked panels,panel
13096,objects,items,stacked planks,plank
13097,objects,items,stacked_books,book
13098,objects,items,stacked_logs,log
13099,objects,items,stadium field,field
13100,objects,items,stadium grandstand,grandstand
13101,objects,items,stadium light pole,pole
13102,objects,items,stadium structure,structure
13103,objects,items,stadium_roof,roof
13104,objects,items,stage lamp,lamp
13105,objects,items,stage light beam,beam
13106,objects,items,stage lighting,lighting
13107,objects,items,stainless-steel counter,counter
13108,objects,items,star badge,badge
13109,objects,items,starting blocks,block
13110,objects,items,station_structure,structure
13111,objects,items,steaming bowl,bowl
13112,objects,items,steel_frame_structure,structure
13113,objects,items,stetson hat,hat
13114,objects,items,sticks,stick
13115,objects,items,stirrer_holder,holder
13116,objects,items,stirring spoon,spoon
13117,objects,items,stone bricks,brick
13118,objects,items,stone columns,column
13119,objects,items,stone retaining wall,wall
13120,objects,items,stone ring,ring
13121,objects,items,stone structure,structure
13122,objects,items,stone well,well
13123,objects,items,stone_bust,bust
13124,objects,items,stone_wall,stone
13125,objects,items,stones,stone
13126,objects,items,storage box,box
13127,objects,items,storage cabinets,cabinet
13128,objects,items,store_products,product
13129,objects,items,store_signage,sign
13130,objects,items,stove/oven,stove
13131,objects,items,strap harness,harness
13132,objects,items,strength_machine,machine
13133,objects,items,string trimmer,trimmer
13134,objects,items,striped barrier,barrier
13135,objects,items,studio speaker,speaker
13136,objects,items,studio tripod light,light
13137,objects,items,sunlight patch,sunlight
13138,objects,items,sunroof,sunroof
13139,objects,items,sunset,sunset
13140,objects,items,support pole,pole
13141,objects,items,support_column,column
13142,objects,items,support_columns,column
13143,objects,items,surgical,surgical
13144,objects,items,surgical face mask,mask
13145,objects,items,surgical table,table
13146,objects,items,surgical_loupe,loupe
13147,objects,items,survey instrument,instrument
13148,objects,items,suspenders,suspender
13149,objects,items,switch plate,plate
13150,objects,items,swivel chair,chair
13151,objects,items,table tap,tap
13152,objects,items,table with floral arrangement,table
13153,objects,items,tablet register,register
13154,objects,items,tall grass,grass
13155,objects,items,tall_grass,grass
13156,objects,items,tank_top,top
13157,objects,items,task lamp,lamp
13158,objects,items,team crest,crest
13159,objects,items,telescope,telescope
13160,objects,items,theater chairs,chair
13161,objects,items,theatrical_lighting_fixtures,fixture
13162,objects,items,theodolite,theodolite
13163,objects,items,thread_spool,spool
13164,objects,items,toaster,toaster
13165,objects,items,tool cup,cup
13166,objects,items,tool handle,handle
13167,objects,items,tool handles,handle
13168,objects,items,tool_bag,bag
13169,objects,items,tooling equipment,equipment
13170,objects,items,touchscreen_terminal,terminal
13171,objects,items,tower,tower
13172,objects,items,traffic barrier,barrier
13173,objects,items,train platform,platform
13174,objects,items,trash picker,picker
13175,objects,items,trash_picker_pole,pole
13176,objects,items,tray of fruit,tray
13177,objects,items,tray of orange vegetables,tray
13178,objects,items,trench coat,coat
13179,objects,items,truck cabin,cabin
13180,objects,items,truck_door,door
13181,objects,items,tub,tub
13182,objects,items,tube,tube
13183,objects,items,tulip,tulip
13184,objects,items,tulips,tulip
13185,objects,items,tunic,tunic
13186,objects,items,tunnel opening,opening
13187,objects,items,tunnel structure,structure
13188,objects,items,turtleneck sweater,sweater
13189,objects,items,turtleneck_sweater,sweater
13190,objects,items,uniform_jacket,jacket
13191,objects,items,unknown_light_source,source
13192,objects,items,utensil cup,cup
13193,objects,items,utensil_jars,jar
13194,objects,items,vacuum nozzle,nozzle
13195,objects,items,vacuum_nozzle,nozzle
13196,objects,items,vehicle_window,window
13197,objects,items,video_camera,camera
13198,objects,items,waistcoat,waistcoat
13199,objects,items,walking_stick,stick
13200,objects,items,wall dispenser,dispenser
13201,objects,items,wall mirror,mirror
13202,objects,items,wall outlet,outlet
13203,objects,items,wall shelf,shelf
13204,objects,items,wall_device,device
13205,objects,items,wall_light,light
13206,objects,items,wall_sconce_light,light
13207,objects,items,wall_sign,sign
13208,objects,items,wall_tiles,tile
13209,objects,items,wardrobe,wardrobe
13210,objects,items,water channel,channel
13211,objects,items,water pool,pool
13212,objects,items,weight_rack,rack
13213,objects,items,welding_torch,torch
13214,objects,items,well,well
13215,objects,items,well opening,opening
13216,objects,items,wheat plants,plant
13217,objects,items,wheat sheaf,sheaf
13218,objects,items,white chair,chair
13219,objects,items,white pump bottle,bottle
13220,objects,items,wide-brim hat,hat
13221,objects,items,window device,device
13222,objects,items,window light,light
13223,objects,items,window shadow,shadow
13224,objects,items,window wall,wall
13225,objects,items,window_blind,blind
13226,objects,items,wire brush,brush
13227,objects,items,wood shavings,shaving
13228,objects,items,wooden balcony,balcony
13229,objects,items,wooden bar counter,counter
13230,objects,items,wooden bowls,bowl
13231,objects,items,wooden boxes,box
13232,objects,items,wooden cabinets,cabinet
13233,objects,items,wooden canopy,canopy
13234,objects,items,wooden cup,cup
13235,objects,items,wooden finial,finial
13236,objects,items,wooden formwork,formwork
13237,objects,items,wooden honey dipper,dipper
13238,objects,items,wooden panels,panel
13239,objects,items,wooden podium,podium
13240,objects,items,wooden scoop,scoop
13241,objects,items,wooden side table,table
13242,objects,items,wooden speaker,speaker
13243,objects,items,wooden spoons,spoon
13244,objects,items,wooden stand,stand
13245,objects,items,wooden sticks,stick
13246,objects,items,wooden stump,stump
13247,objects,items,wooden window frame,frame
13248,objects,items,wooden_barrier,barrier
13249,objects,items,wooden_beams,beam
13250,objects,items,wooden_cutting_boards,cutting_board
13251,objects,items,wooden_drawer,drawer
13252,objects,items,wooden_kiosk,kiosk
13253,objects,items,wooden_lectern,lectern
13254,objects,items,wooden_paddle,paddle
13255,objects,items,wooden_pew,pew
13256,objects,items,wooden_podium,podium
13257,objects,items,wooden_pole,pole
13258,objects,items,wooden_utensils,utensil
13259,objects,items,wooden_wall_panel,panel
13260,objects,items,woodworking_tool,tool
13261,objects,items,work jacket,jacket
13262,objects,items,work overalls,overall
13263,objects,items,work_jacket,jacket
13264,objects,items,work_light,light
13265,objects,items,workstation,workstation
13266,objects,items,wrap skirt,skirt
13267,objects,items,wrapped bale,bale
13268,objects,items,wristband,wristband
13269,objects,items,yellow bins,bin
13270,objects,items,yellow cable,cable
13271,objects,items,yellow crates,crate
13272,objects,items,yellow packaged product,product
13273,objects,items,yellow peppers,pepper
13274,objects,items,yellow pole,pole
13275,objects,items,yellow sign,sign
13276,objects,items,yellow_bin,bin
13277,objects,items,yellow_boxes,box
13278,objects,items,yellow_crate,crate
13279,people,activities,addressing press,press
13280,people,activities,adjusting frame,frame
13281,people,activities,adjusting roller,roller
13282,people,activities,adjusting stethoscope,stethoscope
13283,people,activities,analyzing reports,report
13284,people,activities,analyzing_charts,chart
13285,people,activities,applying liquid,liquid
13286,people,activities,applying solution,solution
13287,people,activities,asking question,question
13288,people,activities,assembling cookies,cookie
13289,people,activities,assisting IV,iv
13290,people,activities,bagging fruit,fruit
13291,people,activities,being interviewed,interview
13292,people,activities,being_treated,treatment
13293,people,activities,carrying blueprints,blueprint
13294,people,activities,carrying_tray,carrying
13295,people,activities,checking_inventory,checking
13296,people,activities,choosing fruit,fruit
13297,people,activities,creating sparks,spark
13298,people,activities,drawing blood,drawing
13299,people,activities,examining microscope,microscope
13300,people,activities,examining package,package
13301,people,activities,examining peppers,pepper
13302,people,activities,examining slide,slide
13303,people,activities,examining_chest,chest
13304,people,activities,examining_eye,examining
13305,people,activities,eye test,eye
13306,people,activities,filing papers,paper
13307,people,activities,filling_forms,form
13308,people,activities,fitting_glasses,glasses
13309,people,activities,fixing pipe,pipe
13310,people,activities,grabbing_jar,grabbing
13311,people,activities,hair being styled,hair
13312,people,activities,hand terminal,terminal
13313,people,activities,handing terminal,terminal
13314,people,activities,handing_paper,paper
13315,people,activities,handling component,component
13316,people,activities,handling folder,folder
13317,people,activities,handling shelf,shelf
13318,people,activities,hold tablet,tablet
13319,people,activities,hold terminal,terminal
13320,people,activities,holding bagged produce,produce
13321,people,activities,holding coffee,coffee
13322,people,activities,holding fish,fish
13323,people,activities,holding grapes,grape
13324,people,activities,holding heated metal,metal
13325,people,activities,holding label,label
13326,people,activities,holding materials,material
13327,people,activities,holding medicine,medicine
13328,people,activities,holding orange,orange
13329,people,activities,holding packaged fruit,fruit
13330,people,activities,holding packaged greens,greens
13331,people,activities,holding packaged peppers,pepper
13332,people,activities,holding packaged produce,produce
13333,people,activities,holding packaged vegetables,vegetable
13334,people,activities,holding salad,salad
13335,people,activities,holding styling tool,tool
13336,people,activities,holding watch,watch
13337,people,activities,holding_apple,apple
13338,people,activities,holding_grapes,grape
13339,people,activities,holding_handpiece,handpiece
13340,people,activities,holding_salad,salad
13341,people,activities,holding_tomato,tomato
13342,people,activities,inspect plumbing,plumbing
13343,people,activities,inspecting brush,brush
13344,people,activities,inspecting fish,fish
13345,people,activities,lecturing,lecturing
13346,people,activities,listening chest,chest
13347,people,activities,marching,marching
13348,people,activities,marking drawing,drawing
13349,people,activities,mixing liquid,liquid
13350,people,activities,observing work,work
13351,people,activities,offering handshake,handshake
13352,people,activities,open_mouth,mouth
13353,people,activities,opening cap,cap
13354,people,activities,opening_truck,truck
13355,people,activities,organizing equipment,equipment
13356,people,activities,painting bust,bust
13357,people,activities,pay,pay
13358,people,activities,photographing shelf,shelf
13359,people,activities,picking_fruit,fruit
13360,people,activities,picking_produce,produce
13361,people,activities,placing drink,drink
13362,people,activities,placing flower,flower
13363,people,activities,placing food,food
13364,people,activities,placing menu,menu
13365,people,activities,placing part,part
13366,people,activities,placing seeds,seed
13367,people,activities,placing slide,slide
13368,people,activities,planting flowers,flower
13369,people,activities,planting seeds,seed
13370,people,activities,playing_pc,pc
13371,people,activities,pouring milk,milk
13372,people,activities,preparing IV,iv
13373,people,activities,presenting medicine,medicine
13374,people,activities,process payment,payment
13375,people,activities,questioning,questioning
13376,people,activities,reading_note,note
13377,people,activities,receiving blood draw,blood
13378,people,activities,repair_sink,sink
13379,people,activities,repairing_car,car
13380,people,activities,selecting board,board
13381,people,activities,selecting fish,fish
13382,people,activities,selecting groceries,grocery
13383,people,activities,selecting jar,jar
13384,people,activities,selecting juice,juice
13385,people,activities,selecting_tomato,tomato
13386,people,activities,serving table,table
13387,people,activities,shaking_hands,hand
13388,people,activities,shaping blade,blade
13389,people,activities,stacking envelopes,envelope
13390,people,activities,stirring bucket,bucket
13391,people,activities,stone_carving,stone
13392,people,activities,straightening hair,hair
13393,people,activities,suction,suction
13394,people,activities,throat exam,throat
13395,people,activities,tighten pipe,pipe
13396,people,activities,tool adjustment,tool
13397,people,activities,turning metal,metal
13398,people,activities,undergoing_eye_test,eye_test
13399,people,activities,using dental tools,dental_tool
13400,people,activities,using handpiece,handpiece
13401,people,activities,viewing microscope,microscope
13402,people,activities,wearing frame,frame
13403,people,activities,wearing trial frame,frame
13404,people,activities,working on mouth,mouth
13405,people,activities,working on wires,wire
13406,people,activities,adjusting clapper,clapper
13407,people,activities,adjusting fitting,fitting
13408,people,activities,adjusting phoropter,phoropter
13409,people,activities,adjusting stove,stove
13410,people,activities,adjusting throttle,throttle
13411,people,activities,adjusting vice,vice
13412,people,activities,adjusting_fabric,fabric
13413,people,activities,adjusting_fastener,fastener
13414,people,activities,arranging food,food
13415,people,activities,assembling sandwich,sandwich
13416,people,activities,at podium,podium
13417,people,activities,at sink,sink
13418,people,activities,average,average
13419,people,activities,being_cut,cut
13420,people,activities,black,black
13421,people,activities,buttoning jacket,jacket
13422,people,activities,carrying bowl,bowl
13423,people,activities,carrying cup,cup
13424,people,activities,carrying hay,hay
13425,people,activities,checking measurements,measurement
13426,people,activities,checking prescription,prescription
13427,people,activities,checking stock,stock
13428,people,activities,checking_monitor,screen
13429,people,activities,chiseling wood,chiseling
13430,people,activities,chopping herbs,chopping
13431,people,activities,clenching fists,fist
13432,people,activities,clicking,clicking
13433,people,activities,clothing_color,clothing
13434,people,activities,clothing_garment,clothing
13435,people,activities,color selection,color
13436,people,activities,computer use,computer
13437,people,activities,computer work,computer
13438,people,activities,conducting,conducting
13439,people,activities,connecting device,device
13440,people,activities,cutting fish,cutting
13441,people,activities,cutting plants,cutting
13442,people,activities,cutting_fabric,cutting
13443,people,activities,digging soil,digging
13444,people,activities,directing train,directing
13445,people,activities,document review,document
13446,people,activities,examining fish,examining
13447,people,activities,examining_shelf,examining
13448,people,activities,feeding fabric,feeding
13449,people,activities,folding hands,hand
13450,people,activities,forward,forward
13451,people,activities,gray,gray
13452,people,activities,handing receipt,handing
13453,people,activities,handling tomato,handling
13454,people,activities,handling tripod,handling
13455,people,activities,handling_garment,handling
13456,people,activities,handling_machine,handling
13457,people,activities,handling_papers,paper
13458,people,activities,hands on folder,folder
13459,people,activities,hands on papers,paper
13460,people,activities,having_haircut,haircut
13461,people,activities,hoeing,hoeing
13462,people,activities,holding graduated cylinder,cylinder
13463,people,activities,holding handlebars,handlebar
13464,people,activities,holding magnifier,magnifier
13465,people,activities,holding optical frame,frame
13466,people,activities,holding phoropter,phoropter
13467,people,activities,holding planer,planer
13468,people,activities,holding polearm,polearm
13469,people,activities,holding produce bag,bag
13470,people,activities,holding saucer,saucer
13471,people,activities,holding sheaf,sheaf
13472,people,activities,holding slate,slate
13473,people,activities,holding sunglasses,sunglasses
13474,people,activities,holding table,table
13475,people,activities,holding_file,file
13476,people,activities,holding_note,note
13477,people,activities,inspecting aisles,aisle
13478,people,activities,inspecting apples,apple
13479,people,activities,inspecting board,board
13480,people,activities,inspecting cloth,cloth
13481,people,activities,inspecting leaves,leaf
13482,people,activities,inspecting lettuce,lettuce
13483,people,activities,installing device,device
13484,people,activities,"jacket,",jacket
13485,people,activities,light,light
13486,people,activities,looking at books,book
13487,people,activities,looking at microscope,microscope
13488,people,activities,looking through,looking
13489,people,activities,looking_into_microscope,microscope
13490,people,activities,looking_shelves,looking
13491,people,activities,making list,list
13492,people,activities,male,male
13493,people,activities,manipulating tools,tool
13494,people,activities,marking metal,metal
13495,people,activities,marking paper,paper
13496,people,activities,microscope use,microscope
13497,people,activities,mixing_paint,paint
13498,people,activities,monitoring_instruments,instrument
13499,people,activities,mouse_control,mouse
13500,people,activities,moving dirt,dirt
13501,people,activities,moving soil,soil
13502,people,activities,neutral,neutral
13503,people,activities,no,no
13504,people,activities,"none,",none
13505,people,activities,observing desk,desk
13506,people,activities,observing_samples,sample
13507,people,activities,on pointe,pointe
13508,people,activities,open mouth,mouth
13509,people,activities,operating bucket,bucket
13510,people,activities,operating hydrant,hydrant
13511,people,activities,operating laptop,laptop
13512,people,activities,operating mill,mill
13513,people,activities,operating roller,roller
13514,people,activities,operating_throttle,throttle
13515,people,activities,"pants,",pants
13516,people,activities,paper handling,paper
13517,people,activities,pinning_fabric,fabric
13518,people,activities,placing fish,fish
13519,people,activities,placing lid,lid
13520,people,activities,placing tools,tool
13521,people,activities,pouring beer,beer
13522,people,activities,preparing salad,salad
13523,people,activities,pressing wood,wood
13524,people,activities,pulling tap,tap
13525,people,activities,pulling_plant,plant
13526,people,activities,pumping,pumping
13527,people,activities,pushing pallet jack,pallet
13528,people,activities,pushing scrubber,scrubber
13529,people,activities,pushing_edger,edger
13530,people,activities,reaching bottle,bottle
13531,people,activities,reading card,card
13532,people,activities,reading pamphlet,pamphlet
13533,people,activities,reading paperwork,paperwork
13534,people,activities,reading script,script
13535,people,activities,receiving styling,styling
13536,people,activities,receiving_dental_exam,exam
13537,people,activities,reception work,reception
13538,people,activities,repairing wires,wire
13539,people,activities,reviewing data,data
13540,people,activities,reviewing records,record
13541,people,activities,reviewing report,report
13542,people,activities,running-in-place,running
13543,people,activities,running water,water
13544,people,activities,scooping dirt,dirt
13545,people,activities,selecting book,book
13546,people,activities,selecting bottle,bottle
13547,people,activities,serving beverage,beverage
13548,people,activities,"shirt,",shirt
13549,people,activities,"shoes,",shoe
13550,people,activities,short,shorts
13551,people,activities,sorting leaves,leaf
13552,people,activities,sprint_start,start
13553,people,activities,standing_at_register,register
13554,people,activities,start position,position
13555,people,activities,stirring pot,pot
13556,people,activities,stirring solution,solution
13557,people,activities,sweeping pavement,pavement
13558,people,activities,taking eye test,test
13559,people,activities,testifying,testifying
13560,people,activities,"tie,",tie
13561,people,activities,tightening fitting,fitting
13562,people,activities,tightening valve,valve
13563,people,activities,tightening_bolt,bolt
13564,people,activities,touching garment,garment
13565,people,activities,turning wheel,wheel
13566,people,activities,turning_bolt,bolt
13567,people,activities,turning_handle,handle
13568,people,activities,undergoing eye exam,exam
13569,people,activities,using hair straightener,straightener
13570,people,activities,using monitor,screen
13571,people,activities,using probe,probe
13572,people,activities,using slit lamp,lamp
13573,people,activities,using spatula,spatula
13574,people,activities,using straightener,straightener
13575,people,activities,using syringe,syringe
13576,people,activities,using_brush,brush
13577,people,activities,using_flat_iron,iron
13578,people,activities,using_hoe,hoe
13579,people,activities,using_sander,sander
13580,people,activities,using_sewing_machine,machine
13581,people,activities,using_shaker,shaker
13582,people,activities,using_styling_tool,styling
13583,people,activities,wearing trial frames,frame
13584,people,activities,white,white
13585,people,activities,wiping stove,stove
13586,people,activities,working engine,engine
13587,people,activities,working on machinery,machinery
13588,people,activities,yes,yes
13589,people,clothing_garment,barber_cape,cape
13590,people,clothing_garment,chef jacket (professional uniform),jacket
13591,people,clothing_garment,clerical_tabs,tab
13592,people,clothing_garment,collar_strip,collar
13593,people,clothing_garment,collar_tabs,tab
13594,people,clothing_garment,combat shirt,shirt
13595,people,clothing_garment,dress_trousers,trouser
13596,people,clothing_garment,dress_uniform_jacket,jacket
13597,people,clothing_garment,heeled shoes,shoe
13598,people,clothing_garment,high-visibility straps,strap
13599,people,clothing_garment,lanyard_badge,lanyard
13600,people,clothing_garment,long robe,robe
13601,people,clothing_garment,long_green_shirt,shirt
13602,people,clothing_garment,neck protector,protector
13603,people,clothing_garment,nurse dress,dress
13604,people,clothing_garment,nurse uniform,uniform
13605,people,clothing_garment,paper grocery bag,bag
13606,people,clothing_garment,patient shirt/gown,shirt
13607,people,clothing_garment,pilot epaulets,epaulet
13608,people,clothing_garment,pilot_hat,hat
13609,people,clothing_garment,pleated collar,collar
13610,people,clothing_garment,police_uniform,uniform
13611,people,clothing_garment,protective hood,hood
13612,people,clothing_garment,protective_collar,collar
13613,people,clothing_garment,service towel,towel
13614,people,clothing_garment,t-shirt (undershirt),shirt
13615,people,clothing_garment,track jacket,jacket
13616,people,clothing_garment,tuxedo,tuxedo
13617,people,clothing_garment,uniform tunic,tunic
13618,people,clothing_garment,utility pouch,pouch
13619,people,clothing_garment,wedding_dress,dress
13620,people,clothing_garment,white collar,collar
13621,people,clothing_garment,white gloves,glove
13622,people,clothing_garment,white_tabs,tab
13623,people,clothing_garment,zip-up pullover,pullover
13624,people,clothing_garment,bands,band
13625,people,clothing_garment,bib/apron,bib
13626,people,clothing_garment,bib_overalls,overall
13627,people,clothing_garment,black bow tie,tie
13628,people,clothing_garment,body_armor/vest,vest
13629,people,clothing_garment,braided cord,cord
13630,people,clothing_garment,camouflage_shirt,shirt
13631,people,clothing_garment,cleaning gloves,glove
13632,people,clothing_garment,collar/jabot,collar
13633,people,clothing_garment,collar_tab,tab
13634,people,clothing_garment,crop tank top,top
13635,people,clothing_garment,draped_cloth,cloth
13636,people,clothing_garment,dress (uniform),dress
13637,people,clothing_garment,dress shirt cuff,cuff
13638,people,clothing_garment,dress/uniform,dress
13639,people,clothing_garment,dress_tunic,tunic
13640,people,clothing_garment,dress_uniform,uniform
13641,people,clothing_garment,earrings,earring
13642,people,clothing_garment,evening dress,dress
13643,people,clothing_garment,evening_gown,gown
13644,people,clothing_garment,fringed coat,coat
13645,people,clothing_garment,inner layer,layer
13646,people,clothing_garment,long tunic,tunic
13647,people,clothing_garment,measuring tape (worn),tape
13648,people,clothing_garment,medal ribbons,ribbon
13649,people,clothing_garment,military_jacket,jacket
13650,people,clothing_garment,napkin_towel_on_arm,napkin
13651,people,clothing_garment,neck collar,collar
13652,people,clothing_garment,neck tab / jabot,tab
13653,people,clothing_garment,neckscarf,neckscarf
13654,people,clothing_garment,necktab,necktab
13655,people,clothing_garment,nurse uniform dress,dress
13656,people,clothing_garment,overall/suspender,suspender
13657,people,clothing_garment,pants/waders,pants
13658,people,clothing_garment,patterned shoulder cloth,cloth
13659,people,clothing_garment,pilot hat,hat
13660,people,clothing_garment,pilot wings badge,badge
13661,people,clothing_garment,pilot_cap,cap
13662,people,clothing_garment,pocket flap,flap
13663,people,clothing_garment,protective collar,collar
13664,people,clothing_garment,ruffled shirt,shirt
13665,people,clothing_garment,safety_goggles,goggles
13666,people,clothing_garment,scrub suit,suit
13667,people,clothing_garment,sequin top,top
13668,people,clothing_garment,service jacket,jacket
13669,people,clothing_garment,short-sleeve collared shirt (uniform),shirt
13670,people,clothing_garment,short-sleeve shirt / uniform top,shirt
13671,people,clothing_garment,short sleeve uniform shirt (work uniform),shirt
13672,people,clothing_garment,shoulder strap / pouch,strap
13673,people,clothing_garment,sparkly_top,top
13674,people,clothing_garment,tall boots,boot
13675,people,clothing_garment,top (not fully visible),top
13676,people,clothing_garment,white belt,belt
13677,people,clothing_garment,wide_brim_hat,hat
13678,objects,items,ambulance_seat,seat
13679,objects,items,american flag,flag
13680,objects,items,antenna,antenna
13681,objects,items,arcade cabinet,cabinet
13682,objects,items,arcade machine,machine
13683,objects,items,arched stone doorway,doorway
13684,objects,items,assorted_vegetables,vegetable
13685,objects,items,bag of apples,bag
13686,objects,items,bag of bell peppers,bag
13687,objects,items,bag of fruit,bag
13688,objects,items,bag of grapes,bag
13689,objects,items,bag of pasta,bag
13690,objects,items,bag_of_peppers,bag
13691,objects,items,bagged bell peppers,bag
13692,objects,items,bagged fruit,bag
13693,objects,items,bagged yellow tomatoes,bag
13694,objects,items,bell_peppers (bagged),bell_pepper
13695,objects,items,boom microphone,microphone
13696,objects,items,bottles_and_packages,bottle
13697,objects,items,bottles_cartons,bottle
13698,objects,items,box of grapes,box
13699,objects,items,brass plaque,plaque
13700,objects,items,brick column,column
13701,objects,items,broccoli tray,tray
13702,objects,items,building structure,structure
13703,objects,items,burned wall,wall
13704,objects,items,burned_debris,debris
13705,objects,items,burning window,window
13706,objects,items,cardboard produce box,box
13707,objects,items,cash_register_monitor,screen
13708,objects,items,chisels/tools,chisels/tool
13709,objects,items,clipboard with document,clipboard
13710,objects,items,computer_keyboard,keyboard
13711,objects,items,concrete beam,beam
13712,objects,items,concrete bucket,bucket
13713,objects,items,conference microphone,microphone
13714,objects,items,construction scaffolding,scaffold
13715,objects,items,dental_drill,drill
13716,objects,items,dental_handpiece,handpiece
13717,objects,items,door_handle,handle
13718,objects,items,drawing sheets,sheet
13719,objects,items,drawing table,table
13720,objects,items,drawings,drawing
13721,objects,items,drink cups,cup
13722,objects,items,drink glasses,glass
13723,objects,items,dropper bottle,bottle
13724,objects,items,electric_hair_clipper,clipper
13725,objects,items,electrical_connectors,connector
13726,objects,items,entrance_door,door
13727,objects,items,espresso_cup,cup
13728,objects,items,file_cabinet,cabinet
13729,objects,items,fish,fish
13730,objects,items,forms,form
13731,objects,items,formwork,formwork
13732,objects,items,fresh produce,produce
13733,objects,items,garden boots,boot
13734,objects,items,garden edging,edging
13735,objects,items,glass_bottles,bottle
13736,objects,items,green basket,basket
13737,objects,items,green produce basket,basket
13738,objects,items,guard building,building
13739,objects,items,hair_straightener,straightener
13740,objects,items,haircut cape,cape
13741,objects,items,hand levers,lever
13742,objects,items,hanging pots,pot
13743,objects,items,hanging wine glasses,glass
13744,objects,items,industrial_pipes,pipe
13745,objects,items,IV catheter,catheter
13746,objects,items,IV tubing,tubing
13747,objects,items,jarred products,product
13748,objects,items,large metal bin,bin
13749,objects,items,lens adjustment tool,tool
13750,objects,items,liquor_bottle_with_pourer,bottle
13751,objects,items,lumber stacks,stack
13752,objects,items,manila folders,folder
13753,objects,items,medication shelf,shelf
13754,objects,items,medication_bottle,bottle
13755,objects,items,metal parts stack,stack
13756,objects,items,microphones,microphone
13757,objects,items,modular building,building
13758,objects,items,notecards,notecard
13759,objects,items,ornate gate,gate
13760,objects,items,ornate metal gate,gate
13761,objects,items,packaged grapes,grape
13762,objects,items,packaged grocery items,item
13763,objects,items,packaged item,item
13764,objects,items,packaged peppers,pepper
13765,objects,items,pallet-wrapped box,box
13766,objects,items,paper folders,folder
13767,objects,items,paper plans,plan
13768,objects,items,paper script,paper
13769,objects,items,paper sketches,paper
13770,objects,items,paver,paver
13771,objects,items,plastic bag of produce,bag
13772,objects,items,plastic salad bowl,bowl
13773,objects,items,plastic vial container,container
13774,objects,items,plumbing pipe,pipe
13775,objects,items,police shield,shield
13776,objects,items,police_plaque,plaque
13777,objects,items,portfolio,portfolio
13778,objects,items,price/sign board,sign
13779,objects,items,printed papers,paper
13780,objects,items,printed report,report
13781,objects,items,radio_pack,pack
13782,objects,items,raised planter bed,planter
13783,objects,items,retail shelf,shelf
13784,objects,items,rolled blueprints,blueprint
13785,objects,items,roller conveyor,conveyor
13786,objects,items,rope_stanchion,stanchion
13787,objects,items,round hair brush,brush
13788,objects,items,sample box,box
13789,objects,items,sample vials,vial
13790,objects,items,scba_tank,tank
13791,objects,items,sculpting tools,tool
13792,objects,items,shelf of jars,shelf
13793,objects,items,shelf_bottles,bottle
13794,objects,items,shelf_jars,jar
13795,objects,items,shelf_packaged_goods,shelf
13796,objects,items,shelf_with_bottles,bottle
13797,objects,items,shelved books,book
13798,objects,items,shelves with medication,shelf
13799,objects,items,sink pipe,pipe
13800,objects,items,sketch papers,paper
13801,objects,items,skid steer,skid_steer
13802,objects,items,softbox/light diffuser,light
13803,objects,items,soil/furrow,soil
13804,objects,items,stacked parts,part
13805,objects,items,stage backdrop,backdrop
13806,objects,items,stage monitor speaker,speaker
13807,objects,items,steel_beams,beam
13808,objects,items,stone archway,arch
13809,objects,items,stone_pillar,stone
13810,objects,items,stone_urn,urn
13811,objects,items,stretcher_chair,chair
13812,objects,items,student_desk,desk
13813,objects,items,suction_tube,tube
13814,objects,items,sunglasses display,display
13815,objects,items,tactical_helmet,helmet
13816,objects,items,taxi (yellow car),taxi
13817,objects,items,teacher desk,desk
13818,objects,items,teacher_podium,podium
13819,objects,items,tooling fixture,fixture
13820,objects,items,tree_stump,stump
13821,objects,items,trial frame,frame
13822,objects,items,tripod table,table
13823,objects,items,unfinished building,building
13824,objects,items,vine,vine
13825,objects,items,vintage sewing machine,machine
13826,objects,items,warehouse rack,rack
13827,objects,items,warehouse shelf,shelf
13828,objects,items,water pipe,pipe
13829,objects,items,wedding_dress,dress
13830,objects,items,welding_helmet,helmet
13831,objects,items,whole fish,fish
13832,objects,items,window/frame,window
13833,objects,items,wooden basket,basket
13834,objects,items,wooden poles,pole
13835,objects,items,yellow bin,bin
13836,objects,items,adjustment dials,dial
13837,objects,items,architectural drawing,drawing
13838,objects,items,athletics field,field
13839,objects,items,bakery display case,case
13840,objects,items,bakery shelves,shelf
13841,objects,items,barracks,barrack
13842,objects,items,bayonet,bayonet
13843,objects,items,beads,bead
13844,objects,items,beer_glass,glass
13845,objects,items,bench lamp,lamp
13846,objects,items,bench_vise,vise
13847,objects,items,body_camera,camera
13848,objects,items,bottle shelf,shelf
13849,objects,items,bowl of apples,bowl
13850,objects,items,braided cord,cord
13851,objects,items,brass door medallions,medallion
13852,objects,items,breathing apparatus straps,strap
13853,objects,items,brush set,brush
13854,objects,items,canvas_with_relief,canvas
13855,objects,items,car_seatbelt,seatbelt
13856,objects,items,chef_jacket,jacket
13857,objects,items,cinema_camera,camera
13858,objects,items,clapperboard,clapperboard
13859,objects,items,clinic chair,chair
13860,objects,items,clipboard with charts,clipboard
13861,objects,items,cockpit seat,seat
13862,objects,items,color palette,palette
13863,objects,items,color wheel,wheel
13864,objects,items,computer_tower,tower
13865,objects,items,concrete walls,wall
13866,objects,items,crane tower,tower
13867,objects,items,crop_field,field
13868,objects,items,cup_and_saucer,cup
13869,objects,items,cup_straw_container,container
13870,objects,items,decorative post,post
13871,objects,items,dental drill unit,unit
13872,objects,items,dental unit monitor,screen
13873,objects,items,dental_equipment,equipment
13874,objects,items,dental_unit,unit
13875,objects,items,desk papers,paper
13876,objects,items,dial knobs,knob
13877,objects,items,dishcloth,dishcloth
13878,objects,items,display_bin,bin
13879,objects,items,display_counter,counter
13880,objects,items,document/paper,document
13881,objects,items,draft beer,beer
13882,objects,items,drafting table,table
13883,objects,items,drafting_table,table
13884,objects,items,drawing papers,paper
13885,objects,items,dress jacket,jacket
13886,objects,items,drinking_glasses,glass
13887,objects,items,easel_with_canvas,easel
13888,objects,items,electric meter,meter
13889,objects,items,electric planer,planer
13890,objects,items,emergency lightbar,lightbar
13891,objects,items,engine bay,bay
13892,objects,items,engine block,block
13893,objects,items,excavator arm,arm
13894,objects,items,excavator bucket,bucket
13895,objects,items,farm_hoe,hoe
13896,objects,items,farming tool,tool
13897,objects,items,feather,feather
13898,objects,items,feather earring,earring
13899,objects,items,file trays,tray
13900,objects,items,film reel,reel
13901,objects,items,firefighter jacket,jacket
13902,objects,items,fitting,fitting
13903,objects,items,flight yoke,yoke
13904,objects,items,flour_sifter,sifter
13905,objects,items,folded cloth,cloth
13906,objects,items,folded_garments,garment
13907,objects,items,front desk,desk
13908,objects,items,garden shears,shears
13909,objects,items,garden shed,shed
13910,objects,items,garden shovel,shovel
13911,objects,items,glass of orange juice,glass
13912,objects,items,glass_counter,counter
13913,objects,items,goal posts,post
13914,objects,items,golden retriever,dog
13915,objects,items,graphics tablet,tablet
13916,objects,items,green_folder,folder
13917,objects,items,guard booth,booth
13918,objects,items,hair_clip,clip
13919,objects,items,hand file,file
13920,objects,items,hand roller,roller
13921,objects,items,handheld sander,sander
13922,objects,items,hanging_planter,planter
13923,objects,items,hay,hay
13924,objects,items,ID clip,clip
13925,objects,items,in-ear monitor,monitor
13926,objects,items,information_card,card
13927,objects,items,informational kiosk,kiosk
13928,objects,items,IV monitor,monitor
13929,objects,items,IV_stand,stand
13930,objects,items,jars and bottles,jar
13931,objects,items,jars_bottles,bottle
13932,objects,items,lane line,line
13933,objects,items,lapel badge,badge
13934,objects,items,laptop on stand,laptop
13935,objects,items,large hose,hose
13936,objects,items,lathe tool,tool
13937,objects,items,leaf arch,arch
13938,objects,items,leather shoulder strap,strap
13939,objects,items,ledger/notebook,ledger
13940,objects,items,legal book,book
13941,objects,items,lever tool,tool
13942,objects,items,loading dock door,door
13943,objects,items,machete,machete
13944,objects,items,machine parts,part
13945,objects,items,manhole opening,manhole
13946,objects,items,manhole ring,manhole
13947,objects,items,mechanical device,device
13948,objects,items,medal ribbons,ribbon
13949,objects,items,medical patch,patch
13950,objects,items,menu/placard sign,sign
13951,objects,items,metal post,post
13952,objects,items,metal push handle,handle
13953,objects,items,metal rim,rim
13954,objects,items,metal spatula,spatula
13955,objects,items,metal trough,trough
13956,objects,items,metal workbench/vise,workbench
13957,objects,items,metal wrench,wrench
13958,objects,items,metal_block,block
13959,objects,items,metal_pipe,pipe
13960,objects,items,microphone_cable,cable
13961,objects,items,military building,building
13962,objects,items,military_hat,hat
13963,objects,items,mold,mold
13964,objects,items,mud,mud
13965,objects,items,muddy soil,soil
13966,objects,items,multi-tap tower,tower
13967,objects,items,multifunction display,display
13968,objects,items,multimeter probes,probe
13969,objects,items,name patch,patch
13970,objects,items,napkin,napkin
13971,objects,items,office_desk,desk
13972,objects,items,optical trial frame,frame
13973,objects,items,optical trial lens set,lens
13974,objects,items,optometry machine,machine
13975,objects,items,ornate double doors,door
13976,objects,items,overhead pipes,pipe
13977,objects,items,overhead_compartment,compartment
13978,objects,items,p-trap,trap
13979,objects,items,pack,pack
13980,objects,items,packaged jars,jar
13981,objects,items,packaged product,product
13982,objects,items,packaging label,label
13983,objects,items,paintbrushes_jar,jar
13984,objects,items,pallet truck,truck
13985,objects,items,pamphlet,pamphlet
13986,objects,items,paper folder,folder
13987,objects,items,paper form,form
13988,objects,items,paper sketch,sketch
13989,objects,items,paper/brochure,paper
13990,objects,items,paper_form,form
13991,objects,items,paper_sheet,sheet
13992,objects,items,paramedic badge,badge
13993,objects,items,pharmacy shelving,shelving
13994,objects,items,pilot_hat,hat
13995,objects,items,pipe opening,opening
13996,objects,items,pitchfork,pitchfork
13997,objects,items,plant stalk,stalk
13998,objects,items,planter with flowers,planter
13999,objects,items,platform cart,cart
14000,objects,items,plumbing_snake,snake
14001,objects,items,polearm,polearm
14002,objects,items,police badge plaque,plaque
14003,objects,items,police_badge_sign,sign
14004,objects,items,portable monitor,screen
14005,objects,items,prescription pad,pad
14006,objects,items,"produce (apples, pears)",produce
14007,objects,items,professional camera,camera
14008,objects,items,protective jacket,jacket
14009,objects,items,punch,punch
14010,objects,items,radio pouch,pouch
14011,objects,items,reagent_bottles,bottle
14012,objects,items,reflective pouch,pouch
14013,objects,items,respirator,respirator
14014,objects,items,rifle with bayonet,rifle
14015,objects,items,rolled blueprint,blueprint
14016,objects,items,rose bushes,bush
14017,objects,items,rototiller,rototiller
14018,objects,items,sample pouch,pouch
14019,objects,items,saucer/tray,saucer
14020,objects,items,scaffold pole,pole
14021,objects,items,scaffolded building,building
14022,objects,items,SCBA harness,harness
14023,objects,items,SCBA regulator,regulator
14024,objects,items,scythe,scythe
14025,objects,items,seed spreader,spreader
14026,objects,items,sentry box,box
14027,objects,items,serving_table,table
14028,objects,items,serving_tray,tray
14029,objects,items,sheaf of hay,sheaf
14030,objects,items,shelving (medicine boxes),shelving
14031,objects,items,shelving_with_bottles,shelving
14032,objects,items,shipping label,label
14033,objects,items,shoulder microphone,microphone
14034,objects,items,shoulder_cord,cord
14035,objects,items,signal_device,device
14036,objects,items,sketch paper,paper
14037,objects,items,skylight windows,window
14038,objects,items,sports bag,bag
14039,objects,items,stacked folded clothes,clothes
14040,objects,items,stage clips,clip
14041,objects,items,stage monitors,screen
14042,objects,items,stage speakers,speaker
14043,objects,items,stage/floor,stage
14044,objects,items,stage_speaker,speaker
14045,objects,items,stapler,stapler
14046,objects,items,starting block,block
14047,objects,items,starting cone,cone
14048,objects,items,steering wheel and dash,wheel
14049,objects,items,stick,stick
14050,objects,items,stone channel,channel
14051,objects,items,stone urn,urn
14052,objects,items,storage racking,racking
14053,objects,items,straw,straw
14054,objects,items,straw_hat,hat
14055,objects,items,styling cart,cart
14056,objects,items,tart,tart
14057,objects,items,test probes,probe
14058,objects,items,throttle quadrant,quadrant
14059,objects,items,throttle_levers,lever
14060,objects,items,tool_fixture,fixture
14061,objects,items,tracked excavator,excavator
14062,objects,items,turnout jacket,jacket
14063,objects,items,TV,tv
14064,objects,items,uniform shirt,shirt
14065,objects,items,upright bass,bass
14066,objects,items,vase of flowers,vase
14067,objects,items,vehicle_seat,seat
14068,objects,items,wall-mounted electrical box,box
14069,objects,items,wall lights,light
14070,objects,items,wall medical devices,device
14071,objects,items,wall pipes,pipe
14072,objects,items,welding_mask,mask
14073,objects,items,wheat crops,wheat
14074,objects,items,white towel,towel
14075,objects,items,white_napkin,napkin
14076,objects,items,windscreen,windscreen
14077,objects,items,wing_pin,pin
14078,objects,items,wire brush tool,brush
14079,objects,items,wooden-handled tool,tool
14080,objects,items,wooden brush,brush
14081,objects,items,wooden tool,tool
14082,objects,items,wooden tool handle,handle
14083,objects,items,wooden_cabinets,cabinet
14084,objects,items,wooden_counter,counter
14085,objects,items,wooden_post,post
14086,objects,items,workpiece_vise,vise
14087,objects,items,wringer_cart,cart
14088,objects,items,writing pad,pad
14089,objects,items,zip-up jacket,jacket
14090,objects,items,zipper,zipper
20002,people,accessories,gear,gear
20003,people,accessories,glove,glove
20004,people,accessories,earring,earring
20005,people,accessories,headphone,headphone
20006,people,activities,desk,desk
20007,people,activities,pen,pen
20008,people,activities,document,document
20009,people,activities,glass,glass
20010,people,activities,phone,phone
20011,people,activities,hand,hand
20012,people,activities,kicking,kicking
20013,people,activities,bowing,bow
20014,people,activities,object,object
20015,people,activities,up,up
20016,people,activities,hat,hat
20017,people,activities,tie,tie
20018,people,activities,right,right
20019,people,activities,stage,stage
20020,people,activities,drink,drink
20021,people,activities,button,button
20022,people,activities,monitoring_data,data
20023,people,activities,reviewing_graph,graph
20024,people,activities,screen,screen
20025,people,activities,tablet,tablet
20026,people,activities,computer,computer
20027,people,activities,keyboard,keyboard
20028,people,activities,monitor_review,review
20029,people,activities,laptop,laptop
20030,people,activities,mug,mug
20031,people,activities,briefcase,briefcase
20032,people,activities,look,look
20033,people,activities,plan,plan
20034,people,activities,tool,tool
20035,people,activities,carrying_plank,plank
20036,people,activities,site,site
20037,people,activities,adjusting_canvas,canva
20038,people,activities,brush,brush
20039,people,activities,camera,camera
20040,people,activities,palette,palette
20041,people,activities,paint,paint
20042,people,activities,mixing_colors,color
20043,people,activities,folder,folder
20044,people,activities,leaning_on_chair,chair
20045,people,activities,adjusting_lamp,lamp
20046,people,activities,ball,ball
20047,people,activities,football,football
20048,people,activities,handling_ball,ball
20049,people,activities,sprint,sprint
20050,people,activities,sprinting_start,start
20051,people,activities,training_drill,drill
20052,people,activities,accelerating,accelerating
20053,people,activities,diving,diving
20054,people,activities,falling,falling
20055,people,activities,hurdling,hurdling
20056,people,activities,window,window
20057,people,activities,offer_handshake,handshake
20058,people,activities,raise_hand,hand
20059,people,activities,counter,counter
20060,people,activities,panel,panel
20061,people,activities,facing_lobby,lobby
20062,people,activities,bread,bread
20063,people,activities,dough,dough
20064,people,activities,flour,flour
20065,people,activities,serving_bread,bread
20066,people,activities,inspecting_loaves,loave
20067,people,activities,examining_bread,bread
20068,people,activities,loaf,loaf
20069,people,activities,moving_trays,tray
20070,people,activities,scooping_flour,flour
20071,people,activities,handing_drink,drink
20072,people,activities,pitcher,pitcher
20073,people,activities,bar,bar
20074,people,activities,bottle,bottle
20075,people,activities,cloth,cloth
20076,people,activities,cocktail,cocktail
20077,people,activities,cup,cup
20078,people,activities,collecting,collecting
20079,people,activities,collecting_water,water
20080,people,activities,container,container
20081,people,activities,map,map
20082,people,activities,plant,plant
20083,people,activities,device,device
20084,people,activities,notebook,notebook
20085,people,activities,drawing_map,map
20086,people,activities,examining_water,water
20087,people,activities,binocular,binocular
20088,people,activities,holding_leaf,leaf
20089,people,activities,touching_leaf,leaf
20090,people,activities,metal,metal
20091,people,activities,rod,rod
20092,people,activities,smoothing_metal,metal
20093,people,activities,tongs,tong
20094,people,activities,lifting_metal,metal
20095,people,activities,blade,blade
20096,people,activities,bag,bag
20097,people,activities,door,door
20098,people,activities,holding_bus,bus
20099,people,activities,radio,radio
20100,people,activities,booklet,booklet
20101,people,activities,using_saw,saw
20102,people,activities,wood,wood
20103,people,activities,plane,plane
20104,people,activities,plank,plank
20105,people,activities,label,label
20106,people,activities,product,product
20107,people,activities,receipt,receipt
20108,people,activities,terminal,terminal
20109,people,activities,using_scale,scale
20110,people,activities,payment,payment
20111,people,activities,register,register
20112,people,activities,touching_payment_terminal,terminal
20113,people,activities,card,card
20114,people,activities,cash,cash
20115,people,activities,key,key
20116,people,activities,processing_purchase,purchase
20117,people,activities,item,item
20118,people,activities,note,note
20119,people,activities,arm,arm
20120,people,activities,desk_work,work
20121,people,activities,pastry,pastry
20122,people,activities,tray,tray
20123,people,activities,food,food
20124,people,activities,plate,plate
20125,people,activities,stirring_vegetables,vegetable
20126,people,activities,arranging_eggs,egg
20127,people,activities,herb,herb
20128,people,activities,arranging_vegetables,vegetable
20129,people,activities,slicing_vegetables,vegetable
20130,people,activities,boarding_train,train
20131,people,activities,clipboard,clipboard
20132,people,activities,holding_ticket_or_phone,phone
20133,people,activities,adjusting_vial,vial
20134,people,activities,flask,flask
20135,people,activities,focus,focus
20136,people,activities,microscope,microscope
20137,people,activities,sample,sample
20138,people,activities,tube,tube
20139,people,activities,vial,vial
20140,people,activities,equipment,equipment
20141,people,activities,liquid,liquid
20142,people,activities,test_tube,tube
20143,people,activities,inspecting_liquids,liquid
20144,people,activities,adjusting_tray,tray
20145,people,activities,arranging_dough,dough
20146,people,activities,bucket,bucket
20147,people,activities,holding_bun,bun
20148,people,activities,mop,mop
20149,people,activities,floor,floor
20150,people,activities,loading_dishwasher,dishwasher
20151,people,activities,opening_oven,oven
20152,people,activities,scrubber,scrubber
20153,people,activities,dish,dish
20154,people,activities,microphone,microphone
20155,people,activities,review_papers,paper
20156,people,activities,stamping,stamping
20157,people,activities,box,box
20158,people,activities,outside,outside
20159,people,activities,mallet,mallet
20160,people,activities,rope,rope
20161,people,activities,stick,stick
20162,people,activities,striking_ball,ball
20163,people,activities,throwing,throwing
20164,people,activities,tossing_ball,ball
20165,people,activities,exiting_bus,bus
20166,people,activities,holding_flame,flame
20167,people,activities,thumb,thumb
20168,people,activities,arranging_glassware,glassware
20169,people,activities,spatula,spatula
20170,people,activities,table,table
20171,people,activities,shovel,shovel
20172,people,activities,blueprint,blueprint
20173,people,activities,instrument,instrument
20174,people,activities,level,level
20175,people,activities,trowel_work,work
20176,people,activities,tripod,tripod
20177,people,activities,vegetable,vegetable
20178,people,activities,pan,pan
20179,people,activities,pot,pot
20180,people,activities,cracking,cracking
20181,people,activities,page,page
20182,people,activities,pointe,pointe
20183,people,activities,calculator,calculating
20184,people,activities,data,data
20185,people,activities,pipette,pipette
20186,people,activities,mouse,mouse
20187,people,activities,slide,slide
20188,people,activities,holding_test_tube_rack,rack
20189,people,activities,appearing_on_screen,screen
20190,people,activities,examined,examined
20191,people,activities,preparing_gloves,glove
20192,people,activities,patient,patient
20193,people,activities,performing_treatment,treatment
20194,people,activities,treatment,treatment
20195,people,activities,clay,clay
20196,people,activities,crafting,crafting
20197,people,activities,examining_work,work
20198,people,activities,lamp,lamp
20199,people,activities,observing_sculptures,sculpture
20200,people,activities,arranging_plant,plant
20201,people,activities,canvas,canva
20202,people,activities,gun,gun
20203,people,activities,holding_cigarette,cigarette
20204,people,activities,holding_handcuffs,handcuff
20205,people,activities,rifle,rifle
20206,people,activities,person,person
20207,people,activities,code,code
20208,people,activities,looking_at_monitors,monitor
20209,people,activities,applying_gauze,gauze
20210,people,activities,assisting_exam,exam
20211,people,activities,chart,chart
20212,people,activities,checking_chart,chart
20213,people,activities,notes,note
20214,people,activities,viewing_desk,desk
20215,people,activities,record,record
20216,people,activities,feet_on_dashboard,dashboard
20217,people,activities,wheel,wheel
20218,people,activities,gear,gear
20219,people,activities,call,call
20220,people,activities,reviewing_monitor,monitor
20221,people,activities,reaching_papers,paper
20222,people,activities,cable,cable
20223,people,activities,fighting,fighting
20224,people,activities,fire,fire
20225,people,activities,hose,hose
20226,people,activities,mask,mask
20227,people,activities,nozzle,nozzle
20228,people,activities,holding_panel_cover,cover
20229,people,activities,meter,meter
20230,people,activities,wire,wire
20231,people,activities,drill,drill
20232,people,activities,screwdriver,screwdriver
20233,people,activities,using_tester,tester
20234,people,activities,working_with_wires,working
20235,people,activities,arranging_wires,wire
20236,people,activities,leaning_over_table,table
20237,people,activities,coiling_cables,cable
20238,people,activities,sorting_wires,wire
20239,people,activities,testing_connections,connection
20240,people,activities,wiring_work,work
20241,people,activities,handling_molten_metal,metal
20242,people,activities,machine,machine
20243,people,activities,machinery,machinery
20244,people,activities,part,part
20245,people,activities,chin,chin
20246,people,activities,shelf,shelf
20247,people,activities,toolbox,toolbox
20248,people,activities,handling_bar,bar
20249,people,activities,adjusting_material,material
20250,people,activities,inspecting_crop,crop
20251,people,activities,straw,straw
20252,people,activities,wheat,wheat
20253,people,activities,examining_soil,soil
20254,people,activities,inspecting_soil,soil
20255,people,activities,soil,soil
20256,people,activities,basket,basket
20257,people,activities,field,field
20258,people,activities,holding_sheaves,sheave
20259,people,activities,pulling_plants,plant
20260,people,activities,pouring_soil,soil
20261,people,activities,adjusting_cloth,cloth
20262,people,activities,adjusting_flag,flag
20263,people,activities,handling_viewfinder,viewfinder
20264,people,activities,slate,slate
20265,people,activities,film,film
20266,people,activities,viewing_equipment,equipment
20267,people,activities,room,room
20268,people,activities,building,building
20269,people,activities,extinguish_fire,fire
20270,people,activities,extinguishing,extinguishing
20271,people,activities,handle_hose,hose
20272,people,activities,water,water
20273,people,activities,customer,customer
20274,people,activities,processing_documents,document
20275,people,activities,suitcase,suitcase
20276,people,activities,case,case
20277,people,activities,moving_mouse,mouse
20278,people,activities,holding_headset,headset
20279,people,activities,staff,staff
20280,people,activities,sword,sword
20281,people,activities,blow_dry,dry
20282,people,activities,hair,hair
20283,people,activities,makeup,makeup
20284,people,activities,preparing_tools,tool
20285,people,activities,clipper,clipper
20286,people,activities,getting,getting
20287,people,activities,seated_work,work
20288,people,activities,service,service
20289,people,activities,sink,sink
20290,people,activities,applying_color,color
20291,people,activities,bowl,bowl
20292,people,activities,style,style
20293,people,activities,mirror,mirror
20294,people,activities,scissors,scissors
20295,people,activities,adjusting_chair,chair
20296,people,activities,looking_at_mirror,mirror
20297,people,activities,cleaner,cleaner
20298,people,activities,adjusting_bed_rail,rail
20299,people,activities,adjusting_blanket,blanket
20300,people,activities,bed,bed
20301,people,activities,holding_thermometer,thermometer
20302,people,activities,towel,towel
20303,people,activities,broom,broom
20304,people,activities,flower,flower
20305,people,activities,floor_buffing,buffing
20306,people,activities,operating_floor_machine,machine
20307,people,activities,cart,cart
20308,people,activities,pushing_cleaner,cleaner
20309,people,activities,photo,photo
20310,people,activities,setting_camera,camera
20311,people,activities,viewfinder,viewfinder
20312,people,activities,facing_microphones,microphone
20313,people,activities,holding_microphones,microphone
20314,people,activities,question,question
20315,people,activities,at_bench,bench
20316,people,activities,bench,bench
20317,people,activities,gavel,gavel
20318,people,activities,book,book
20319,people,activities,brushing_sawdust,sawdust
20320,people,activities,handling_rope,rope
20321,people,activities,moving_piles,pile
20322,people,activities,sand,sand
20323,people,activities,trowel,trowel
20324,people,activities,block,block
20325,people,activities,moving_sand,sand
20326,people,activities,concrete,concrete
20327,people,activities,holding_stake,stake
20328,people,activities,using_trowel,trowel
20329,people,activities,overseeing,overseeing
20330,people,activities,holding_candles,candle
20331,people,activities,sorting_books,book
20332,people,activities,handle,handle
20333,people,activities,lathe,lathe
20334,people,activities,control,control
20335,people,activities,repairing_machine,machine
20336,people,activities,workpiece,workpiece
20337,people,activities,headset,headset
20338,people,activities,gesture,gesture
20339,people,activities,jacket,jacket
20340,people,activities,shaking_hand,hand
20341,people,activities,highlighting,highlighting
20342,people,activities,plier,plier
20343,people,activities,repairing_part,part
20344,people,activities,car,car
20345,people,activities,clamp,clamp
20346,people,activities,engine,engine
20347,people,activities,fixing_engine,engine
20348,people,activities,car_repair,repair
20349,people,activities,wrench,wrench
20350,people,activities,conveyor,conveyor
20351,people,activities,vehicle,vehicle
20352,people,activities,working_near_machine,machine
20353,people,activities,forklift,forklift
20354,people,activities,moving_cart,cart
20355,people,activities,pallet_jack,jack
20356,people,activities,pulling_dolly,dolly
20357,people,activities,guitar,guitar
20358,people,activities,piano,piano
20359,people,activities,playing_double_bass,bass
20360,people,activities,bass,bass
20361,people,activities,violin,violin
20362,people,activities,drum,drum
20363,people,activities,newspaper,newspaper
20364,people,activities,administering_swab,swab
20365,people,activities,care,care
20366,people,activities,drops,drop
20367,people,activities,gauze,gauze
20368,people,activities,holding_patient_head,head
20369,people,activities,medication,medication
20370,people,activities,supply,supply
20371,people,activities,swabbing,swab
20372,people,activities,dressing,dressing
20373,people,activities,handling_tubing,tubing
20374,people,activities,holding_patient's_arm,arm
20375,people,activities,iv,iv
20376,people,activities,sheet,sheet
20377,people,activities,administering,administering
20378,people,activities,checking_arm,arm
20379,people,activities,handing_syringe,syringe
20380,people,activities,injection,injection
20381,people,activities,syringe,syringe
20382,people,activities,frame,frame
20383,people,activities,glasses,glasses
20384,people,activities,paperwork,paperwork
20385,people,activities,handling_frames,frame
20386,people,activities,holding_eyewear,eyewear
20387,people,activities,lens,len
20388,people,activities,selecting_frames,frame
20389,people,activities,handling_iv,iv
20390,people,activities,procedure,procedure
20391,people,activities,receiving_drops,drop
20392,people,activities,administering_oxygen,oxygen
20393,people,activities,head,head
20394,people,activities,preparing_tubing,tubing
20395,people,activities,secured,secured
20396,people,activities,stretcher,stretcher
20397,people,activities,chest_compressions,compression
20398,people,activities,glove,glove
20399,people,activities,holding_arm,arm
20400,people,activities,providing_medical_care,care
20401,people,activities,checking_label,label
20402,people,activities,inspecting_medicine,medicine
20403,people,activities,measuring_medication,medication
20404,people,activities,pill,pill
20405,people,activities,handling_medicine,medicine
20406,people,activities,offering_pill,pill
20407,people,activities,pouring_pills,pill
20408,people,activities,displayed,display
20409,people,activities,bouquet,bouquet
20410,people,activities,kissing_cheek,cheek
20411,people,activities,facing_each_other,face
20412,people,activities,standing_at_altar,altar
20413,people,activities,walking_down_aisle,aisle
20414,people,activities,saucer,saucer
20415,people,activities,apparatus,apparatus
20416,people,activities,dropper,dropper
20417,people,activities,glassware,glassware
20418,people,activities,probe,probe
20419,people,activities,adjusting_stopper,stopper
20420,people,activities,adjusting_valves,valve
20421,people,activities,examining_apparatus,apparatus
20422,people,activities,manipulating_sample,sample
20423,people,activities,operating_apparatus,apparatus
20424,people,activities,observing_instruments,instrument
20425,people,activities,yoke,yoke
20426,people,activities,checking_instruments,instrument
20427,people,activities,reaching_controls,control
20428,people,activities,faucet,faucet
20429,people,activities,fixing_toilet,toilet
20430,people,activities,pipe,pipe
20431,people,activities,using_auger,auger
20432,people,activities,working_on_sink,sink
20433,people,activities,adjusting_pipes,pipe
20434,people,activities,repairing_holder,holder
20435,people,activities,tightening_pipes,pipe
20436,people,activities,working_on_pipes,pipe
20437,people,activities,fixture,fixture
20438,people,activities,inspecting_plumbing,plumbing
20439,people,activities,installing_faucet,faucet
20440,people,activities,pencil,pencil
20441,people,activities,resting_on_desk,desk
20442,people,activities,weapon,weapon
20443,people,activities,interacting_with_car,interacting
20444,people,activities,scene,scene
20445,people,activities,traffic,traffic
20446,people,activities,approaching_car,car
20447,people,activities,addressing_chamber,chamber
20448,people,activities,writing_log,log
20449,people,activities,holding_parcel,parcel
20450,people,activities,showing_ticket,ticket
20451,people,activities,luggage,luggage
20452,people,activities,platform,platform
20453,people,activities,train,train
20454,people,activities,carrying_luggage,luggage
20455,people,activities,handing_tickets,ticket
20456,people,activities,ticket,ticket
20457,people,activities,forceps,forcep
20458,people,activities,keyboard_input,input
20459,people,activities,monitor_observation,observation
20460,people,activities,recording_data,data
20461,people,activities,examining_phone,phone
20462,people,activities,inspecting_grass,grass
20463,people,activities,sitting_at_table,table
20464,people,activities,using_notebook,notebook
20465,people,activities,stirring_coffee,coffee
20466,people,activities,using_pen,pen
20467,people,activities,adjusting_sculpture,sculpture
20468,people,activities,sculpture,sculpture
20469,people,activities,stone,stone
20470,people,activities,fabric,fabric
20471,people,activities,guiding_material,material
20472,people,activities,valve,valve
20473,people,activities,firearm,firearm
20474,people,activities,hands_on_belt,belt
20475,people,activities,holster,holster
20476,people,activities,horse,horse
20477,people,activities,rein,rein
20478,people,activities,baton,baton
20479,people,activities,mic,mic
20480,people,activities,handing_pen,pen
20481,people,activities,pointing_at_papers,paper
20482,people,activities,stylus,stylus
20483,people,activities,holding_pistol,pistol
20484,people,activities,audio,audio
20485,people,activities,console,console
20486,people,activities,knob,knob
20487,people,activities,mixer,mixer
20488,people,activities,sound,sound
20489,people,activities,operating_mixing_console,console
20490,people,activities,drape,drape
20491,people,activities,making_incision,incision
20492,people,activities,being_operated_on,being
20493,people,activities,operated,operated
20494,people,activities,preparing_patient,patient
20495,people,activities,fitting,fitting
20496,people,activities,pressing_cloth,cloth
20497,people,activities,working_with_fabric,working
20498,people,activities,crafting_leather,leather
20499,people,activities,pattern,pattern
20500,people,activities,beside_taxi,taxi
20501,people,activities,holding_car,car
20502,people,activities,street,street
20503,people,activities,pointing_at_book,book
20504,people,activities,facing_front,facing
20505,people,activities,looking_at_book,book
20506,people,activities,raising_pen,pen
20507,people,activities,lever,lever
20508,people,activities,truck,truck
20509,people,activities,menu,menu
20510,people,activities,holding_menus,menu
20511,people,activities,order,order
20512,people,activities,drying_glass,glass
20513,people,activities,holding_cutlery,cutlery
20514,people,activities,presenting_plates,plate
20515,people,activities,spoon,spoon
20516,people,activities,utensil,utensil
20517,people,activities,checking_paper,paper
20518,people,activities,holding_order,order
20519,people,activities,pad,pad
20520,people,activities,reading_pad,pad
20521,people,activities,serving_pastry,pastry
20522,people,activities,cleaning_table,table
20523,people,activities,fork,fork
20524,people,activities,coffee,coffee
20525,people,activities,resting_hand_on_table,table
20526,people,activities,carrying_trays,tray
20527,people,activities,can,can
20528,people,activities,grass,grass
20529,people,activities,packet,packet
20530,people,activities,produce,produce
20531,people,activities,tomato,tomato
20532,people,activities,package,package
20533,people,activities,groceries,grocery
20534,people,activities,pulling_basket,basket
20535,people,activities,smartphone,smartphone
20536,people,activities,dog,dog
20537,people,activities,leash,leash
20538,people,activities,observing_buildings,building
20539,people,activities,picking_food,food
20540,people,activities,using_utensils,utensil
20541,people,activities,offering,offering
20542,people,activities,reading_flyer,flyer
20543,people,activities,adding_greens,green
20544,people,activities,lid,lid
20545,people,activities,lifting_pot,pot
20546,people,activities,squeezing_lemon,lemon
20547,people,activities,basketball,basketball
20548,people,activities,food_prep,prep
20549,people,activities,jar,jar
20550,people,activities,hip,hip
20551,people,activities,peeling_garlic,garlic
20552,people,activities,preparing_fruit,fruit
20553,people,activities,shaker,shaker
20554,people,activities,touching_food,food
20555,people,activities,repotting,repotting
20556,people,activities,cane,cane
20557,people,activities,garden,garden
20558,people,activities,holding_plate_of_flowers,holding
20559,people,activities,holding_rake,rake
20560,people,activities,umbrella,umbrella
20561,people,activities,binder,binder
20562,people,activities,fruit,fruit
20563,people,activities,list,list
20564,people,activities,bun,bun
20565,people,activities,placing_buns,bun
20566,people,activities,placing_rolls,roll
20567,people,activities,smoothing_cake,cake
20568,people,activities,cutting_fruit,fruit
20569,people,activities,looking_at_bottles,bottle
20570,people,activities,watering_plant,plant
20571,people,activities,kettle,kettle
20572,people,activities,holding_leashes,leash
20573,people,activities,strap,strap
20574,people,activities,gripping_tool,tool
20575,people,activities,hammer,hammer
20576,people,activities,examining_tomatoes,tomato
20577,people,activities,holding_ladle,ladle
20578,people,activities,gathering_produce,produce
20579,people,activities,knife,knife
20580,people,activities,sorting_vegetables,vegetable
20581,people,activities,weighing_produce,produce
20582,people,activities,working_fire,fire
20583,people,activities,receiving_coffee,coffee
20584,people,activities,smoking,smoking
20585,people,activities,speaking_into_handset,handset
20586,people,activities,apple,apple
20587,people,activities,holding_envelope,envelope
20588,people,activities,interacting_with_desk,interacting
20589,people,activities,loading_items,item
20590,people,activities,board,board
20591,people,activities,carrot,carrot
20592,people,activities,holding_carrots,carrot
20593,people,activities,preparing_produce,produce
20594,people,activities,kiosk,kiosk
20595,people,activities,processing_paper,paper
20596,people,activities,processing_transaction,transaction
20597,people,activities,arranging_flowers,flower
20598,people,activities,art,art
20599,people,activities,viewing_paintings,painting
20600,people,activities,lettuce,lettuce
20601,people,activities,pizza,pizza
20602,people,activities,presenting_pizza,pizza
20603,people,activities,salad,salad
20604,people,activities,cutting_meat,meat
20605,people,activities,ring,ring
20606,people,activities,broccoli,broccoli
20607,people,activities,holding_cabbage,cabbage
20608,people,activities,sweeper,sweeper
20609,people,activities,collecting_debris,debri
20610,people,activities,sweeping_leaves,leave
20611,people,activities,dustpan,dustpan
20612,people,activities,mower,mower
20613,people,activities,operating_floor_scrubber,scrubber
20614,people,activities,seedling,seedling
20615,people,activities,holding_paper_bags,bag
20616,people,activities,notepad,notepad
20617,people,activities,handset,handset
20618,people,activities,reaching_shelves,shelving
20619,people,activities,clutching_shirt,shirt
20620,people,activities,arms_out,out
20621,people,activities,packaging,package
20622,people,activities,helmet,helmet
20623,people,activities,using_ticket_machine,machine
20624,people,activities,leaning_on_bench,bench
20625,people,activities,balancing_leg,leg
20626,people,activities,pin,pin
20627,people,activities,cleaning_painting,painting
20628,people,activities,dental,dental
20629,people,activities,display,display
20630,people,activities,model,model
20631,people,activities,presenting_model,model
20632,people,activities,scanner,scanner
20633,people,activities,coat,coat
20634,people,activities,dumbbell,dumbbell
20635,people,activities,holding_kettlebell,kettlebell
20636,people,activities,weight,weight
20637,people,activities,attentive,attention
20638,people,activities,grape,grape
20639,people,activities,ingredient,ingredient
20640,people,activities,handling_trash,trash
20641,people,activities,opening_drawer,drawer
20642,people,activities,holding_pot_lid,lid
20643,people,activities,laptop_use,use
20644,people,activities,touching_apple,apple
20645,people,activities,handing_apple,apple
20646,people,activities,placing_apple,apple
20647,people,activities,picking_apple,apple
20648,people,activities,battle_rope,rope
20649,people,activities,lifting_dumbbell,dumbbell
20650,people,activities,lifting_kettlebells,kettlebell
20651,people,activities,push_up,up
20652,people,activities,row,row
20653,people,activities,inspecting_circuit,circuit
20654,people,activities,tester,tester
20655,people,activities,magazine,magazine
20656,people,activities,cone,cone
20657,people,activities,ice_cream,cream
20658,people,activities,handling_dog,dog
20659,people,activities,holding_toy,toy
20660,people,activities,interacting_with_dogs,interacting
20661,people,activities,observing_dogs,dog
20662,people,activities,touching_ground,ground
20663,people,activities,remote,remote
20664,people,activities,carrying_canister,canister
20665,people,activities,holding_canister,canister
20666,people,activities,holding_portable_fan,fan
20667,people,activities,clutch,clutch
20668,people,activities,holding_burger,burger
20669,people,activities,sandwich,sandwich
20670,people,activities,controller,controller
20671,people,activities,standing_near_monitors,monitor
20672,people,activities,pepper,pepper
20673,people,activities,attention,attention
20674,people,activities,wallet,wallet
20675,people,activities,chair,chair
20676,people,activities,checking_hair,hair
20677,people,activities,exercise_bike,bike
20678,people,activities,examining_hair,hair
20679,people,activities,hold,hold
20680,people,activities,holding_hair_tool,tool
20681,people,activities,grab_item,item
20682,people,activities,pushing_chair,chair
20683,people,activities,examining_products,product
20684,people,activities,handing_product,product
20685,people,activities,arranging_products,product
20686,people,activities,blow_drying_hair,hair
20687,people,activities,modeling,model
20688,people,activities,carrying_linens,linen
20689,people,activities,carrying_tub,tub
20690,people,activities,holding_linens,linen
20691,people,activities,adjusting_oven,oven
20692,people,activities,handling_pan,pan
20693,people,activities,pushing_water,water
20694,people,activities,checking_cart,cart
20695,people,activities,holding_grabber,grabber
20696,people,activities,holding_scraper,scraper
20697,people,activities,laptop_nearby,nearby
20698,people,activities,headphone,headphone
20699,people,activities,viewing_portrait,portrait
20700,people,activities,picking_flowers,flower
20701,people,activities,inspecting_tub,tub
20702,people,activities,holding_cardboard,cardboard
20703,people,activities,corn,corn
20704,people,activities,crate,crate
20705,people,activities,orange,orange
20706,people,activities,carrying_baskets,basket
20707,people,activities,holding_jackhammer,jackhammer
20708,people,activities,cookie,cookie
20709,people,activities,resting_hand_on_counter,counter
20710,people,activities,holding_cookies,cooky
20711,people,activities,handling_hose_reel,reel
20712,people,activities,petting,petting
20713,people,activities,operating_lawn_machine,machine
20714,people,activities,standing_on_mower,mower
20715,people,activities,working_path,path
20716,people,activities,carrying_plant,plant
20717,people,activities,carrying_planter,planter
20718,people,activities,opening_box,box
20719,people,activities,cello,cello
20720,people,activities,reading_item,item
20721,people,activities,brochure,brochure
20722,people,activities,holding_chin,chin
20723,people,activities,adjusting_pump,pump
20724,people,activities,filling,filling
20725,people,activities,cable_pull,pull
20726,people,activities,exercise,exercise
20727,people,activities,kettlebell_exercise,exercise
20728,people,activities,lunge,lunge
20729,people,activities,lunging,lunging
20730,people,activities,dispensing_medication,medication
20731,people,activities,with_dog,with
20732,people,activities,observing_items,item
20733,people,activities,using_tripod,tripod
20734,people,activities,holding_phones,phone
20735,people,activities,choosing_item,item
20736,people,activities,bedding,bedding
20737,people,activities,reviewing_laptop,laptop
20738,people,activities,reading_schedule,schedule
20739,people,activities,greens,green
20740,people,activities,holding_canopy,canopy
20741,people,activities,holding_pruners,pruner
20742,people,activities,holding_valve,valve
20743,people,activities,hydrant,hydrant
20744,people,activities,installing_sink,sink
20745,people,activities,pump,pump
20746,people,activities,holding_toilet,toilet
20747,people,activities,inspecting_valve,valve
20748,people,activities,reaching_produce,produce
20749,people,activities,touching_produce,produce
20750,people,activities,checking_stove,stove
20751,people,activities,holding_handbag,handbag
20752,people,activities,climbing,climbing
20753,people,activities,holding_chain,chain
20754,people,activities,handling_ingredients,ingredient
20755,people,activities,portafilter,portafilter
20756,people,activities,handling_cup,cup
20757,people,activities,preparing_espresso,espresso
20758,people,activities,on_skateboard,skateboard
20759,people,activities,sitting_on_skateboard,skateboard
20760,people,activities,apron,apron
20761,people,activities,holding_towels,towel
20762,people,activities,checking_clothes,clothe
20763,people,activities,laundry,laundry
20764,people,activities,backpack,backpack
20765,people,activities,handling_small_item,item
20766,people,activities,holding_thread,thread
20767,people,activities,knitting,knitting
20768,people,activities,cutting_greens,green
20769,people,activities,handling_noodles,noodle
20770,people,activities,pulling_strands,strand
20771,people,activities,sifting_ingredients,ingredient
20772,people,activities,covering_bowl,bowl
20773,people,activities,tying,tying
20774,people,activities,wringing_cloth,cloth
20775,people,activities,holding_produce_bin,bin
20776,people,activities,holding_holster,holster
20777,people,activities,aisle,aisle
20778,people,activities,grocery,grocery
20779,people,activities,railing,railing
20780,people,activities,inspecting_weapon,weapon
20781,people,activities,scanning_price,price
20782,people,activities,monitoring_cars,car
20783,people,activities,barbell,barbell
20784,people,activities,stock,stock
20785,people,activities,idle,idle
20786,people,activities,cuff,cuff
20787,people,activities,tracing,tracing
20788,people,activities,working_fabric,fabric
20789,people,activities,exhibit,exhibit
20790,people,activities,handling_textiles,textile
20791,people,activities,on_display,display
20792,people,activities,sorting_fabric,fabric
20793,people,activities,placing_box,box
20794,people,activities,attaching_tags,tag
20795,people,activities,operating_card_machine,machine
20796,people,activities,exiting_vehicle,vehicle
20797,people,activities,observing_taxi,taxi
20798,people,activities,viewing_car,car
20799,people,activities,offering_coin,coin
20800,people,activities,holding_green_item,item
20801,people,activities,covering,covering
20802,people,activities,holding_kayak,kayak
20803,people,activities,holding_shot_put,put
20804,people,activities,preparing_throw,throw
20805,people,activities,warming_up,up
20806,people,activities,holding_ice_bucket,bucket
20807,people,activities,holding_trays,tray
20808,people,activities,carrying_carrier,carrier
20809,people,activities,spark,spark
20810,people,activities,torch,torch
20811,people,activities,using_bike,bike
20812,people,activities,face,face
20813,people,activities,organizing_artworks,artwork
20814,people,activities,sunglasses,sunglasses
20815,people,activities,touching_chin,chin
20816,people,activities,holding_racket,racket
20817,people,activities,focusing,focus
20818,people,activities,hitting_ball,ball
20819,people,activities,preparing_swing,swing
20820,people,activities,standing_at_console,console
20821,people,activities,holding_dough,dough
20822,people,activities,garnish,garnish
20823,people,activities,examining_leaf,leaf
20824,people,activities,holding_terrarium,terrarium
20825,people,activities,inspecting_tanks,tank
20826,people,activities,examining_tank,tank
20827,people,activities,observing_tanks,tank
20828,people,activities,specimen,specimen
20829,people,activities,tweezers,tweezer
20830,people,activities,operating_saw,saw
20831,people,activities,using_self_checkout,checkout
20832,people,activities,placing_droplets,droplet
20833,people,activities,holding_drum,drum
20834,people,activities,wearing_headdress,headdress
20835,people,activities,floor_polishing,polishing
20836,people,activities,arranging_packets,packet
20837,people,activities,counting_money,money
20838,people,activities,organizing_papers,paper
20839,people,activities,serving_counter,counter
20840,people,activities,mouth,mouth
20841,people,activities,inspecting_site,site
20842,people,activities,ladder,ladder
20843,people,activities,holding_mouth_open,holding
20844,people,activities,adjusting_hands,hand
20845,people,activities,adjusting_breaker,breaker
20846,people,activities,testing_wiring,wiring
20847,people,activities,using_meter,meter
20848,people,activities,assembling_wires,wire
20849,people,activities,inspecting_cables,cable
20850,people,activities,hand_on_machine,machine
20851,people,activities,bundling_straw,straw
20852,people,activities,gathering_hay,hay
20853,people,activities,holding_implement,implement
20854,people,activities,hay,hay
20855,people,activities,holding_gourd,gourd
20856,people,activities,sitting_on_tractor,tractor
20857,people,activities,extinguisher,extinguishing
20858,people,activities,wearing_equipment,equipment
20859,people,activities,carrying_hose,hose
20860,people,activities,carrying_nozzle,nozzle
20861,people,activities,reaching_equipment,equipment
20862,people,activities,moving_piece,piece
20863,people,activities,working_on_electronics,electronic
20864,people,activities,adjusting_headphones,headphone
20865,people,activities,exploring,exploring
20866,people,activities,observing_formation,formation
20867,people,activities,performing_manicure,manicure
20868,people,activities,receiving_manicure,manicure
20869,people,activities,cape,cape
20870,people,activities,hands_in_lap,lap
20871,people,activities,using_hands,hand
20872,people,activities,opening_cabinet,cabinet
20873,people,activities,doing_laundry,laundry
20874,people,activities,folding_linens,linen
20875,people,activities,smoothing_sheet,sheet
20876,people,activities,washer,washer
20877,people,activities,operating_buffer,buffer
20878,people,activities,visible_on_screen,screen
20879,people,activities,resting_hand_on_book,book
20880,people,activities,handling_logs,log
20881,people,activities,powder,powder
20882,people,activities,shaping_mud,mud
20883,people,activities,feeding_material,material
20884,people,activities,handling_grain,grain
20885,people,activities,material,material
20886,people,activities,vacuuming_car,car
20887,people,activities,handing_box,box
20888,people,activities,pulling_box,box
20889,people,activities,unpacking_box,box
20890,people,activities,holding_violin,violin
20891,people,activities,tuning_guitar,guitar
20892,people,activities,leaning_on_bed,bed
20893,people,activities,chest,chest
20894,people,activities,holding_airway_device,device
20895,people,activities,pulse,pulse
20896,people,activities,applying_treatment,treatment
20897,people,activities,cpr,cpr
20898,people,activities,holding_stopwatch,stopwatch
20899,people,activities,lying_down,down
20900,people,activities,reading_leaflet,leaflet
20901,people,activities,pole,pole
20902,people,activities,settings,setting
20903,people,activities,touching_equipment,equipment
20904,people,activities,examining_circuits,circuit
20905,people,activities,hand_on_desk,desk
20906,people,activities,rail,rail
20907,people,activities,holding_handrail,handrail
20908,people,activities,reception,reception
20909,people,activities,dispensing_liquid,liquid
20910,people,activities,handling_vessel,vessel
20911,people,activities,handling_sculpture,sculpture
20912,people,activities,holding_vessel,vessel
20913,people,activities,touch,touch
20914,people,activities,touching_head,head
20915,people,activities,holding_child,child
20916,people,activities,head_tilt,tilt
20917,people,activities,looking_at_paper,paper
20918,people,activities,reviewing_paperwork,paperwork
20919,people,activities,taking_cover,cover
20920,people,activities,operating_consoles,console
20921,people,activities,preparing_pack,pack
20922,people,activities,tailoring,tailoring
20923,people,activities,examining_vest,vest
20924,people,activities,holding_garment,garment
20925,people,activities,watch,watch
20926,people,activities,by_taxi,taxi
20927,people,activities,leaning_on_truck,truck
20928,people,activities,holding_wineglass,wineglass
20929,people,age_range,adult,adult
20930,people,clothing_garment,pant,pant
20931,people,clothing_garment,trouser,trouser
20932,people,clothing_garment,suspender,suspender
20933,people,clothing_garment,boot,boot
20934,people,clothing_garment,jean,jean
20935,people,clothing_garment,sandal,sandal
20936,people,clothing_garment,legging,legging
20937,people,clothing_garment,heel,heel
20938,people,clothing_garment,cleat,cleat
20939,people,clothing_garment,short,shorts
20940,people,clothing_garment,racing_bib,bib
20941,people,clothing_garment,sports_top,top
20942,people,clothing_garment,running_shorts,shorts
20943,people,clothing_garment,backpack_(visible_straps),backpack
20944,people,clothing_garment,square,square
20945,people,clothing_garment,duffel_bag,bag
20946,people,clothing_garment,scrubs/top,scrubs
20947,people,clothing_garment,lab_coat_(work_uniform),coat
20948,people,clothing_garment,slipper,slipper
20949,people,clothing_garment,mitt,mitt
20950,people,clothing_garment,sneaker,sneaker
20951,people,clothing_garment,long_sleeve_polo,polo
20952,people,clothing_garment,tracksuit,tracksuit
20953,people,clothing_garment,high_visibility_coveralls,coverall
20954,people,clothing_garment,long_pants,pant
20955,people,clothing_garment,chef_coat_(uniform),coat
20956,people,clothing_garment,flat,flat
20957,people,clothing_garment,sheer_shawl,shawl
20958,people,clothing_garment,tulle_dress,dress
20959,people,clothing_garment,slacks,slack
20960,people,clothing_garment,scrubs/pants,scrubs
20961,people,clothing_garment,medical_top,top
20962,people,clothing_garment,towel/skirt,towel
20963,people,clothing_garment,bare_chest,chest
20964,people,clothing_garment,sheet/blanket,sheet
20965,people,clothing_garment,race_suit,suit
20966,people,clothing_garment,tool_pouches,pouch
20967,people,clothing_garment,air_cylinder_(scba),cylinder
20968,people,clothing_garment,scba_(air_tank),tank
20969,people,clothing_garment,scba_tank_/_backpack,backpack
20970,people,clothing_garment,fire_pants,pant
20971,people,clothing_garment,tag,tag
20972,people,clothing_garment,stocking,stocking
20973,people,clothing_garment,tie/scarf,tie
20974,people,clothing_garment,camouflage_uniform_pants,pant
20975,people,clothing_garment,camouflage_uniform_shirt,shirt
20976,people,clothing_garment,crossbelt,crossbelt
20977,people,clothing_garment,gaiters,gaiter
20978,people,clothing_garment,jacket/shirt,jacket
20979,people,clothing_garment,balaclava,balaclava
20980,people,clothing_garment,denim_shorts,shorts
20981,people,clothing_garment,scrub_skirt,skirt
20982,people,clothing_garment,short_sleeve_shirt_(uniform),shirt
20983,people,clothing_garment,checked_jacket,jacket
20984,people,clothing_garment,book,book
20985,people,clothing_garment,tab,tab
20986,people,clothing_garment,tabs_(neckband),neckband
20987,people,clothing_garment,band,band
20988,people,clothing_garment,high_visibility_suspenders,suspender
20989,people,clothing_garment,suit_sleeve,sleeve
20990,people,clothing_garment,clothing_color,color
20991,people,clothing_garment,head_bandage,bandage
20992,people,clothing_garment,medical_dress,dress
20993,people,clothing_garment,medical_tunic,tunic
20994,people,clothing_garment,underscrub,underscrub
20995,people,clothing_garment,clogs,clog
20996,people,clothing_garment,hospital_gown/top,gown
20997,people,clothing_garment,patient_gown_with_straps,patient
20998,people,clothing_garment,shirt/gown,shirt
20999,people,clothing_garment,medical_pants,pant
21000,people,clothing_garment,high_visibility_belt,belt
21001,people,clothing_garment,high_visibility_pants,pant
21002,people,clothing_garment,scrubs/trousers,scrubs
21003,people,clothing_garment,flight_vest,vest
21004,people,clothing_garment,parachute_harness,harness
21005,people,clothing_garment,visor_sunglasses,sunglasses
21006,people,clothing_garment,pilot_epaulet,epaulet
21007,people,clothing_garment,goggle,goggle
21008,people,clothing_garment,stripe,stripe
21009,people,clothing_garment,briefcase,briefcase
21010,people,clothing_garment,blouse/top,blouse
21011,people,clothing_garment,undergarment,undergarment
21012,people,clothing_garment,duty_belt_/_holster,holster
21013,people,clothing_garment,denim_skirt,skirt
21014,people,clothing_garment,kneepad,kneepad
21015,people,clothing_garment,cover,cover
21016,people,clothing_garment,covering,covering
21017,people,clothing_garment,shield,shield
21018,people,clothing_garment,eye_mask,mask
21019,people,clothing_garment,eye_protection,protection
21020,people,clothing_garment,scarf/collar,scarf
21021,people,clothing_garment,collared_blouse,blouse
21022,people,clothing_garment,jumper,jumper
21023,people,clothing_garment,epaulet/patch,epaulet
21024,people,clothing_garment,sleeves,sleeve
21025,people,clothing_garment,heavy_gloves,glove
21026,people,clothing_garment,cropped_pants,pant
21027,people,clothing_garment,vest/jacket,vest
21028,people,clothing_garment,plaid_short_sleeve_shirt,shirt
21029,people,clothing_garment,layer,layer
21030,people,clothing_garment,sleeveless_floral_top,top
21031,people,clothing_garment,tshirt,tshirt
21032,people,clothing_garment,skirt/trousers,skirt
21033,people,clothing_garment,underlayer,underlayer
21034,people,clothing_garment,t_shirt_(visible_underneath),t_shirt
21035,people,clothing_garment,short_sleeve_dress,dress
21036,people,clothing_garment,striped_apron,apron
21037,people,clothing_garment,necklaces,necklace
21038,people,clothing_garment,fringed_apron,apron
21039,people,clothing_garment,medal,medal
21040,people,clothing_garment,ribbon_medals,medal
21041,people,clothing_garment,tight,tight
21042,people,clothing_garment,suspenders/strap,suspender
21043,people,clothing_garment,skirt/pajama_bottoms,bottom
21044,people,clothing_garment,foot_covering,covering
21045,people,clothing_garment,leg_sleeve,sleeve
21046,people,clothing_garment,purse,purse
21047,people,clothing_garment,handheld_bag,bag
21048,people,clothing_garment,workout_pants,pant
21049,people,clothing_garment,high_visibility_strip,strip
21050,people,clothing_garment,breathing_tank,tank
21051,people,clothing_garment,flannel,flannel
21052,people,clothing_garment,camouflage_trousers,trouser
21053,people,clothing_garment,tunic/skirt,tunic
21054,people,clothing_garment,buttons,button
21055,people,clothing_garment,overall_dress,dress
21056,people,clothing_garment,protective_cape,cape
21057,people,clothing_garment,cuff,cuff
21058,people,clothing_garment,sleeveless_jumpsuit,jumpsuit
21059,people,clothing_garment,scrub_bottom,bottom
21060,people,clothing_garment,strip,strip
21061,people,clothing_garment,safety_vest_(reflective),vest
21062,people,clothing_garment,clipboard,clipboard
21063,people,clothing_garment,pajama_top,top
21064,people,clothing_garment,lanyard_/_badge,badge
21065,people,clothing_garment,harness/suspenders,harness
21066,people,clothing_garment,v_neck_shirt,shirt
21067,people,clothing_garment,striped_top,top
21068,people,clothing_garment,outfit,outfit
21069,people,clothing_garment,sleeveless_sweater,sweater
21070,people,clothing_garment,shirt_layers,layer
21071,people,clothing_garment,apron/pinafore,apron
21072,people,clothing_garment,floral_fabric/skirt,fabric
21073,people,clothing_garment,floral_blouse,blouse
21074,people,clothing_garment,skirt/dress,skirt
21075,people,clothing_garment,beige_blouse,blouse
21076,people,clothing_garment,white_collared_shirt,shirt
21077,people,clothing_garment,cami_top,top
21078,people,clothing_garment,ripped_jeans,jean
21079,people,clothing_garment,knit_top,top
21080,people,clothing_garment,chest_pouches,pouch
21081,people,clothing_garment,scrub_tunic,tunic
21082,people,clothing_garment,scrubs_(pants),scrubs
21083,people,clothing_garment,scrubs_(top),scrubs
21084,people,clothing_garment,seat_visible,visible
21085,people,clothing_garment,blue_cardigan,cardigan
21086,people,clothing_garment,brown_dress,dress
21087,people,clothing_garment,button_up_shirt_(work_uniform),shirt
21088,people,clothing_garment,vest_(work_uniform),vest
21089,people,clothing_garment,padded_vest,vest
21090,people,clothing_garment,skirt_or_apron,apron
21091,people,clothing_garment,skirt_with_suspenders,skirt
21092,people,clothing_garment,zip_up_sweater,sweater
21093,people,clothing_garment,strapless_dress,dress
21094,people,clothing_garment,boxing_gloves,glove
21095,people,clothing_garment,hand_wraps,wrap
21096,people,clothing_garment,running_spikes,spike
21097,people,clothing_garment,spikes,spike
21098,people,clothing_garment,cuff_detail,detail
21099,people,clothing_garment,blouse_collar,collar
21100,people,clothing_garment,bead_necklace,necklace
21101,people,clothing_garment,beaded_necklaces,necklace
21102,people,clothing_garment,beaded_sleeve,sleeve
21103,people,clothing_garment,decorative_chest_medallion,medallion
21104,people,clothing_garment,fur/feather_garment,garment
21105,people,clothing_garment,fur_mantle,mantle
21106,people,clothing_garment,fur_trim,trim
21107,people,clothing_garment,headdress_band,band
21108,people,clothing_garment,ballet_shoe,shoe
21109,people,clothing_garment,off_shoulder_dress,dress
21110,people,clothing_garment,apron/coverall,apron
21111,people,clothing_garment,air_pack_/_harness,harness
21112,people,clothing_garment,apparatus,apparatus
21113,people,clothing_garment,dress_top,top
21114,people,clothing_garment,navy_vest,vest
21115,people,clothing_garment,white_necktie,necktie
21116,people,clothing_garment,dress_uniform_coat,coat
21117,people,clothing_garment,shoulder_strap/bag,strap
21118,people,clothing_garment,webbing_pouches,pouch
21119,people,clothing_garment,overalls/pant,pant
21120,people,clothing_garment,clergy_tabs_/_collar,collar
21121,people,clothing_garment,tabs,tab
21122,people,clothing_garment,blue_vest,vest
21123,people,clothing_garment,white_button_down_shirt,shirt
21124,people,clothing_garment,leg_brace,brace
21125,people,clothing_garment,overshirt/jacket,overshirt
21126,people,clothing_garment,patches,patch
21127,people,clothing_garment,badge_(attached),badge
21128,people,clothing_garment,police_shirt_(with_police_lettering),lettering
21129,people,clothing_garment,uniform_jacket_(work_uniform),jacket
21130,people,clothing_garment,draped_dress,dress
21131,people,clothing_garment,torso,torso
21132,people,clothing_garment,embroidered_panel,panel
21133,people,clothing_garment,blouse_with_bow,blouse
21134,people,clothing_garment,star_badge,badge
21135,people,clothing_garment,off_shoulder_sleeve,sleeve
21136,people,clothing_garment,gaiter,gaiter
21137,people,clothing_garment,gown/cover,gown
21138,people,clothing_garment,hospital_sheet,sheet
21139,people,clothing_garment,sleeve_cover,cover
21140,people,expression,happy,happy
21141,people,expression,serious,seriou
21142,people,eyewear_type,eyeglass,eyeglass
21143,people,eyewear_type,sunglass,sunglasses
21144,people,eyewear_type,goggles,goggle
21145,people,eyewear_type,shield,shield
21146,people,facial_hair_style,sideburns,sideburn
21147,people,hair_style,braid,braid
21148,objects,items,beam,beam
21149,objects,items,gold_proscenium,proscenium
21150,objects,items,ornate_ceiling_trim,trim
21151,objects,items,balcony_railings,railing
21152,objects,items,touchscreen_tablet,tablet
21153,objects,items,wall_charts,chart
21154,objects,items,arches,arch
21155,objects,items,concrete_overpass,overpass
21156,objects,items,support_pillars,pillar
21157,objects,items,framing,framing
21158,objects,items,plank,plank
21159,objects,items,ladders,ladder
21160,objects,items,lumber_piles,pile
21161,objects,items,lumber_planks,plank
21162,objects,items,pile_of_lumber,pile
21163,objects,items,plywood_panels,panel
21164,objects,items,stud,stud
21165,objects,items,window_frames,frame
21166,objects,items,measure,measure
21167,objects,items,plan,plan
21168,objects,items,shelve,shelve
21169,objects,items,steel_columns,column
21170,objects,items,construction_debris,debri
21171,objects,items,hard_hats,hat
21172,objects,items,sawdust_pile,pile
21173,objects,items,window_panels,panel
21174,objects,items,canva,canva
21175,objects,items,rocking_chair,chair
21176,objects,items,studio_light_umbrella,umbrella
21177,objects,items,table_with_brushes,table
21178,objects,items,paint_brushes,brush
21179,objects,items,line,line
21180,objects,items,sports_bib,bib
21181,objects,items,fitness_watch,watch
21182,objects,items,bib_number,number
21183,objects,items,bleacher,bleacher
21184,objects,items,finish_tape,tape
21185,objects,items,marking,marking
21186,objects,items,running_shoe,shoe
21187,objects,items,athlete_bib,bib
21188,objects,items,starting_line,line
21189,objects,items,block,block
21190,objects,items,canopy_tent,tent
21191,objects,items,prosthetic_blade,blade
21192,objects,items,arrangement,arrangement
21193,objects,items,large_planter,planter
21194,objects,items,wood_column,column
21195,objects,items,lounge_chairs,chair
21196,objects,items,document_tray,tray
21197,objects,items,stack,stack
21198,objects,items,board,board
21199,objects,items,baking_racks,rack
21200,objects,items,oven_rack,rack
21201,objects,items,loave,loave
21202,objects,items,roll,roll
21203,objects,items,bread_(loaves),bread
21204,objects,items,tray_of_rolls,tray
21205,objects,items,jar_of_flour,jar
21206,objects,items,surface,surface
21207,objects,items,liquor_shelf,shelf
21208,objects,items,bar_countertop,countertop
21209,objects,items,ferns,fern
21210,objects,items,pruning_shears,shear
21211,objects,items,small_case,case
21212,objects,items,waist_pouch,pouch
21213,objects,items,water_filter_bottle,bottle
21214,objects,items,device,device
21215,objects,items,trail,trail
21216,objects,items,trunk,trunk
21217,objects,items,large_leaf,leaf
21218,objects,items,mushroom,mushroom
21219,objects,items,sampling_bottle,bottle
21220,objects,items,sampling_tool,tool
21221,objects,items,binocular,binocular
21222,objects,items,rod,rod
21223,objects,items,tong,tong
21224,objects,items,swords,sword
21225,objects,items,coal_bucket,bucket
21226,objects,items,red_bus,bus
21227,objects,items,wiper,wiper
21228,objects,items,yellow_bus,bus
21229,objects,items,wooden_plane,plane
21230,objects,items,electric_sander,sander
21231,objects,items,plane,plane
21232,objects,items,hand_planer,planer
21233,objects,items,miter_saw,saw
21234,objects,items,wood_blocks,block
21235,objects,items,goods,goods
21236,objects,items,terminal,terminal
21237,objects,items,weighing_scale_terminal,terminal
21238,objects,items,reader,reader
21239,objects,items,bowl_of_onions,bowl
21240,objects,items,receipt_paper,paper
21241,objects,items,menu_boards,board
21242,objects,items,bills,bill
21243,objects,items,paper_currency,currency
21244,objects,items,art,art
21245,objects,items,control,control
21246,objects,items,panoramic_window,window
21247,objects,items,leather_office_chair,chair
21248,objects,items,muffins,muffin
21249,objects,items,tomatoe,tomato
21250,objects,items,vegetable,vegetable
21251,objects,items,bowl_of_lettuce,bowl
21252,objects,items,carrot,carrot
21253,objects,items,green,green
21254,objects,items,green_vegetables,vegetable
21255,objects,items,stainless_steel_pots,pot
21256,objects,items,beaker_with_red_liquid,beaker
21257,objects,items,cylinder,cylinder
21258,objects,items,shelving_with_reagent_bottles,shelving
21259,objects,items,laboratory_shelves,shelve
21260,objects,items,eyeglass,eyeglass
21261,objects,items,framed_documents,document
21262,objects,items,picture,picture
21263,objects,items,wall_map,map
21264,objects,items,bread_trays,tray
21265,objects,items,extinguisher,extinguisher
21266,objects,items,wet_floor_sign,sign
21267,objects,items,dish_basin,basin
21268,objects,items,mop_bucket_with_wringer,mop
21269,objects,items,island,island
21270,objects,items,file_shelves,shelve
21271,objects,items,bookshelve,bookshelve
21272,objects,items,drawer,drawer
21273,objects,items,manila_folder,folder
21274,objects,items,blue_balls,ball
21275,objects,items,cones,cone
21276,objects,items,field_markings,marking
21277,objects,items,hockey_stick,stick
21278,objects,items,hoop,hoop
21279,objects,items,red_ball,ball
21280,objects,items,training_bibs,bib
21281,objects,items,white_ball,ball
21282,objects,items,wooden_stick,stick
21283,objects,items,bench_seats,seat
21284,objects,items,canopy_roof,roof
21285,objects,items,paved_track,track
21286,objects,items,playing_field,field
21287,objects,items,tennis_racket,racket
21288,objects,items,training_ball,ball
21289,objects,items,yard_marker,marker
21290,objects,items,baseball,baseball
21291,objects,items,stadium_light_poles,pole
21292,objects,items,bar_booth,booth
21293,objects,items,posters,poster
21294,objects,items,tv_screen,screen
21295,objects,items,round_lights,light
21296,objects,items,bulb,bulb
21297,objects,items,newspaper_clippings,clipping
21298,objects,items,red_leather_seat,seat
21299,objects,items,wooden_armrest,armrest
21300,objects,items,tables,table
21301,objects,items,construction_materials,material
21302,objects,items,pile,pile
21303,objects,items,surveying_tripod,tripod
21304,objects,items,tape,tape
21305,objects,items,wooden_scaffolding,scaffold
21306,objects,items,slab,slab
21307,objects,items,stacked_blocks,block
21308,objects,items,handsaw,handsaw
21309,objects,items,tripod_laser_level,level
21310,objects,items,kitchen_hood,hood
21311,objects,items,kitchen_range,range
21312,objects,items,countertop_with_vegetables,countertop
21313,objects,items,lemon,lemon
21314,objects,items,plate_of_fruit,plate
21315,objects,items,tray_of_vegetables,tray
21316,objects,items,ceiling_chandelier,chandelier
21317,objects,items,large_arched_windows,window
21318,objects,items,ornate_ceiling,ceiling
21319,objects,items,wooden_dance_floor,floor
21320,objects,items,balcony_lights,light
21321,objects,items,ornate_balcony,balcony
21322,objects,items,theater,theater
21323,objects,items,rig,rig
21324,objects,items,theatre_lights,light
21325,objects,items,auditorium,auditorium
21326,objects,items,ballet_slipper,slipper
21327,objects,items,tall_windows,window
21328,objects,items,theater_backdrop,backdrop
21329,objects,items,audience_chairs,chair
21330,objects,items,monitors,monitor
21331,objects,items,elevator_doors,door
21332,objects,items,metal_columns,column
21333,objects,items,wooden_wall_panels,panel
21334,objects,items,server_racks,rack
21335,objects,items,lab_analyzer,analyzer
21336,objects,items,pipette_rack,rack
21337,objects,items,pipette_station,station
21338,objects,items,shelf_of_glassware,shelf
21339,objects,items,laboratory_vials,vial
21340,objects,items,tubing_apparatus,apparatus
21341,objects,items,dental_cart,cart
21342,objects,items,dental_instrument_cart,cart
21343,objects,items,operatory_light,light
21344,objects,items,dental_cabinet,cabinet
21345,objects,items,dental_instrument_unit,unit
21346,objects,items,surgical_overhead_light,light
21347,objects,items,clay_sculptures,sculpture
21348,objects,items,wooden_sculptures,sculpture
21349,objects,items,drawing,drawing
21350,objects,items,work_desk,desk
21351,objects,items,intercom,intercom
21352,objects,items,file/folder,file
21353,objects,items,medical_cabinets,cabinet
21354,objects,items,tablet_clipboard,clipboard
21355,objects,items,medical_overhead_light,light
21356,objects,items,blue_convertible,convertible
21357,objects,items,shift,shift
21358,objects,items,barriers,barrier
21359,objects,items,race_car,car
21360,objects,items,racetrack,racetrack
21361,objects,items,racetrack_barrier,barrier
21362,objects,items,racetrack_curb,curb
21363,objects,items,sports_car,car
21364,objects,items,infotainment_system,system
21365,objects,items,car_door/window_frame,frame
21366,objects,items,cluster,cluster
21367,objects,items,speedometer,speedometer
21368,objects,items,headphone,headphone
21369,objects,items,apparatus,apparatus
21370,objects,items,flame,flame
21371,objects,items,tank,tank
21372,objects,items,wire,wire
21373,objects,items,ceiling_ductwork,ductwork
21374,objects,items,coiled_cables,cable
21375,objects,items,hanging_electrical_wires,wire
21376,objects,items,paint_tray,tray
21377,objects,items,battery_charger,charger
21378,objects,items,portable_generator,generator
21379,objects,items,portable_power_unit,unit
21380,objects,items,industrial_rig,rig
21381,objects,items,overhead_duct,duct
21382,objects,items,pressure_gauges,gauge
21383,objects,items,wrenches,wrench
21384,objects,items,tablet_keyboard,keyboard
21385,objects,items,laptop_tablet,tablet
21386,objects,items,whiteboard_display,display
21387,objects,items,racks,rack
21388,objects,items,shelving_racking,racking
21389,objects,items,assembly_fixtures,fixture
21390,objects,items,blue_bins,bin
21391,objects,items,filling_machines,machine
21392,objects,items,metal_panels,panel
21393,objects,items,part,part
21394,objects,items,machine_controls,control
21395,objects,items,metal_machinery,machinery
21396,objects,items,drill_heads,head
21397,objects,items,manufacturing_machine,machine
21398,objects,items,metal_piping,piping
21399,objects,items,power_grinder,grinder
21400,objects,items,bale,bale
21401,objects,items,crop,crop
21402,objects,items,grain,grain
21403,objects,items,plow,plow
21404,objects,items,row,row
21405,objects,items,straw_bundle,bundle
21406,objects,items,tractor_tire_tracks,track
21407,objects,items,mound,mound
21408,objects,items,overall,overall
21409,objects,items,field_furrows,furrow
21410,objects,items,furrowed_rows,row
21411,objects,items,plowed_rows,row
21412,objects,items,tilled_soil,soil
21413,objects,items,sheaves_of_wheat,sheave
21414,objects,items,plant_container,container
21415,objects,items,lighting_softbox,softbox
21416,objects,items,second_camera,camera
21417,objects,items,softbox_umbrella,umbrella
21418,objects,items,studio_backdrop,backdrop
21419,objects,items,tripod/dolly,tripod
21420,objects,items,director_chair,chair
21421,objects,items,softbox_lights,light
21422,objects,items,debri,debri
21423,objects,items,fan,fan
21424,objects,items,scba_(breathing_apparatus),apparatus
21425,objects,items,facade,facade
21426,objects,items,burning_debris,debri
21427,objects,items,airplane_seats,seat
21428,objects,items,clutch_bag,bag
21429,objects,items,overhead_bins,bin
21430,objects,items,seatback_screen,screen
21431,objects,items,beer_bottles,bottle
21432,objects,items,beverage_glass,glass
21433,objects,items,drink_carton,carton
21434,objects,items,service_tray,tray
21435,objects,items,tray_with_bottle,tray
21436,objects,items,tray_with_glasses,tray
21437,objects,items,aisle_carpet,carpet
21438,objects,items,armrests,armrest
21439,objects,items,carry_on_case,case
21440,objects,items,beverage_bottle,bottle
21441,objects,items,metal_carafe,carafe
21442,objects,items,toy,toy
21443,objects,items,bollards,bollard
21444,objects,items,dome,dome
21445,objects,items,flagpole,flagpole
21446,objects,items,tactical_vest/pouches,vest
21447,objects,items,hatbox,hatbox
21448,objects,items,tile,tile
21449,objects,items,ornate_metal_door,door
21450,objects,items,countertop_with_bottles,countertop
21451,objects,items,wash_sink,sink
21452,objects,items,hair_styling_tools,tool
21453,objects,items,product_counter,counter
21454,objects,items,salon_counter,counter
21455,objects,items,wash_basin,basin
21456,objects,items,lighted_mirror,mirror
21457,objects,items,styling_station,station
21458,objects,items,hair_tools,tool
21459,objects,items,mirror/vanity,mirror
21460,objects,items,double_sink,sink
21461,objects,items,floor_cleaner,cleaner
21462,objects,items,patient_chair,chair
21463,objects,items,cleaner,cleaner
21464,objects,items,sweeper,sweeper
21465,objects,items,wood_stove,stove
21466,objects,items,buffer,buffer
21467,objects,items,blue_mop_bucket,bucket
21468,objects,items,floor_machine,machine
21469,objects,items,floor_squeegee,squeegee
21470,objects,items,wet_floor_bucket,bucket
21471,objects,items,handheld_camera,camera
21472,objects,items,microphone_stands,stand
21473,objects,items,architectural_columns,column
21474,objects,items,cameras,camera
21475,objects,items,stained_glass_windows,window
21476,objects,items,wooden_pews,pew
21477,objects,items,desk_with_papers,desk
21478,objects,items,wooden_columns,column
21479,objects,items,files,file
21480,objects,items,hand_brush,brush
21481,objects,items,metal_tub,tub
21482,objects,items,wooden_ceiling_beams,beam
21483,objects,items,foundation,foundation
21484,objects,items,wall_studs,stud
21485,objects,items,open_folder,folder
21486,objects,items,leather_briefcase,briefcase
21487,objects,items,portrait_paintings,painting
21488,objects,items,candleholder,candleholder
21489,objects,items,component,component
21490,objects,items,industrial_press_machine,machine
21491,objects,items,metal_gear_assembly,gear
21492,objects,items,tooling_fixtures,fixture
21493,objects,items,mill,mill
21494,objects,items,bicycle_wheels,wheel
21495,objects,items,chest,chest
21496,objects,items,engine_parts,part
21497,objects,items,machine_tooling,tooling
21498,objects,items,metal_lathes,lathe
21499,objects,items,pegboard_with_hand_tools,pegboard
21500,objects,items,plier,plier
21501,objects,items,tool_cabinets,cabinet
21502,objects,items,floor_jack,jack
21503,objects,items,jumper_clamp,clamp
21504,objects,items,oil_drain_pan,pan
21505,objects,items,pickup_truck_front,pickup
21506,objects,items,air_hose,hose
21507,objects,items,license_plate,plate
21508,objects,items,tool_wall,wall
21509,objects,items,assembly_machine_panels,panel
21510,objects,items,assembly_platform,platform
21511,objects,items,overhead_gantry,gantry
21512,objects,items,packaging_machine,machine
21513,objects,items,yellow_products,product
21514,objects,items,pallet_stacker,stacker
21515,objects,items,platform_trolley,trolley
21516,objects,items,shelving/rack,shelving
21517,objects,items,bass,bass
21518,objects,items,bass_guitar,guitar
21519,objects,items,microphone_with_stand,microphone
21520,objects,items,eye_drop_bottle,bottle
21521,objects,items,suction_canisters,canister
21522,objects,items,supply,supply
21523,objects,items,drip,drip
21524,objects,items,recliner_chair,chair
21525,objects,items,supply_tray,tray
21526,objects,items,syringe/device,syringe
21527,objects,items,shelf_of_frames,shelf
21528,objects,items,display_island,island
21529,objects,items,wall_shelves,shelve
21530,objects,items,stools,stool
21531,objects,items,wall_shelving,shelving
21532,objects,items,display_cabinets,cabinet
21533,objects,items,bedside_cart,cart
21534,objects,items,gurney,gurney
21535,objects,items,hospital_gurney,gurney
21536,objects,items,overhead_medical_light,light
21537,objects,items,bandage_roll,roll
21538,objects,items,kit,kit
21539,objects,items,medicine_cabinet,cabinet
21540,objects,items,shelf_with_medical_supplies,shelf
21541,objects,items,counter/table,counter
21542,objects,items,interior,interior
21543,objects,items,medical_supply_cabinet,cabinet
21544,objects,items,oximeter,oximeter
21545,objects,items,blood_pressure_gauge,gauge
21546,objects,items,measuring_spoon,spoon
21547,objects,items,prescription_box,box
21548,objects,items,prescription_pill_bottles,bottle
21549,objects,items,box_packaging,package
21550,objects,items,pill_counting_tray,tray
21551,objects,items,pill_organizer,organizer
21552,objects,items,prescription_label,label
21553,objects,items,pharmacy_shelves,shelve
21554,objects,items,prescription_paper,paper
21555,objects,items,cabinetry,cabinet
21556,objects,items,head_table,table
21557,objects,items,wedding_bouquet,bouquet
21558,objects,items,floral_arrangements,arrangement
21559,objects,items,wedding_table,table
21560,objects,items,wooden_balcony_railing,railing
21561,objects,items,dining_tables,table
21562,objects,items,unit,unit
21563,objects,items,overhead_examination_light,light
21564,objects,items,workstation_counter,counter
21565,objects,items,medical_boxes,box
21566,objects,items,tropical_leaves,leave
21567,objects,items,automated_laboratory_apparatus,apparatus
21568,objects,items,bottles_with_amber_liquid,bottle
21569,objects,items,glassware_assembly,glassware
21570,objects,items,retort_stands,stand
21571,objects,items,support_stands,stand
21572,objects,items,tweezer,tweezer
21573,objects,items,clamp_stands,stand
21574,objects,items,analytical_instrument,instrument
21575,objects,items,glass_cylinders,cylinder
21576,objects,items,glassware_apparatus,apparatus
21577,objects,items,quadrant,quadrant
21578,objects,items,cockpit_instruments,instrument
21579,objects,items,cockpit_windows,window
21580,objects,items,control_yokes,yoke
21581,objects,items,airplane_wing,wing
21582,objects,items,overhead_switch_panel,panel
21583,objects,items,instrument_case,case
21584,objects,items,organ,organ
21585,objects,items,wooden_tables,table
21586,objects,items,spiral_notebook,notebook
21587,objects,items,drain_auger,auger
21588,objects,items,exposed_pipes,pipe
21589,objects,items,shower_enclosure,enclosure
21590,objects,items,vanity_cabinet,cabinet
21591,objects,items,holder,holder
21592,objects,items,inkpot,inkpot
21593,objects,items,inkwell,inkwell
21594,objects,items,oil_lamp,lamp
21595,objects,items,quill,quill
21596,objects,items,mat,mat
21597,objects,items,metal_railings,railing
21598,objects,items,police_cars,car
21599,objects,items,police_cruiser,cruiser
21600,objects,items,holstered_firearm,firearm
21601,objects,items,ceiling_dome,dome
21602,objects,items,round_clock,clock
21603,objects,items,table_with_papers,table
21604,objects,items,ceiling_mural,mural
21605,objects,items,desks,desk
21606,objects,items,papers/document,paper
21607,objects,items,stained_glass,glass
21608,objects,items,cockpit_controls,control
21609,objects,items,logbook,logbook
21610,objects,items,screens,screen
21611,objects,items,newsstand,newsstand
21612,objects,items,parcel,parcel
21613,objects,items,validator,validator
21614,objects,items,overhead_canopy,canopy
21615,objects,items,station_clock,clock
21616,objects,items,blue_white_train,train
21617,objects,items,green_yellow_train,train
21618,objects,items,handset,handset
21619,objects,items,ceiling_installation,installation
21620,objects,items,ceiling_sculpture,sculpture
21621,objects,items,curved_ceiling_light_fixture,fixture
21622,objects,items,large_glass_windows,window
21623,objects,items,chemical_bottles,bottle
21624,objects,items,paper_notebook,notebook
21625,objects,items,speakerphone,speakerphone
21626,objects,items,portable_meter,meter
21627,objects,items,glass_tubes,tube
21628,objects,items,mechanical_lab_apparatus,apparatus
21629,objects,items,glassware_bottles,bottle
21630,objects,items,lab_light,light
21631,objects,items,takeaway_cup,cup
21632,objects,items,takeaway_coffee_cup,cup
21633,objects,items,to_go_cup,cup
21634,objects,items,large_abstract_sculpture,sculpture
21635,objects,items,sculpting_stand,stand
21636,objects,items,sanding_pad,pad
21637,objects,items,female_figure_sculpture,sculpture
21638,objects,items,male_torso_sculpture,sculpture
21639,objects,items,hanging_garments,garment
21640,objects,items,dresses,dress
21641,objects,items,circular_well,well
21642,objects,items,sink_drain,drain
21643,objects,items,strainer,strainer
21644,objects,items,wooden_walkway,walkway
21645,objects,items,channel,channel
21646,objects,items,flooded_water,water
21647,objects,items,large_rusted_pipe,pipe
21648,objects,items,overhead_metal_pipes,pipe
21649,objects,items,hos,hos
21650,objects,items,industrial_drum,drum
21651,objects,items,pump_unit,unit
21652,objects,items,ceiling_ducts,duct
21653,objects,items,large_cylindrical_pipe,pipe
21654,objects,items,large_metal_pipe,pipe
21655,objects,items,metal_staircase,staircase
21656,objects,items,orange_buoys,buoy
21657,objects,items,orange_pipes,pipe
21658,objects,items,smaller_pipes_and_fittings,smaller
21659,objects,items,entrance,entrance
21660,objects,items,entrance_stairs,stair
21661,objects,items,long_firearm,firearm
21662,objects,items,pistol,pistol
21663,objects,items,police_truck,truck
21664,objects,items,sheriff_office_building,building
21665,objects,items,sheriff_pickup,pickup
21666,objects,items,clock_tower_building,building
21667,objects,items,historic_building,building
21668,objects,items,sheriff_pickup_truck,truck
21669,objects,items,handcuffs,handcuff
21670,objects,items,dogs,dog
21671,objects,items,outdoor_umbrella,umbrella
21672,objects,items,mount,mount
21673,objects,items,desk_partition,partition
21674,objects,items,bottles_on_shelves,shelve
21675,objects,items,milkshake_glass,glass
21676,objects,items,shot_glass,glass
21677,objects,items,cafe_canopy,canopy
21678,objects,items,goggle,goggle
21679,objects,items,industrial_cart,cart
21680,objects,items,radio/hydration_tube,tube
21681,objects,items,roll_up_metal_doors,door
21682,objects,items,sandbag,sandbag
21683,objects,items,audio_equipment_rack,rack
21684,objects,items,audio_rack,rack
21685,objects,items,rack_equipment,equipment
21686,objects,items,audio_mixing_console,console
21687,objects,items,studio_speakers,speaker
21688,objects,items,coil,coil
21689,objects,items,rack_mounted_audio_equipment,equipment
21690,objects,items,floor_to_ceiling_window,window
21691,objects,items,notebook/papers,notebook
21692,objects,items,medical_monitors,monitor
21693,objects,items,scalpel/forceps,scalpel
21694,objects,items,surgical_bed,bed
21695,objects,items,surgical_lights,light
21696,objects,items,drape,drape
21697,objects,items,surgical_instruments_tray,tray
21698,objects,items,operating_table/drape,table
21699,objects,items,surgical_microscope,microscope
21700,objects,items,patient,patient
21701,objects,items,anesthesia_tubing,tubing
21702,objects,items,surgical_retractor,retractor
21703,objects,items,form,form
21704,objects,items,leather,leather
21705,objects,items,hanging_fabrics,fabric
21706,objects,items,industrial_sewing_machine,machine
21707,objects,items,coats,coat
21708,objects,items,red_fabric,fabric
21709,objects,items,skyscrapers,skyscraper
21710,objects,items,high_rise_building,building
21711,objects,items,street_light,light
21712,objects,items,taxi_cab,cab
21713,objects,items,station_signage,signage
21714,objects,items,tactile_strip,strip
21715,objects,items,monitor_screens,screen
21716,objects,items,steering_controls,control
21717,objects,items,analog_gauge,gauge
21718,objects,items,navigation_screens,screen
21719,objects,items,arm,arm
21720,objects,items,floor_safety_markings,marking
21721,objects,items,tanker_truck,truck
21722,objects,items,pallet_rack,rack
21723,objects,items,platter,platter
21724,objects,items,bakery_display,display
21725,objects,items,cocktail,cocktail
21726,objects,items,coffee_server,server
21727,objects,items,large_glass,glass
21728,objects,items,milk_bottle,bottle
21729,objects,items,plate_with_pastry,plate
21730,objects,items,milkshake,milkshake
21731,objects,items,juice_glass,glass
21732,objects,items,spider_web,web
21733,objects,items,piece,piece
21734,objects,items,welder,welder
21735,objects,items,digital_display_screens,screen
21736,objects,items,overhead_signs,sign
21737,objects,items,platform_screen_doors,door
21738,objects,items,subway_tracks,track
21739,objects,items,tile_walls,wall
21740,objects,items,yellow_pillars,pillar
21741,objects,items,building_windows,window
21742,objects,items,garden_path_stones,stone
21743,objects,items,garden_shrub,shrub
21744,objects,items,potted_plant_with_purple_flowers,potted
21745,objects,items,wand,wand
21746,objects,items,paper_coffee_cup,cup
21747,objects,items,banana,banana
21748,objects,items,produce_(pineapples/lemons),pineapples
21749,objects,items,structure,structure
21750,objects,items,circular_platform,platform
21751,objects,items,elevated_glass_structure,structure
21752,objects,items,round_building,building
21753,objects,items,park_benches,bench
21754,objects,items,elevated_walkway,walkway
21755,objects,items,paved_plaza,plaza
21756,objects,items,step,step
21757,objects,items,plate_with_flatbread,plate
21758,objects,items,waffles,waffle
21759,objects,items,row_house,house
21760,objects,items,aisle_shelving,shelving
21761,objects,items,flyer,flyer
21762,objects,items,advertising_panel,panel
21763,objects,items,plate_with_lemons,plate
21764,objects,items,blender/food_processor,processor
21765,objects,items,cooker,cooker
21766,objects,items,plate_with_eggs,plate
21767,objects,items,shaker_cup,cup
21768,objects,items,cobblestone_path,path
21769,objects,items,iron_fence,fence
21770,objects,items,porch_lamp,lamp
21771,objects,items,row_houses,hou
21772,objects,items,large_potted_plant,plant
21773,objects,items,decorative_teapot,teapot
21774,objects,items,ornamental_fountain,fountain
21775,objects,items,pedestal_planters,planter
21776,objects,items,topiary_bush,bush
21777,objects,items,topiary_shrubs,shrub
21778,objects,items,flower,flower
21779,objects,items,garden_rake,rake
21780,objects,items,garden_urn,urn
21781,objects,items,metal_arbor,arbor
21782,objects,items,pedestal_table,table
21783,objects,items,topiary_shrub,shrub
21784,objects,items,garden_pump,pump
21785,objects,items,stair,stair
21786,objects,items,teddy_bear,bear
21787,objects,items,bread_buns,bun
21788,objects,items,playground_carousel,carousel
21789,objects,items,sand_tray,tray
21790,objects,items,stall,stall
21791,objects,items,tray_of_bread,tray
21792,objects,items,peel,peel
21793,objects,items,wicker_baskets,basket
21794,objects,items,wooden_cake_stand,stand
21795,objects,items,raised_wooden_planter,planter
21796,objects,items,bread_stand,stand
21797,objects,items,flower_basket,basket
21798,objects,items,paddle,paddle
21799,objects,items,tiered_stand,stand
21800,objects,items,terracotta_planter,planter
21801,objects,items,spout,spout
21802,objects,items,wooden_planter_table,table
21803,objects,items,houses,hou
21804,objects,items,produce_section,section
21805,objects,items,shopping_baskets,basket
21806,objects,items,assorted_produce,produce
21807,objects,items,packaged_sausages,sausage
21808,objects,items,metal_paddle,paddle
21809,objects,items,roasting_trough,trough
21810,objects,items,workbench/forge_hearth,hearth
21811,objects,items,copper_oven,oven
21812,objects,items,large_vat,vat
21813,objects,items,hanging_pendant_lamps,lamp
21814,objects,items,produce_scale,scale
21815,objects,items,shelf_with_jars,shelf
21816,objects,items,shovels,shovel
21817,objects,items,wooden_produce_crates,crate
21818,objects,items,grain_trays,tray
21819,objects,items,hanging_metal_rings,ring
21820,objects,items,hanging_metal_tools,tool
21821,objects,items,bread_baskets,basket
21822,objects,items,vegetable_display,display
21823,objects,items,wooden_baskets,basket
21824,objects,items,hanging_tongs,tong
21825,objects,items,metal_jug,jug
21826,objects,items,ashtray,ashtray
21827,objects,items,ceramic_coffee_cup,cup
21828,objects,items,travel_coffee_cup,cup
21829,objects,items,glass_door_refrigerated_case,case
21830,objects,items,toolbelt_with_tools,toolbelt
21831,objects,items,work_cart,cart
21832,objects,items,envelope,envelope
21833,objects,items,shaving,shaving
21834,objects,items,digital_menu_screens,screen
21835,objects,items,grow_light,light
21836,objects,items,market_umbrella,umbrella
21837,objects,items,basket_of_lemons,basket
21838,objects,items,egg,egg
21839,objects,items,flower_planters,planter
21840,objects,items,produce_display_stand,stand
21841,objects,items,wooden_planter,planter
21842,objects,items,digital_kiosk,kiosk
21843,objects,items,framed_painting_(center),painting
21844,objects,items,glass_installation,installation
21845,objects,items,skylights,skylight
21846,objects,items,text_panel,panel
21847,objects,items,track_light,light
21848,objects,items,fruit_displays,display
21849,objects,items,fruits_vegetables,vegetable
21850,objects,items,serving_board,board
21851,objects,items,cooking_grill,grill
21852,objects,items,park_sign,sign
21853,objects,items,lab_glassware_assembly,glassware
21854,objects,items,metal_stand,stand
21855,objects,items,park_kiosk,kiosk
21856,objects,items,shelving_display,display
21857,objects,items,pet_carrier,carrier
21858,objects,items,beaded_necklaces,necklace
21859,objects,items,ceremonial_medallion,medallion
21860,objects,items,stump,stump
21861,objects,items,tan_jacket,jacket
21862,objects,items,fire_hydrant,hydrant
21863,objects,items,potatoe,potatoe
21864,objects,items,street_cleaning_machine,machine
21865,objects,items,street_sweeper_machine,machine
21866,objects,items,yellow_van,van
21867,objects,items,broom/vacuum,broom
21868,objects,items,leaf_scoop,scoop
21869,objects,items,large_red_book,book
21870,objects,items,yellow_folder,folder
21871,objects,items,floor_nozzle,nozzle
21872,objects,items,floor_polisher,polisher
21873,objects,items,mower,mower
21874,objects,items,vacuum_hose,hose
21875,objects,items,vacuum_tool,tool
21876,objects,items,sketchbook,sketchbook
21877,objects,items,birdbath,birdbath
21878,objects,items,gardening_cart,cart
21879,objects,items,plant_basket,basket
21880,objects,items,wooden_work_table,table
21881,objects,items,grassy_lawn,lawn
21882,objects,items,office_buildings,building
21883,objects,items,billboard,billboard
21884,objects,items,concrete_bowl,bowl
21885,objects,items,graffiti_wall,wall
21886,objects,items,skate_ramps,ramp
21887,objects,items,handheld_radio,radio
21888,objects,items,phone_handset,handset
21889,objects,items,fruit_rack,rack
21890,objects,items,refrigerated_display_cases,cas
21891,objects,items,produce_(tomatoes/oranges),tomatoes
21892,objects,items,shower_curtain,curtain
21893,objects,items,rolling_shopping_cart,cart
21894,objects,items,metal_framework,framework
21895,objects,items,stake,stake
21896,objects,items,walking_leash,leash
21897,objects,items,dump_truck,truck
21898,objects,items,front_loader,loader
21899,objects,items,exhaust_hood,hood
21900,objects,items,serving_plate,plate
21901,objects,items,leather_couch,couch
21902,objects,items,maker,maker
21903,objects,items,teacup,teacup
21904,objects,items,brown_leather_bag,bag
21905,objects,items,edge,edge
21906,objects,items,large_dog,dog
21907,objects,items,small_dog,dog
21908,objects,items,colander,colander
21909,objects,items,parking_meter,meter
21910,objects,items,market_table,table
21911,objects,items,purple_cabbage,cabbage
21912,objects,items,dental_chair_unit,unit
21913,objects,items,dinosaur_skull,skull
21914,objects,items,framed_dental_images,image
21915,objects,items,framed_displays,display
21916,objects,items,grape,grape
21917,objects,items,model,model
21918,objects,items,parking_lot_markings,marking
21919,objects,items,sunglass,sunglasses
21920,objects,items,hose/wand,hose
21921,objects,items,paving_stones,stone
21922,objects,items,terracotta_plant_pots,pot
21923,objects,items,grocery_produce,produce
21924,objects,items,box_cart,cart
21925,objects,items,stacked_fruits_and_vegetables,stacked
21926,objects,items,baseball_field,field
21927,objects,items,bagged_salad,salad
21928,objects,items,wicker_shopping_basket,basket
21929,objects,items,vegetable_produce,produce
21930,objects,items,grocery,grocery
21931,objects,items,alarm_clock,clock
21932,objects,items,small_white_dog,dog
21933,objects,items,lot,lot
21934,objects,items,parking_garage,garage
21935,objects,items,silver_car,car
21936,objects,items,irrigation_post,post
21937,objects,items,standing_desk,desk
21938,objects,items,blossom,blossom
21939,objects,items,battle_rope,rope
21940,objects,items,bike,bike
21941,objects,items,push_up_bars,bar
21942,objects,items,power_unit,unit
21943,objects,items,shopping_crate,crate
21944,objects,items,produce_case,case
21945,objects,items,handheld_tools,tool
21946,objects,items,gondola_shelving,shelving
21947,objects,items,tag,tag
21948,objects,items,ice_cream_cup,cup
21949,objects,items,bottled/packaged_drinks,drink
21950,objects,items,shelves_of_packaged_goods,shelve
21951,objects,items,dog_toy,toy
21952,objects,items,metal_tunnel,tunnel
21953,objects,items,meat_packages,package
21954,objects,items,shop_displays,display
21955,objects,items,remote,remote
21956,objects,items,throw_pillows,pillow
21957,objects,items,pillows,pillow
21958,objects,items,rolled_hoses,hos
21959,objects,items,backpack_tank,tank
21960,objects,items,fire_extinguisher_backpack,backpack
21961,objects,items,water_tank_backpack,backpack
21962,objects,items,fire_axe,axe
21963,objects,items,gas_can,can
21964,objects,items,portable_canister,canister
21965,objects,items,portable_fan,fan
21966,objects,items,red_cylinder_tank,tank
21967,objects,items,pancakes,pancake
21968,objects,items,plate_(fruit),plate
21969,objects,items,plate_(meat),plate
21970,objects,items,blue_briefcase,briefcase
21971,objects,items,clutch,clutch
21972,objects,items,purse,purse
21973,objects,items,cup_with_straw,cup
21974,objects,items,french_fries,fry
21975,objects,items,small_bowl,bowl
21976,objects,items,pool_table,table
21977,objects,items,iron_railing,railing
21978,objects,items,window_grille,grille
21979,objects,items,exercise_chair,chair
21980,objects,items,mirror_with_products,mirror
21981,objects,items,salon_product_bottles,bottle
21982,objects,items,shampoo_basin,basin
21983,objects,items,item,item
21984,objects,items,motorized_cart,cart
21985,objects,items,produce_table,table
21986,objects,items,bottles_(hair_products),product
21987,objects,items,cosmetic_bottles,bottle
21988,objects,items,electric_clipper,clipper
21989,objects,items,mirror/styling_station,station
21990,objects,items,mirror_counter,counter
21991,objects,items,product_shelving,shelving
21992,objects,items,round_brush,brush
21993,objects,items,hallway_doors,door
21994,objects,items,linens,linen
21995,objects,items,housekeeping_cart,cart
21996,objects,items,plastic_basin,basin
21997,objects,items,leaf_pile,pile
21998,objects,items,phone_kiosk,kiosk
21999,objects,items,red_bin,bin
22000,objects,items,ticket_kiosk,kiosk
22001,objects,items,bucket_with_wringer,bucket
22002,objects,items,reacher_tool,tool
22003,objects,items,yellow_buckets,bucket
22004,objects,items,rolling_basket,basket
22005,objects,items,wooden_scraper,scraper
22006,objects,items,sconce,sconce
22007,objects,items,grocery_aisle_shelves,shelve
22008,objects,items,stone_monument,monument
22009,objects,items,stone_table,table
22010,objects,items,hand_rake,rake
22011,objects,items,topiary_hedge,hedge
22012,objects,items,garden_scoop,scoop
22013,objects,items,raised_flower_bed,bed
22014,objects,items,bags_of_produce,bag
22015,objects,items,cabbages,cabbage
22016,objects,items,ear_of_corn,ear
22017,objects,items,vegetable_crate,crate
22018,objects,items,bus_stop_kiosk,kiosk
22019,objects,items,pepper,pepper
22020,objects,items,list,list
22021,objects,items,mechanical_equipment,equipment
22022,objects,items,orange_truck,truck
22023,objects,items,utility_trailer,trailer
22024,objects,items,hanging_signage,signage
22025,objects,items,price_gun,gun
22026,objects,items,ticket_gate,gate
22027,objects,items,cooky,cooky
22028,objects,items,stove/oven_range,range
22029,objects,items,cookie_sheet,sheet
22030,objects,items,glass_cloche,cloche
22031,objects,items,oven_hood,hood
22032,objects,items,toaster_oven,oven
22033,objects,items,apartment_buildings,building
22034,objects,items,automotive_part,part
22035,objects,items,engine_assembly,engine
22036,objects,items,metal_rotor,rotor
22037,objects,items,red_car_body,body
22038,objects,items,classic_car,car
22039,objects,items,tire_stack,stack
22040,objects,items,vehicle_parts,part
22041,objects,items,counter_register,register
22042,objects,items,hose_reel,reel
22043,objects,items,metal_drawers,drawer
22044,objects,items,jug,jug
22045,objects,items,power_tools,tool
22046,objects,items,park_railing,railing
22047,objects,items,playground_bars,bar
22048,objects,items,sandbox,sandbox
22049,objects,items,shade_canopy,canopy
22050,objects,items,tug_toy,toy
22051,objects,items,brick_house,house
22052,objects,items,garden_tools,tool
22053,objects,items,lawn_machine,machine
22054,objects,items,motorized_wheelbarrow,wheelbarrow
22055,objects,items,planter_beds,bed
22056,objects,items,riding_lawn_mower,mower
22057,objects,items,brick_patio,patio
22058,objects,items,hose/sprayer,hose
22059,objects,items,hedges,hedge
22060,objects,items,potted_shrub,shrub
22061,objects,items,garden_shed_door,door
22062,objects,items,trelli,trelli
22063,objects,items,wagon,wagon
22064,objects,items,watering_cart,cart
22065,objects,items,wooden_plant_stand,stand
22066,objects,items,large_acoustic_guitar,guitar
22067,objects,items,leather_armchair,armchair
22068,objects,items,leather_bench,bench
22069,objects,items,musical_instrument,instrument
22070,objects,items,infield_dirt,dirt
22071,objects,items,advertisement_board,board
22072,objects,items,digital_display_kiosk,kiosk
22073,objects,items,lens_tray,tray
22074,objects,items,patio_umbrellas,umbrella
22075,objects,items,planter_stand,stand
22076,objects,items,watering_pump,pump
22077,objects,items,miniature_garden,garden
22078,objects,items,potted_planters,planter
22079,objects,items,aerobic_step,step
22080,objects,items,flat_bench,bench
22081,objects,items,punching_bag,bag
22082,objects,items,step_platform,platform
22083,objects,items,wood_floor,floor
22084,objects,items,robot_cart,cart
22085,objects,items,orange_bottle,bottle
22086,objects,items,shade_umbrellas,umbrella
22087,objects,items,light_post,post
22088,objects,items,coiled_cord,cord
22089,objects,items,historical_building,building
22090,objects,items,small_produce_trolley,trolley
22091,objects,items,reading_lamps,lamp
22092,objects,items,sofas,sofa
22093,objects,items,roast,roast
22094,objects,items,apples_and_oranges,apple
22095,objects,items,yellow_squash,squash
22096,objects,items,digging_tool,tool
22097,objects,items,orange_plastic_boot,boot
22098,objects,items,sink_cabinet,cabinet
22099,objects,items,utility_valve,valve
22100,objects,items,irrigation_valve,valve
22101,objects,items,metal_pipe_assembly,pipe
22102,objects,items,spray_gun,gun
22103,objects,items,lunchbox,lunchbox
22104,objects,items,building_columns,column
22105,objects,items,patch_of_grass,patch
22106,objects,items,dome_(building),building
22107,objects,items,police_van,van
22108,objects,items,shelving/display,shelving
22109,objects,items,overhead_structure,structure
22110,objects,items,folio,folio
22111,objects,items,produce_display_rack,rack
22112,objects,items,meat_display,display
22113,objects,items,grocery_aisle_shelving,shelving
22114,objects,items,packaged_food_shelves,shelve
22115,objects,items,advertising_display,display
22116,objects,items,kiosk_canopy,canopy
22117,objects,items,merry_go_round,round
22118,objects,items,playground_railing,railing
22119,objects,items,rope_net,net
22120,objects,items,rubber_ground,ground
22121,objects,items,spiral_climber,climber
22122,objects,items,spiral_slide,slide
22123,objects,items,swing,swing
22124,objects,items,swings,swing
22125,objects,items,brewer,brewer
22126,objects,items,coffee_kettle,kettle
22127,objects,items,espresso_maker,maker
22128,objects,items,gooseneck_kettle,kettle
22129,objects,items,mugs,mug
22130,objects,items,pour_over_brewer,brewer
22131,objects,items,bowl_of_herbs,bowl
22132,objects,items,kitchen_table,table
22133,objects,items,ceramic_mugs,mug
22134,objects,items,dripper,dripper
22135,objects,items,ledge,ledge
22136,objects,items,greenhouse_shelving,shelving
22137,objects,items,service_robot,robot
22138,objects,items,dryers,dryer
22139,objects,items,folded_laundry,laundry
22140,objects,items,laundry,laundry
22141,objects,items,laundry_bag,bag
22142,objects,items,pile_of_towels,pile
22143,objects,items,washing_machines,machine
22144,objects,items,abstract_sculpture,sculpture
22145,objects,items,reading_table,table
22146,objects,items,bags,bag
22147,objects,items,clothe,clothe
22148,objects,items,fabric_pile,pile
22149,objects,items,glass_booth,booth
22150,objects,items,bowl_of_peas,bowl
22151,objects,items,bundle_of_strands,bundle
22152,objects,items,ironing_board,board
22153,objects,items,kitchen_towel,towel
22154,objects,items,court,court
22155,objects,items,tennis_ball,ball
22156,objects,items,yellow_posts,post
22157,objects,items,circular_floor_pool,pool
22158,objects,items,coiled_hoses,hos
22159,objects,items,large_circular_pipe_opening,opening
22160,objects,items,rectangular_drain_pit,pit
22161,objects,items,sinks,sink
22162,objects,items,water_filled_pit,pit
22163,objects,items,hydroponic_basin,basin
22164,objects,items,potting_soil,soil
22165,objects,items,water_tray,tray
22166,objects,items,circular_brick_pools,pool
22167,objects,items,circular_grate,grate
22168,objects,items,metal_drain_opening,opening
22169,objects,items,garden_fountain,fountain
22170,objects,items,pond_basin,basin
22171,objects,items,brick_walkway,walkway
22172,objects,items,lily_pad,pad
22173,objects,items,paved_stones,stone
22174,objects,items,rectangular_pool,pool
22175,objects,items,stone_paving,paving
22176,objects,items,pebble,pebble
22177,objects,items,rain_barrel,barrel
22178,objects,items,stone_pavers,paver
22179,objects,items,patio_couch,couch
22180,objects,items,porch_light,light
22181,objects,items,duty_belt_holster,holster
22182,objects,items,juice,juice
22183,objects,items,carport,carport
22184,objects,items,carrier,carrier
22185,objects,items,good,good
22186,objects,items,soundboard,soundboard
22187,objects,items,tent,tent
22188,objects,items,umbrella_table,table
22189,objects,items,cardio_console,console
22190,objects,items,gym_machines,machine
22191,objects,items,push_up_handles,handle
22192,objects,items,rowing_machine,machine
22193,objects,items,treadmills,treadmill
22194,objects,items,produce_(fruits_vegetables),vegetable
22195,objects,items,driveway,driveway
22196,objects,items,parking_gate,gate
22197,objects,items,residential_building,building
22198,objects,items,stop,stop
22199,objects,items,white_bottle,bottle
22200,objects,items,red_container,container
22201,objects,items,rolled_fabric,fabric
22202,objects,items,coat_(framed),coar
22203,objects,items,paintings_(framed),painting
22204,objects,items,display_cart,cart
22205,objects,items,produce_on_shelves,shelve
22206,objects,items,shelving_with_packaged_goods,shelving
22207,objects,items,fabric_piles,pile
22208,objects,items,fabric_table/roll,table
22209,objects,items,folded_textiles,textile
22210,objects,items,tagging_gun,gun
22211,objects,items,bus_shelter_frame,frame
22212,objects,items,street_bollard,bollard
22213,objects,items,display_platform,platform
22214,objects,items,framed_photographs,photograph
22215,objects,items,left_framed_painting,painting
22216,objects,items,right_framed_painting,painting
22217,objects,items,small_framed_photograph,photograph
22218,objects,items,flyers,flyer
22219,objects,items,school_bus,bus
22220,objects,items,salmon,salmon
22221,objects,items,wallet,wallet
22222,objects,items,radio_console,console
22223,objects,items,train_engine,engine
22224,objects,items,wooden_dashboard,dashboard
22225,objects,items,garden_bushes,bush
22226,objects,items,pink_flowering_pot,pot
22227,objects,items,purple_vehicle,vehicle
22228,objects,items,lobby_chairs,chair
22229,objects,items,kayak,kayak
22230,objects,items,parking_lot_pavement,pavement
22231,objects,items,shot_put,put
22232,objects,items,turf_mat,mat
22233,objects,items,work_pants,pant
22234,objects,items,avocado,avocado
22235,objects,items,ice_bucket,bucket
22236,objects,items,cupcakes,cupcake
22237,objects,items,plate_with_pastries,plate
22238,objects,items,sauce_bowl,bowl
22239,objects,items,metal_tank,tank
22240,objects,items,potting_machine,machine
22241,objects,items,watering_device,device
22242,objects,items,green_tub,tub
22243,objects,items,metal_edging,edging
22244,objects,items,power_cables,cable
22245,objects,items,sprinkler_nozzle,nozzle
22246,objects,items,hose/nozzle,hose
22247,objects,items,soil_compactor,compactor
22248,objects,items,blurred_interior,interior
22249,objects,items,wooden_ceiling_beam,beam
22250,objects,items,sectional_sofa,sofa
22251,objects,items,wooden_coffee_table,table
22252,objects,items,daybed,daybed
22253,objects,items,cleat,cleat
22254,objects,items,padded_bar,bar
22255,objects,items,track_surface,surface
22256,objects,items,hand_wraps,wrap
22257,objects,items,red_shorts,shorts
22258,objects,items,tennis_court,court
22259,objects,items,tennis_net,net
22260,objects,items,ornamental_panel,panel
22261,objects,items,pulpit,pulpit
22262,objects,items,round_wooden_console,console
22263,objects,items,stained_glass_arched_window,window
22264,objects,items,condiment_tray,tray
22265,objects,items,croissants,croissant
22266,objects,items,baking_basket,basket
22267,objects,items,bar_lamps,lamp
22268,objects,items,aquarium,aquarium
22269,objects,items,forcep,forcep
22270,objects,items,turtle,turtle
22271,objects,items,metal_buckets,bucket
22272,objects,items,destination_sign,sign
22273,objects,items,metal_seat_frame,frame
22274,objects,items,planer,planer
22275,objects,items,snack,snack
22276,objects,items,coat_rack,rack
22277,objects,items,herb,herb
22278,objects,items,ladles,ladle
22279,objects,items,bead,bead
22280,objects,items,bead_necklace,necklace
22281,objects,items,feathered_robe,robe
22282,objects,items,beaded_headband,headband
22283,objects,items,bone_breastplate,breastplate
22284,objects,items,mop_head,head
22285,objects,items,canister_vacuum,vacuum
22286,objects,items,large_basin,basin
22287,objects,items,organizer,organizer
22288,objects,items,stacked_packets,packet
22289,objects,items,leather_seat,seat
22290,objects,items,leather_seats,seat
22291,objects,items,overhead_cabinet,cabinet
22292,objects,items,overhead_cabinets,cabinet
22293,objects,items,wooden_cabinetry,cabinet
22294,objects,items,striped_shirt,shirt
22295,objects,items,pants,pant
22296,objects,items,square,square
22297,objects,items,lumber_framing,framing
22298,objects,items,construction_lift,lift
22299,objects,items,lumber_shelves,shelve
22300,objects,items,sawhorse,sawhorse
22301,objects,items,roasted_chicken,chicken
22302,objects,items,pointe_shoe,shoe
22303,objects,items,studio_wall,wall
22304,objects,items,ballet_slippers,slipper
22305,objects,items,dance_studio_floor,floor
22306,objects,items,chart_graphs,graph
22307,objects,items,data_graph,graph
22308,objects,items,grid,grid
22309,objects,items,dental_stool,stool
22310,objects,items,operating_dental_light,light
22311,objects,items,framed_newspaper,newspaper
22312,objects,items,revolver,revolver
22313,objects,items,vintage_car,car
22314,objects,items,bar_stools,stool
22315,objects,items,sliding_glass_doors,door
22316,objects,items,swimming_pool,pool
22317,objects,items,front_seat,seat
22318,objects,items,photographs,photograph
22319,objects,items,terminal_blocks,block
22320,objects,items,test_probe,probe
22321,objects,items,coiled_wires,wire
22322,objects,items,wiring_cables,cable
22323,objects,items,hydraulic_arm,arm
22324,objects,items,jet_engine,engine
22325,objects,items,refinery,refinery
22326,objects,items,industrial_metal_framework,framework
22327,objects,items,large_spherical_vessel,vessel
22328,objects,items,machinery_rack,rack
22329,objects,items,switches,switch
22330,objects,items,industrial_valve,valve
22331,objects,items,metal_sheets,sheet
22332,objects,items,farm_implement,implement
22333,objects,items,lettuce_plants,plant
22334,objects,items,straw_bale,bale
22335,objects,items,gourd,gourd
22336,objects,items,breathing_regulator,regulator
22337,objects,items,inflight_entertainment_screen,screen
22338,objects,items,compartment,compartment
22339,objects,items,instrument_dial,dial
22340,objects,items,chips,chip
22341,objects,items,miniature_figures,figure
22342,objects,items,wooden_cabin,cabin
22343,objects,items,epaulette,epaulette
22344,objects,items,ornate_iron_gate,gate
22345,objects,items,portico,portico
22346,objects,items,ribbon,ribbon
22347,objects,items,sink/counter,sink
22348,objects,items,vanity_counter,counter
22349,objects,items,top_load_washer,washer
22350,objects,items,scraper,scraper
22351,objects,items,cleaning_hose,hose
22352,objects,items,metal_shelving_unit,unit
22353,objects,items,window_railing,railing
22354,objects,items,work_boots,boot
22355,objects,items,external_flash,flash
22356,objects,items,clay_column,column
22357,objects,items,concrete_form,form
22358,objects,items,logs,log
22359,objects,items,powder,powder
22360,objects,items,straw_bundles,bundle
22361,objects,items,wooden_trough,trough
22362,objects,items,wooden_window,window
22363,objects,items,burlap_sack,sack
22364,objects,items,compressed_sawdust_bricks,brick
22365,objects,items,pile_of_grain,pile
22366,objects,items,brick_facade,facade
22367,objects,items,industrial_lamp,lamp
22368,objects,items,industrial_lathe,lathe
22369,objects,items,air_impact_wrench,wrench
22370,objects,items,yellow_oil_containers,container
22371,objects,items,brake_rotor,rotor
22372,objects,items,engine_hoist,hoist
22373,objects,items,moving_truck,truck
22374,objects,items,open_cardboard_box,box
22375,objects,items,packing_tape,tape
22376,objects,items,box_trailer,trailer
22377,objects,items,plastic_water_jug,jug
22378,objects,items,tail_lift,lift
22379,objects,items,truck_ramp,ramp
22380,objects,items,scrub,scrubs
22381,objects,items,medical_poster,poster
22382,objects,items,nurse_hat,hat
22383,objects,items,glasses_display_stand,stand
22384,objects,items,head,head
22385,objects,items,bag_valve_mask,mask
22386,objects,items,emergency_vehicle,vehicle
22387,objects,items,emergency_light_bar,bar
22388,objects,items,truck_wheel,wheel
22389,objects,items,pill_trays,tray
22390,objects,items,len,len
22391,objects,items,cable_bundle,bundle
22392,objects,items,electronic_equipment,equipment
22393,objects,items,instrument_(glass_enclosure),enclosure
22394,objects,items,metal_ductwork,ductwork
22395,objects,items,aircraft_cockpit,cockpit
22396,objects,items,cockpit_canopy,canopy
22397,objects,items,control_stick,stick
22398,objects,items,oxygen_hose,hose
22399,objects,items,propeller,propeller
22400,objects,items,cloud,cloud
22401,objects,items,landing_gear,gear
22402,objects,items,parachute_pack,pack
22403,objects,items,seaplane,seaplane
22404,objects,items,plumbing_tool,tool
22405,objects,items,toilet_bowl,bowl
22406,objects,items,manuscript_pages,page
22407,objects,items,parked_cars,car
22408,objects,items,capitol_building,building
22409,objects,items,leather_portfolio,portfolio
22410,objects,items,conductor_cap,cap
22411,objects,items,conductor_hat,hat
22412,objects,items,handrail_pole,pole
22413,objects,items,wooden_seat,seat
22414,objects,items,leather_pouch,pouch
22415,objects,items,wooden_bench_seat,seat
22416,objects,items,open_catalog,catalog
22417,objects,items,prints,print
22418,objects,items,stacked_clothes,clothe
22419,objects,items,handbags,handbag
22420,objects,items,suit_rack,rack
22421,objects,items,blue_liquid_bottle,bottle
22422,objects,items,glass_column,column
22423,objects,items,lab_bench_equipment,equipment
22424,objects,items,lab_tubing_apparatus,apparatus
22425,objects,items,paper_and_pen,paper
22426,objects,items,column_apparatus,apparatus
22427,objects,items,cherub_sculpture,sculpture
22428,objects,items,sculpture_base,base
22429,objects,items,vessel,vessel
22430,objects,items,marble_statue_(female_figure),figure
22431,objects,items,marble_statue_(male),statue
22432,objects,items,shelves_with_sculptures,shelve
22433,objects,items,stone_fragment,fragment
22434,objects,items,wall_relief,relief
22435,objects,items,garments,garment
22436,objects,items,lace_fabric,fabric
22437,objects,items,brick_tunnel,tunnel
22438,objects,items,sewer_pipe,pipe
22439,objects,items,tunnel_walls,wall
22440,objects,items,wall_mounted_pipes,pipe
22441,objects,items,arched_openings,opening
22442,objects,items,drain_holes,hole
22443,objects,items,sewer_tunnel,tunnel
22444,objects,items,trash_cans,can
22445,objects,items,collar_insignia,insignia
22446,objects,items,log_cabin,cabin
22447,objects,items,sheriff_vehicle,vehicle
22448,objects,items,rack_unit,unit
22449,objects,items,metal_doorframe,doorframe
22450,objects,items,printing_machine,machine
22451,objects,items,medical_equipment_stand,stand
22452,objects,items,medical_arm,arm
22453,objects,items,sterile_tray,tray
22454,objects,items,surgical_mirror,mirror
22455,objects,items,pressing_horse,horse
22456,objects,items,folded_clothes_on_shelves,shelve
22457,objects,items,papers/notebook,paper
22458,objects,items,wooden_drawers,drawer
22459,objects,items,black_taxi,taxi
22460,objects,items,city_street,street
22461,objects,items,paper_ticket,ticket
22462,objects,items,fuel_tank,tank
22463,objects,items,truck_mirror,mirror
22464,objects,items,highway_overpass,overpass
22465,objects,items,glass_jar_dessert,dessert
22466,objects,items,plate_with_sandwich,plate
22467,objects,items,cutlery_holder,holder
22468,objects,items,pancake_plate,plate
22469,objects,items,welding_cables,cable
22470,scene_appearance,mood,mysteriou,mysteriou
22471,camera,perspective,level,level
22472,camera,perspective,angle,angle
22473,camera,perspective,person,person
22474,people,pose,hand,hand
22475,people,pose,arm,arm
22476,people,activities,rack,rack
22477,people,activities,bike,bike
22478,people,activities,soccer,soccer
22479,people,activities,tap,tap
22480,people,activities,seed,seed
22481,people,activities,bird,bird
22482,people,activities,moss,moss
22483,people,activities,placing_vial,vial
22484,people,activities,holding_blades,blade
22485,people,activities,forge,forge
22486,people,activities,card_reader,reader
22487,people,activities,id,id
22488,people,activities,keypad,keypad
22489,people,activities,cutlery,cutlery
22490,people,activities,rebar,rebar
22491,people,activities,tape,tape
22492,people,activities,beaker,beaker
22493,people,activities,tooth,tooth
22494,people,activities,denture,denture
22495,people,activities,work,work
22496,people,activities,handpiece,handpiece
22497,people,activities,surface,surface
22498,people,activities,image,image
22499,people,activities,wrist,wrist
22500,people,activities,medicine,medicine
22501,people,activities,stethoscope,stethoscope
22502,people,activities,breaker,breaker
22503,people,activities,multimeter,multimeter
22504,people,activities,feeding,feeding
22505,people,activities,bolt,bolt
22506,people,activities,stack,stack
22507,people,activities,bundle,bundle
22508,people,activities,tractor,tractor
22509,people,activities,granule,granule
22510,people,activities,crop,crop
22511,people,activities,stand,stand
22512,people,activities,cylinder,cylinder
22513,people,activities,doorway,doorway
22514,people,activities,passport,passport
22515,people,activities,game,game
22516,people,activities,flat_iron,iron
22517,people,activities,clip,clip
22518,people,activities,application,application
22519,people,activities,styling_tool,tool
22520,people,activities,cleaning_supply,supply
22521,people,activities,jug,jug
22522,people,activities,pushing_buckets,bucket
22523,people,activities,scale,scale
22524,people,activities,court,court
22525,people,activities,slab,slab
22526,people,activities,tile,tile
22527,people,activities,dirt,dirt
22528,people,activities,shaft,shaft
22529,people,activities,presentation,presentation
22530,people,activities,component,component
22531,people,activities,eyeglasses,eyeglass
22532,people,activities,pallet,pallet
22533,people,activities,bedrail,bedrail
22534,people,activities,blanket,blanket
22535,people,activities,disc,disc
22536,people,activities,trying,trying
22537,people,activities,pillow,pillow
22538,people,activities,kit,kit
22539,people,activities,neck,neck
22540,people,activities,supplies,supply
22541,people,activities,x_ray,ray
22542,people,activities,dress,dress
22543,people,activities,taking_photograph,photograph
22544,people,activities,veil,veil
22545,people,activities,scan,scan
22546,people,activities,adjusting_glass,glass
22547,people,activities,cabinet,cabinet
22548,people,activities,plunger,plunger
22549,people,activities,driver,driver
22550,people,activities,road,road
22551,people,activities,podium,podium
22552,people,activities,reading_monitors,monitor
22553,people,activities,needle,needle
22554,people,activities,soundboard,soundboard
22555,people,activities,suit,suit
22556,people,activities,marker,marker
22557,people,activities,cargo,cargo
22558,people,activities,cab,cab
22559,people,activities,monument,monument
22560,people,activities,sign,sign
22561,people,activities,shirt,shirt
22562,people,activities,house,house
22563,people,activities,file,file
22564,people,activities,watering_can,can
22565,people,activities,press,press
22566,people,activities,anvil,anvil
22567,people,activities,vise,vise
22568,people,activities,artwork,artwork
22569,people,activities,bin,bin
22570,people,activities,path,path
22571,people,activities,spreader,spreader
22572,people,activities,snack,snack
22573,people,activities,earbud,earbud
22574,people,activities,scooter,scooter
22575,people,activities,shock,shock
22576,people,activities,cucumber,cucumber
22577,people,activities,stall,stall
22578,people,activities,examining_models,model
22579,people,activities,skull,skull
22580,people,activities,tweezer,tweezer
22581,people,activities,lift,lift
22582,people,activities,visor,visor
22583,people,activities,branch,branch
22584,people,activities,packing_apples,apple
22585,people,activities,using_gym_machine,machine
22586,people,activities,leg,leg
22587,people,activities,pushing_crate,crate
22588,people,activities,egg,egg
22589,people,activities,beverage,beverage
22590,people,activities,comb,comb
22591,people,activities,sprayer,sprayer
22592,people,activities,hairdressing,hairdressing
22593,people,activities,iron,iron
22594,people,activities,selecting_product,product
22595,people,activities,hairdryer,hairdryer
22596,people,activities,carrying_trash,trash
22597,people,activities,roller,roller
22598,people,activities,cross,cross
22599,people,activities,robe,robe
22600,people,activities,weed,weed
22601,people,activities,grain,grain
22602,people,activities,slicer,slicer
22603,people,activities,sugar,sugar
22604,people,activities,trunk,trunk
22605,people,activities,edger,edger
22606,people,activities,bow,bow
22607,people,activities,curl,curl
22608,people,activities,handling_barbell,barbell
22609,people,activities,treadmill,treadmill
22610,people,activities,appliance,appliance
22611,people,activities,leaf,leaf
22612,people,activities,clothes,clothe
22613,people,activities,dryer,drying
22614,people,activities,statue,statue
22615,people,activities,pointer,pointer
22616,people,activities,goods,goods
22617,people,activities,belt,belt
22618,people,activities,refrigerator,refrigerator
22619,people,activities,fridge,fridge
22620,people,activities,music,music
22621,people,activities,mannequin,mannequin
22622,people,activities,plastic,plastic
22623,people,activities,strawberry,strawberry
22624,people,activities,doorframe,doorframe
22625,people,activities,medal,medal
22626,people,activities,orb,orb
22627,people,activities,sander,sander
22628,people,activities,salmon,salmon
22629,people,activities,drop,drop
22630,people,activities,taking,taking
22631,people,activities,sticking,sticking
22632,people,activities,bulldozer,bulldozer
22633,people,activities,excavator,excavator
22634,people,activities,globe,globe
22635,people,activities,curler,curler
22636,people,activities,dye,dye
22637,people,activities,trim,trim
22638,people,activities,grater,grater
22639,people,activities,age,age
22640,people,activities,body,body
22641,people,activities,eyewear,eyewear
22642,people,activities,facial_hair,hair
22643,people,activities,gaze,gaze
22644,people,activities,gender,gender
22645,people,activities,head_covering,covering
22646,people,activities,skin,skin
22647,people,activities,tattoo,tattoo
22648,people,activities,mortar,mortar
22649,people,activities,pea,pea
22650,people,activities,oil,oil
22651,people,activities,ramp,ramp
22652,people,activities,saxophone,saxophone
22653,people,activities,shot,shot
22654,people,activities,objective,objective
22655,people,clothing_garment,neck,neck
22656,people,clothing_garment,apron/suspender,apron
22657,people,clothing_garment,cylinder,cylinder
22658,people,clothing_garment,high_visibility_shirt/vest,shirt
22659,people,clothing_garment,guitar,guitar
22660,people,clothing_garment,garment,garment
22661,people,clothing_garment,pin,pin
22662,people,clothing_garment,bottom,bottom
22663,people,clothing_garment,fatigue,fatigue
22664,people,clothing_garment,fringe_skirt/belt,skirt
22665,people,clothing_garment,regalia,regalia
22666,people,clothing_garment,neck_scarf/tie,scarf
22667,people,clothing_garment,cord,cord
22668,people,clothing_garment,pen,pen
22669,people,clothing_garment,brace,brace
22670,people,clothing_garment,jogger,jogger
22671,people,clothing_garment,beaded_chest_plate,plate
22672,people,clothing_garment,fringe_shirt,shirt
22673,people,clothing_garment,panel,panel
22674,people,clothing_garment,yoke,yoke
22675,people,clothing_garment,high_visibility_jacket_/_sleeve,sleeve
22676,people,clothing_garment,gear,gear
22677,people,clothing_garment,pack,pack
22678,people,clothing_garment,overalls/strap,strap
22679,people,clothing_garment,arm_covering,covering
22680,objects,items,report,report
22681,objects,items,spreadsheet,spreadsheet
22682,objects,items,framework,framework
22683,objects,items,paintbrush_jar,jar
22684,objects,items,sneaker,sneaker
22685,objects,items,cocktail_glass_(red),glass
22686,objects,items,balance,balance
22687,objects,items,chamber,chamber
22688,objects,items,seed,seed
22689,objects,items,test_tube_tray,tray
22690,objects,items,leave,leave
22691,objects,items,blades,blade
22692,objects,items,metal,metal
22693,objects,items,credit_cards,card
22694,objects,items,pad,pad
22695,objects,items,erlenmeyer_flasks,flask
22696,objects,items,crystal,crystal
22697,objects,items,donut,donut
22698,objects,items,slipper,slipper
22699,objects,items,stacks_of_paper,stack
22700,objects,items,disc,disc
22701,objects,items,stylu,stylus
22702,objects,items,scaler,scaler
22703,objects,items,denture,denture
22704,objects,items,explorer,explorer
22705,objects,items,tooth,tooth
22706,objects,items,tip,tip
22707,objects,items,dental_implant_model,model
22708,objects,items,dental_implants,implant
22709,objects,items,implant,implant
22710,objects,items,print,print
22711,objects,items,pencil_cups,cup
22712,objects,items,note,note
22713,objects,items,breaker,breaker
22714,objects,items,housing,housing
22715,objects,items,pellet,pellet
22716,objects,items,disk,disk
22717,objects,items,paddy,paddy
22718,objects,items,stubble,stubble
22719,objects,items,fertilizer,fertilizer
22720,objects,items,granule,granule
22721,objects,items,regulator,regulator
22722,objects,items,clipper,clipper
22723,objects,items,clip,clip
22724,objects,items,spray_bottles,bottle
22725,objects,items,suds,sud
22726,objects,items,mop_bucket/cart,bucket
22727,objects,items,jig,jig
22728,objects,items,wrap,wrap
22729,objects,items,metal_shelving_racks,rack
22730,objects,items,filter,filter
22731,objects,items,pill,pill
22732,objects,items,centerpiece,centerpiece
22733,objects,items,balustrade,balustrade
22734,objects,items,scan,scan
22735,objects,items,score,score
22736,objects,items,multi_function_displays,display
22737,objects,items,street_signs,sign
22738,objects,items,stone_sculpture_head,head
22739,objects,items,hole,hole
22740,objects,items,bracket,bracket
22741,objects,items,stone_buildings,building
22742,objects,items,military_vehicles,vehicle
22743,objects,items,surgical_drapes,drape
22744,objects,items,operating_table_drape,drape
22745,objects,items,cab,cab
22746,objects,items,wheel_chock,chock
22747,objects,items,dock,dock
22748,objects,items,plated_dishes,dish
22749,objects,items,beverage_packages,package
22750,objects,items,monolith,monolith
22751,objects,items,barricade,barricade
22752,objects,items,canvases,canva
22753,objects,items,product_displays,display
22754,objects,items,doughnut,doughnut
22755,objects,items,pail,pail
22756,objects,items,strawberry,strawberry
22757,objects,items,lime,lime
22758,objects,items,manuscript,manuscript
22759,objects,items,photo,photo
22760,objects,items,text,text
22761,objects,items,spoons,spoon
22762,objects,items,crossing,crossing
22763,objects,items,washer,washer
22764,objects,items,hanging_lanterns,lantern
22765,objects,items,dirt_piles,pile
22766,objects,items,fencing,fence
22767,objects,items,mesh,mesh
22768,objects,items,shutter,shutter
22769,objects,items,leek,leek
22770,objects,items,planter_pot,pot
22771,objects,items,bottles/jar,bottle
22772,objects,items,apricot,apricot
22773,objects,items,attachment,attachment
22774,objects,items,module,module
22775,objects,items,hopper,hopper
22776,objects,items,packaged_food_tray,tray
22777,objects,items,packaged_goods_rack,rack
22778,objects,items,beverage,beverage
22779,objects,items,scba_cylinders,cylinder
22780,objects,items,chicken,chicken
22781,objects,items,fry,fry
22782,objects,items,pump_dispensers,dispenser
22783,objects,items,caddy,caddy
22784,objects,items,frisbee,frisbee
22785,objects,items,outlet,outlet
22786,objects,items,switch,switch
22787,objects,items,gown,gown
22788,objects,items,trainer,trainer
22789,objects,items,stacks_of_books,stack
22790,objects,items,clipping,clipping
22791,objects,items,edger,edger
22792,objects,items,plum,plum
22793,objects,items,spigot,spigot
22794,objects,items,border,border
22795,objects,items,coconut,coconut
22796,objects,items,flooring,floor
22797,objects,items,bean,bean
22798,objects,items,statues,statue
22799,objects,items,sports_field_turf,turf
22800,objects,items,liner,liner
22801,objects,items,spray,spray
22802,objects,items,packaged_food_jars,jar
22803,objects,items,jars/bottle,jar
22804,objects,items,potato,potato
22805,objects,items,divider,divider
22806,objects,items,bun,bun
22807,objects,items,appetizer,appetizer
22808,objects,items,pancake,pancake
22809,objects,items,tin,tin
22810,objects,items,potted_plant_trays,tray
22811,objects,items,glass_walls,wall
22812,objects,items,base,base
22813,objects,items,strip,strip
22814,objects,items,accessory,accessory
22815,objects,items,latch,latch
22816,objects,items,slat,slat
22817,objects,items,cube,cube
22818,objects,items,sample,sample
22819,objects,items,fillet,fillet
22820,objects,items,chestpiece,chestpiece
22821,objects,items,tassel,tassel
22822,objects,items,plastic_pump_bottle,bottle
22823,objects,items,droplet,droplet
22824,objects,items,object,object
22825,objects,items,overlay,overlay
22826,objects,items,interface,interface
22827,objects,items,dental_scaler/pick,scaler
22828,objects,items,ejector,ejector
22829,objects,items,hand,hand
22830,objects,items,guide,guide
22831,objects,items,ornament,ornament
22832,objects,items,rooftop,rooftop
22833,objects,items,circuit_breaker,breaker
22834,objects,items,earmuff,earmuff
22835,objects,items,metal_workpieces,workpiece
22836,objects,items,focus,focus
22837,objects,items,exterior,exterior
22838,objects,items,curler,curler
22839,objects,items,grater,grater
22840,objects,items,pea,pea
22841,objects,items,bit,bit
22842,objects,items,socket,socket
22843,objects,items,pane,pane
22844,objects,items,equipment_shelves,shelve
22845,objects,items,immobilizer,immobilizer
22846,objects,items,pattern,pattern
22847,objects,items,heater,heater
22848,objects,items,bank,bank
22849,objects,items,swatch,swatch
22850,objects,items,cutter,cutter
22851,objects,items,writing,writing
22852,people,activities,looking_upward,upward
22853,people,activities,reading_blueprints,blueprint
22854,people,activities,vest,vest
22855,people,activities,easel,easel
22856,people,activities,stride,stride
22857,people,activities,cheese,cheese
22858,people,activities,jigger,jigger
22859,people,activities,furnace,furnace
22860,people,activities,dipping,dipping
22861,people,activities,gearshift,gearshift
22862,people,activities,grinder,grinder
22863,people,activities,reader,reader
22864,people,activities,cap,cap
22865,people,activities,reagent,reagent
22866,people,activities,stopper,stopper
22867,people,activities,discussion,discussion
22868,people,activities,bagel,bagel
22869,people,activities,sponge,sponge
22870,people,activities,ruler,ruler
22871,people,activities,measure,measure
22872,people,activities,teeth,teeth
22873,people,activities,wall,wall
22874,people,activities,bulb,bulb
22875,people,activities,line,line
22876,people,activities,sheaf,sheaf
22877,people,activities,stalk,stalk
22878,people,activities,checkin,checkin
22879,people,activities,razor,razor
22880,people,activities,straightener,straightener
22881,people,activities,cover,cover
22882,people,activities,rug,rug
22883,people,activities,recorder,recorder
22884,people,activities,chisel,chisel
22885,people,activities,candle,candle
22886,people,activities,finger,finger
22887,people,activities,nurse,nurse
22888,people,activities,prescription,prescription
22889,people,activities,swab,swab
22890,people,activities,otoscope,otoscope
22891,people,activities,flame,flame
22892,people,activities,aircraft,aircraft
22893,people,activities,script,script
22894,people,activities,flashlight,flashlight
22895,people,activities,holding_basin,basin
22896,people,activities,shower,shower
22897,people,activities,audience,audience
22898,people,activities,bust,bust
22899,people,activities,collar,collar
22900,people,activities,crowd,crowd
22901,people,activities,scalpel,scalpel
22902,people,activities,dashboard,dashboard
22903,people,activities,tableware,tableware
22904,people,activities,gimbal,gimbal
22905,people,activities,chopstick,chopstick
22906,people,activities,dessert,dessert
22907,people,activities,cigar,cigar
22908,people,activities,cake,cake
22909,people,activities,topping,topping
22910,people,activities,dispenser,dispensing
22911,people,activities,siphon,siphon
22912,people,activities,green,green
22913,people,activities,pamphlet,pamphlet
22914,people,activities,bubble,bubble
22915,people,activities,holding_flasks,flask
22916,people,activities,spear,spear
22917,people,activities,litter,litter
22918,people,activities,sanitizer,sanitizer
22919,people,activities,scope,scope
22920,people,activities,man,man
22921,people,activities,hood,hood
22922,people,activities,stove,stove
22923,people,activities,observing_exhibits,exhibit
22924,people,activities,outlet,outlet
22925,people,activities,celery,celery
22926,people,activities,uniform,uniform
22927,people,activities,chip,chip
22928,people,activities,draping,draping
22929,people,activities,pocket,pocket
22930,people,activities,reflection,reflection
22931,people,activities,video,video
22932,people,activities,winch,winch
22933,people,activities,donut,donut
22934,people,activities,handlebar,handlebar
22935,people,activities,loupe,loupe
22936,people,activities,walkie_talkie,talkie
22937,people,activities,scarf,scarf
22938,people,activities,carafe,carafe
22939,people,activities,brewer,brewer
22940,people,activities,coffee_maker,maker
22941,people,activities,skateboard,skateboard
22942,people,activities,badge,badge
22943,people,activities,demonstrating,demonstrating
22944,people,activities,extending,extending
22945,people,activities,fist,fist
22946,people,activities,napkin,napkin
22947,people,activities,electrode,electrode
22948,people,activities,eat,eat
22949,people,activities,fry,fry
22950,people,activities,eyepiece,eyepiece
22951,people,activities,solution,solution
22952,people,activities,headrest,headrest
22953,people,activities,brim,brim
22954,people,activities,cord,cord
22955,people,activities,switch,switch
22956,people,activities,headphones,headphone
22957,people,activities,shield,shield
22958,people,activities,holding_camera_lens,len
22959,people,activities,nail,nail
22960,people,activities,eye,eye
22961,people,activities,infant,infant
22962,people,activities,area,area
22963,people,activities,track,track
22964,people,activities,inspecting_cap,cap
22965,people,clothing_garment,coat/scrub,coat
22966,people,clothing_garment,trim,trim
22967,people,clothing_garment,radio,radio
22968,people,clothing_garment,pad,pad
22969,people,clothing_garment,lining,lining
22970,people,clothing_garment,tube,tube
22971,people,clothing_garment,jumpsuit/overall,jumpsuit
22972,people,clothing_garment,net,net
22973,people,clothing_garment,wrap,wrap
22974,people,clothing_garment,bust,bust
22975,people,clothing_garment,apron/strap,apron
22976,people,clothing_garment,beads/necklace,bead
22977,people,clothing_garment,feather,feather
22978,people,clothing_garment,bib/overall,bib
22979,people,clothing_garment,bandeau,bandeau
22980,objects,items,flare,flare
22981,objects,items,wall_sconces,sconce
22982,objects,items,blueprints/paper,blueprint
22983,objects,items,hearth,hearth
22984,objects,items,stopper,stopper
22985,objects,items,insignia,insignia
22986,objects,items,train_seats,seat
22987,objects,items,insulation,insulation
22988,objects,items,extension_cords,cord
22989,objects,items,connector,connector
22990,objects,items,crop_stalks,stalk
22991,objects,items,stalk,stalk
22992,objects,items,fire/flame,fire
22993,objects,items,pass,pass
22994,objects,items,microphone_arm,arm
22995,objects,items,razor,razor
22996,objects,items,straightener,straightener
22997,objects,items,alarm,alarm
22998,objects,items,tarp,tarp
22999,objects,items,dial,dial
23000,objects,items,load,load
23001,objects,items,symbol,symbol
23002,objects,items,orb,orb
23003,objects,items,reed,reed
23004,objects,items,control_device,device
23005,objects,items,funnel,funnel
23006,objects,items,female_sculpture,sculpture
23007,objects,items,bust_(sculpture),sculpture
23008,objects,items,opening,opening
23009,objects,items,elbow,elbow
23010,objects,items,dirt/debri,dirt
23011,objects,items,vent,vent
23012,objects,items,greenhouse_windows,window
23013,objects,items,overhang,overhang
23014,objects,items,chopstick,chopstick
23015,objects,items,id,id
23016,objects,items,ros,ros
23017,objects,items,playset,playset
23018,objects,items,cloche,cloche
23019,objects,items,crutch,crutch
23020,objects,items,trough,trough
23021,objects,items,bubble,bubble
23022,objects,items,necklaces,necklace
23023,objects,items,picker,picker
23024,objects,items,jet,jet
23025,objects,items,pink_flowers,flower
23026,objects,items,spike,spike
23027,objects,items,band,band
23028,objects,items,stainless_steel_stove/counter,stove
23029,objects,items,daisy,daisy
23030,objects,items,finial,finial
23031,objects,items,starter,starter
23032,objects,items,humidifier,humidifier
23033,objects,items,mister,mister
23034,objects,items,hanging_planters,planter
23035,objects,items,chip,chip
23036,objects,items,hand_mixer,mixer
23037,objects,items,utensils_jar,jar
23038,objects,items,cover,cover
23039,objects,items,rim,rim
23040,objects,items,metal_spigot,spigot
23041,objects,items,decoration,decoration
23042,objects,items,elevator,elevator
23043,objects,items,shorts,shorts
23044,objects,items,stack_of_pamphlets,stack
23045,objects,items,dipper,dipper
23046,objects,items,berry,berry
23047,objects,items,suspender,suspender
23048,objects,items,detector,detector
23049,objects,items,scaffold,scaffold
23050,objects,items,body,body
23051,objects,items,bell,bell
23052,objects,items,bellow,bellow
23053,objects,items,brake,brake
23054,objects,items,pegboard,pegboard
23055,objects,items,microscope_arm,arm
23056,objects,items,conditioner,conditioner
23057,objects,items,source,source
23058,objects,items,light_stands,stand
23059,people,activities,reviewing_reports,report
23060,people,activities,analyzing_chart,chart
23061,people,activities,marking_blueprints,blueprint
23062,people,activities,reading_drawings,drawing
23063,people,activities,receiving_paper,paper
23064,people,activities,arranging_croissant,croissant
23065,people,activities,arranging_pastry,pastry
23066,people,activities,plating_dish,dish
23067,people,activities,working_dough,dough
23068,people,activities,handling_pastry,pastry
23069,people,activities,beer,beer
23070,people,activities,transferring_plant,plant
23071,people,activities,sampling_plants,plant
23072,people,activities,examining_container,container
23073,people,activities,heating,heating
23074,people,activities,manipulating_metal,metal
23075,people,activities,forging_sword,sword
23076,people,activities,bus,bus
23077,people,activities,fish,fish
23078,people,activities,forging_fish,fish
23079,people,activities,holding_hot_metal,metal
23080,people,activities,assembling_shelf,shelf
23081,people,activities,selecting_plank,plank
23082,people,activities,positioning_fish,fish
23083,people,activities,touching_terminal,terminal
23084,people,activities,presenting_card_reader,reader
23085,people,activities,using_keypad,keypad
23086,people,activities,placing_loaves,loave
23087,people,activities,tossing_vegetables,vegetable
23088,people,activities,holding_test_tubes,tube
23089,people,activities,handling_slide,slide
23090,people,activities,transferring,transferring
23091,people,activities,observing_slide,slide
23092,people,activities,hand_gesturing,gesturing
23093,people,activities,brushing_bread,bread
23094,people,activities,wiping_bread,bread
23095,people,activities,cleaning_stove,stove
23096,people,activities,sorting_files,file
23097,people,activities,catching_ball,ball
23098,people,activities,picking_up_ball,ball
23099,people,activities,stand_up,up
23100,people,activities,placing_plank,plank
23101,people,activities,handling_lumber,lumber
23102,people,activities,aligning_tape,tape
23103,people,activities,cutting_corn,corn
23104,people,activities,looking_toward_window,window
23105,people,activities,pirouette,pirouette
23106,people,activities,ballet_dance,dance
23107,people,activities,examining_charts,chart
23108,people,activities,examining_data,data
23109,people,activities,probing,probing
23110,people,activities,examination,examination
23111,people,activities,detail_work,work
23112,people,activities,examining_box,box
23113,people,activities,reading_shelf,shelf
23114,people,activities,selecting_box,box
23115,people,activities,placing_stethoscope,stethoscope
23116,people,activities,pointing_pen,pen
23117,people,activities,marking_text,text
23118,people,activities,connecting_hoses,hos
23119,people,activities,holding_hoses,hos
23120,people,activities,testing_panel,panel
23121,people,activities,working_panel,panel
23122,people,activities,electrical_work,work
23123,people,activities,installing_wiring,wiring
23124,people,activities,aligning,aligning
23125,people,activities,scribing,scribing
23126,people,activities,turning_lever,lever
23127,people,activities,adjusting_rollers,roller
23128,people,activities,handling_rollers,roller
23129,people,activities,carrying_shovels,shovel
23130,people,activities,using_walking_stick,stick
23131,people,activities,carrying_sheaf,sheaf
23132,people,activities,holding_stalks,stalk
23133,people,activities,working_field,field
23134,people,activities,holding_seeds,seed
23135,people,activities,inspecting_seedling,seedling
23136,people,activities,carrying_bundle,bundle
23137,people,activities,holding_sickle,sickle
23138,people,activities,holding_seedling,seedling
23139,people,activities,using_remote,remote
23140,people,activities,adjust_monitor,monitor
23141,people,activities,hold_camera,camera
23142,people,activities,holding_boom,boom
23143,people,activities,observe,observe
23144,people,activities,steady_camera,camera
23145,people,activities,playing_video_game,game
23146,people,activities,ironing_hair,hair
23147,people,activities,undergoing_haircut,hairdressing
23148,people,activities,cleaning_sofa,sofa
23149,people,activities,holding_dishes,dish
23150,people,activities,holding_napkins,napkin
23151,people,activities,inspecting_table,table
23152,people,activities,cleaning_book,book
23153,people,activities,handling_pages,page
23154,people,activities,scraping_page,page
23155,people,activities,pushing_cleaning_machine,machine
23156,people,activities,mixing_sample,sample
23157,people,activities,shoveling_soil,soil
23158,people,activities,sorting_soil,soil
23159,people,activities,gripping_rod,rod
23160,people,activities,handling_shovel,shovel
23161,people,activities,levelling,levelling
23162,people,activities,addressing_microphones,microphone
23163,people,activities,picking_book,book
23164,people,activities,adjusting_handwheel,handwheel
23165,people,activities,handwheel,handwheel
23166,people,activities,hands_clasping,clasping
23167,people,activities,presenting_paper,paper
23168,people,activities,handling_lens,len
23169,people,activities,repair_camera,camera
23170,people,activities,repairing_frames,frame
23171,people,activities,repairing_glasses,glasses
23172,people,activities,engine_work,work
23173,people,activities,repair_car,car
23174,people,activities,steadying_box,box
23175,people,activities,holding_paperwork,paperwork
23176,people,activities,drawing_syringe,syringe
23177,people,activities,using_swab,swab
23178,people,activities,administering_eye_drops,drop
23179,people,activities,giving_medication,medication
23180,people,activities,preparing_dose,dose
23181,people,activities,holding_iv_pole,pole
23182,people,activities,looking_into_instrument,instrument
23183,people,activities,adjusting_trial_frame,frame
23184,people,activities,being_fitted,fitted
23185,people,activities,participating_in_eye_test,test
23186,people,activities,looking_at_phoropter,phoropter
23187,people,activities,operating_slit_lamp,lamp
23188,people,activities,being_tested,testing
23189,people,activities,having_glasses_fitted,fitted
23190,people,activities,looking_through_equipment,equipment
23191,people,activities,performing_eye_exam,exam
23192,people,activities,bed_rail,rail
23193,people,activities,holding_bedrail,bedrail
23194,people,activities,applying_bandage,bandage
23195,people,activities,arm_extended,extended
23196,people,activities,assist,assist
23197,people,activities,hold_syringe,syringe
23198,people,activities,hold_vial,vial
23199,people,activities,prepare_syringe,syringe
23200,people,activities,administer_injection,injection
23201,people,activities,administering_test,test
23202,people,activities,inserting_iv,iv
23203,people,activities,inserting_needle,needle
23204,people,activities,receive_injection,injection
23205,people,activities,receiving_swab,swab
23206,people,activities,pouring_medication,medication
23207,people,activities,pack,pack
23208,people,activities,reading_bottle,bottle
23209,people,activities,adjusting_bib,bib
23210,people,activities,examining_neck,neck
23211,people,activities,examining_nose,nose
23212,people,activities,mouth_examination,examination
23213,people,activities,listening_with_stethoscope,listening
23214,people,activities,shoulder,shoulder
23215,people,activities,stirring_liquid,liquid
23216,people,activities,flying_plane,plane
23217,people,activities,handling_controls,control
23218,people,activities,throttle,throttle
23219,people,activities,pointing_at_paper,paper
23220,people,activities,gripping_hose,hose
23221,people,activities,operating_throttles,throttle
23222,people,activities,reaching_overhead,overhead
23223,people,activities,fixing,fixing
23224,people,activities,touching_pages,page
23225,people,activities,reading_tickets,ticket
23226,people,activities,receiving_ticket,ticket
23227,people,activities,taking_ticket,ticket
23228,people,activities,answering_call,call
23229,people,activities,adjusting_microscope_stage,stage
23230,people,activities,holding_microscope,microscope
23231,people,activities,working_with_test_tubes,working
23232,people,activities,microscopy,microscopy
23233,people,activities,reviewing_sketches,sketching
23234,people,activities,retouching_sculpture,sculpture
23235,people,activities,applying_detail,detail
23236,people,activities,positioning_pipe,pipe
23237,people,activities,observing_table,table
23238,people,activities,adjusting_cable,cable
23239,people,activities,cutting_paper,paper
23240,people,activities,measure_fabric,fabric
23241,people,activities,cutting/preparing_fabric,fabric
23242,people,activities,manipulating_controls,control
23243,people,activities,operating_levers,lever
23244,people,activities,securing_pallet,pallet
23245,people,activities,handling_crate,crate
23246,people,activities,loading_box,box
23247,people,activities,placing_shaker,shaker
23248,people,activities,placing_sugar,sugar
23249,people,activities,presenting_menu,menu
23250,people,activities,receiving_menu,menu
23251,people,activities,handing_menu,menu
23252,people,activities,carrying_pastries,pastry
23253,people,activities,pie,pie
23254,people,activities,carrying_dish,dish
23255,people,activities,sipping_coffee,coffee
23256,people,activities,carton,carton
23257,people,activities,writing_on_tablet,tablet
23258,people,activities,reviewing_blueprints,blueprint
23259,people,activities,at_stove,stove
23260,people,activities,holding_tissue,tissue
23261,people,activities,bicycle,bicycle
23262,people,activities,assembling_pastry,pastry
23263,people,activities,carrying_bread,bread
23264,people,activities,handling_rolls,roll
23265,people,activities,muddling,muddling
23266,people,activities,placing_jigger,jigger
23267,people,activities,rinsing_glass,glass
23268,people,activities,holding_packaged_salad,salad
23269,people,activities,using_handheld_device,device
23270,people,activities,holding_glowing_metal,metal
23271,people,activities,inserting_hot_rod,rod
23272,people,activities,placing_metal,metal
23273,people,activities,picking_fish,fish
23274,people,activities,arranging_fish,fish
23275,people,activities,cleaning_fish,fish
23276,people,activities,positioning_plank,plank
23277,people,activities,preparing_fish,fish
23278,people,activities,filleting,filleting
23279,people,activities,observing_watering,watering
23280,people,activities,processing_receipt,receipt
23281,people,activities,viewing_sculpture,sculpture
23282,people,activities,picking_jar,jar
23283,people,activities,placing_bag,bag
23284,people,activities,hands_behind_back,hand
23285,people,activities,pouring/inspecting,pouring
23286,people,activities,holding_feather,feather
23287,people,activities,holding_bananas,banana
23288,people,activities,street_cleaning,cleaning
23289,people,activities,sweeping_puddle,puddle
23290,people,activities,inspecting_frame,frame
23291,people,activities,melon,melon
23292,people,activities,holding_squash,squash
23293,people,activities,choosing,choosing
23294,people,activities,lifting_bucket,bucket
23295,people,activities,operating_dumper,dumper
23296,people,activities,adjusting_bucket,bucket
23297,people,activities,lifting_soil,soil
23298,people,activities,presenting_bowl,bowl
23299,people,activities,tossing_salad,salad
23300,people,activities,showing_object,object
23301,people,activities,examining_exhibits,exhibit
23302,people,activities,inspecting_display,display
23303,people,activities,placing_produce_in_cart,cart
23304,people,activities,holding_packaged_lettuce,lettuce
23305,people,activities,writing_list,list
23306,people,activities,inspecting_tree,tree
23307,people,activities,carrying_apples,apple
23308,people,activities,adjusting_bar,bar
23309,people,activities,using_cable,cable
23310,people,activities,adjusting_price_tag,tag
23311,people,activities,handling_hoses,hos
23312,people,activities,testing_equipment,equipment
23313,people,activities,using_scanner,scanner
23314,people,activities,inspecting_door,door
23315,people,activities,holding_camera_controls,control
23316,people,activities,holding_clapperboard,clapperboard
23317,people,activities,offering_spoon,spoon
23318,people,activities,placing_in_bag,bag
23319,people,activities,adjust_tripod,tripod
23320,people,activities,playing_arcade,arcade
23321,people,activities,using_controls,control
23322,people,activities,having_coffee,coffee
23323,people,activities,receiving_hair,hair
23324,people,activities,remaining_still,still
23325,people,activities,getting_hair_cut,cut
23326,people,activities,straightening,straightening
23327,people,activities,using_hair_tool,tool
23328,people,activities,using_iron,iron
23329,people,activities,sectioning_hair,hair
23330,people,activities,checking_oven,oven
23331,people,activities,washing_dish,dish
23332,people,activities,watching_bus,bus
23333,people,activities,grabbing_product,product
23334,people,activities,resting_hand_on_books,book
23335,people,activities,adjust_faucet,faucet
23336,people,activities,clearing_drain,drain
23337,people,activities,inspect_sink,sink
23338,people,activities,opening_jar,jar
23339,people,activities,peeling_fruit,fruit
23340,people,activities,filling_basket,basket
23341,people,activities,holding_chalice,chalice
23342,people,activities,adjusting_vise,vise
23343,people,activities,mill,mill
23344,people,activities,holding_bagged_greens,green
23345,people,activities,adjusting_tooling,tooling
23346,people,activities,resting_hand_on_stove,stove
23347,people,activities,touching_bowl,bowl
23348,people,activities,inventory_check,check
23349,people,activities,holding_tail,tail
23350,people,activities,pushing_wagon,wagon
23351,people,activities,edging,edging
23352,people,activities,lawn,lawn
23353,people,activities,pushing_wheelbarrow,wheelbarrow
23354,people,activities,lifting_bin,bin
23355,people,activities,moving_planter,planter
23356,people,activities,pushing_dolly,dolly
23357,people,activities,transporting_box,box
23358,people,activities,inspecting_grapes,grape
23359,people,activities,reaching_jar,jar
23360,people,activities,adjusting_eyewear,eyewear
23361,people,activities,wearing_eye_test_device,device
23362,people,activities,phoropter,phoropter
23363,people,activities,barbell_curl,curl
23364,people,activities,punching,punching
23365,people,activities,raising_fists,fist
23366,people,activities,shadowboxing,shadowboxing
23367,people,activities,picking_vegetables,vegetable
23368,people,activities,exam_patient,patient
23369,people,activities,picking_bottle,bottle
23370,people,activities,smelling_fruit,fruit
23371,people,activities,connecting_valve,valve
23372,people,activities,filling_container,container
23373,people,activities,inspecting_pump,pump
23374,people,activities,connecting_pipe,pipe
23375,people,activities,positioning_hose,hose
23376,people,activities,releasing_water,water
23377,people,activities,working_pipe,pipe
23378,people,activities,holding_grocery_bag,bag
23379,people,activities,inspecting_packaged_fruit,fruit
23380,people,activities,peeling_sticker,sticker
23381,people,activities,holding_bagged_vegetables,vegetable
23382,people,activities,holding_fruit_bag,bag
23383,people,activities,monitoring_desk,desk
23384,people,activities,processing_paperwork,paperwork
23385,people,activities,making_espresso,espresso
23386,people,activities,stirring_bowl,bowl
23387,people,activities,milk,milk
23388,people,activities,handling_skateboard,skateboard
23389,people,activities,hands_on_cutting_board,board
23390,people,activities,assembling_box,box
23391,people,activities,holding_wooden_boards,board
23392,people,activities,tying_tag,tag
23393,people,activities,handling_towel,towel
23394,people,activities,rig,rig
23395,people,activities,holding_rig,rig
23396,people,activities,holding_small_device,device
23397,people,activities,sculpting_relief,relief
23398,people,activities,cashiering,cash
23399,people,activities,registering,registering
23400,people,activities,inspecting_keyboard,keyboard
23401,people,activities,pointing_stylus,stylus
23402,people,activities,holding_packaged_bread,bread
23403,people,activities,picking_items,item
23404,people,activities,adjusting_papers,paper
23405,people,activities,pressing_keyboard,keyboard
23406,people,activities,carrying_notebook,notebook
23407,people,activities,selecting_bananas,banana
23408,people,activities,push_cart,cart
23409,people,activities,examining_food,food
23410,people,activities,observing_fabric,fabric
23411,people,activities,inspecting_suits,suit
23412,people,activities,measuring_garment,garment
23413,people,activities,measuring_mannequin,mannequin
23414,people,activities,adjusting_garment,garment
23415,people,activities,browsing_clothes,clothe
23416,people,activities,measuring_cloth,cloth
23417,people,activities,inspecting_taxi,taxi
23418,people,activities,standing_next_to_car,car
23419,people,activities,reaching_into_car,car
23420,people,activities,leaning_on_steering_wheel,wheel
23421,people,activities,stepping_into_truck,truck
23422,people,activities,touching_truck,truck
23423,people,activities,placing_hands,hand
23424,people,activities,reading_over_shoulder,shoulder
23425,people,activities,arranging_napkins,napkin
23426,people,activities,sparking,sparking
23427,people,activities,looking_at_plans,plan
23428,people,activities,carrying_weapon,weapon
23429,people,activities,starting_stance,stance
23430,people,activities,position,position
23431,people,activities,placing_ice,ice
23432,people,activities,chiseling_fish,fish
23433,people,activities,handling_keypad,keypad
23434,people,activities,holding_small_container,container
23435,people,activities,hand_on_counter,counter
23436,people,activities,looking_into_distance,distance
23437,people,activities,reading_tool,tool
23438,people,activities,arabesque,arabesque
23439,people,activities,data_analysis,analysi
23440,people,activities,in_dental_chair,chair
23441,people,activities,reclining_in_chair,chair
23442,people,activities,calligraphy,calligraphy
23443,people,activities,color,color
23444,people,activities,color_calibration,calibration
23445,people,activities,color_editing,editing
23446,people,activities,testing_meter,meter
23447,people,activities,at_laptop,laptop
23448,people,activities,looking_to_side,side
23449,people,activities,handling_shaft,shaft
23450,people,activities,using_allen_key,key
23451,people,activities,feeding_machine,machine
23452,people,activities,pulling_hay,hay
23453,people,activities,harvesting_plants,plant
23454,people,activities,pushing_tiller,tiller
23455,people,activities,using_scissors,scissors
23456,people,activities,blowdrying,blowdrying
23457,people,activities,arranging_cloth,cloth
23458,people,activities,using_kitchen_tool,tool
23459,people,activities,pushing_lawn_mower,mower
23460,people,activities,handling_bin,bin
23461,people,activities,manipulating_soil,soil
23462,people,activities,turning_bar,bar
23463,people,activities,using_hammer,hammer
23464,people,activities,tightening_tooling,tooling
23465,people,activities,wearing_phoropter,phoropter
23466,people,activities,wearing_device,device
23467,people,activities,scooping_wax,wax
23468,people,activities,extending_arm,arm
23469,people,activities,holding_signal,signal
23470,people,activities,holding_signal_paddle,paddle
23471,people,activities,holding_tag,tag
23472,people,activities,placing_tissue,tissue
23473,people,activities,resting_hands_on_counter,counter
23474,people,activities,adjusting_stage,stage
23475,people,activities,holding_dish,dish
23476,people,activities,filling_form,form
23477,people,activities,at_screen,screen
23478,people,activities,reviewing_code,code
23479,people,activities,operating_board,board
23480,people,activities,surgical_procedure,procedure
23481,people,activities,serving_cup,cup
23482,people,activities,handling_notebook,notebook
23483,people,clothing_garment,corset,corset
23484,people,clothing_garment,sleeveless_dress/vest,dress
23485,people,clothing_garment,navy_bow_tie,tie
23486,people,clothing_garment,navy_skirt,skirt
23487,people,clothing_garment,protective_visor,visor
23488,people,clothing_garment,apron_or_pants,pant
23489,people,clothing_garment,beaded_tunic,tunic
23490,people,clothing_garment,decorative_tunic,tunic
23491,people,clothing_garment,fringed_tunic,tunic
23492,people,clothing_garment,ceremonial_sash,sash
23493,people,clothing_garment,patterned_sash,sash
23494,people,clothing_garment,poncho,poncho
23495,people,clothing_garment,uniform_(cleaning),uniform
23496,people,clothing_garment,tracksuit_jacket,jacket
23497,people,clothing_garment,tracksuit_pants,pant
23498,people,clothing_garment,long_sleeve_pullover,pullover
23499,people,clothing_garment,zip_top,top
23500,people,clothing_garment,t_shirt_(visible_collar),collar
23501,people,clothing_garment,training_shirt,shirt
23502,people,clothing_garment,short_sleeve_polo_shirt,shirt
23503,people,clothing_garment,apron/pants,apron
23504,people,clothing_garment,dark_sweater,sweater
23505,people,clothing_garment,t_shirt_(under),t_shirt
23506,people,clothing_garment,safety_jacket,jacket
23507,people,clothing_garment,coverall_jacket,jacket
23508,people,clothing_garment,work_pants/apron,pants
23509,people,clothing_garment,neck_towel,towel
23510,people,clothing_garment,bunker_pants,pant
23511,people,clothing_garment,belt_trim,trim
23512,people,clothing_garment,tactical_helmet,helmet
23513,people,clothing_garment,dress_jacket_(camouflage),jacket
23514,people,clothing_garment,trousers_(camouflage),trousers
23515,people,clothing_garment,shoulder_cords,cord
23516,people,clothing_garment,paper_collar,collar
23517,people,clothing_garment,collar_paper,paper
23518,people,clothing_garment,maid_cap,cap
23519,people,clothing_garment,collar/shirt,collar
23520,people,clothing_garment,white_bands,band
23521,people,clothing_garment,collar_bands,band
23522,people,clothing_garment,collar_(tabs),collar
23523,people,clothing_garment,shirt_collar/tabs,collar
23524,people,clothing_garment,collar_/_shirt,shirt
23525,people,clothing_garment,nurse_hat,hat
23526,people,clothing_garment,reflective_tape,tape
23527,people,clothing_garment,navy_pants,pant
23528,people,clothing_garment,navy_shirt,shirt
23529,people,clothing_garment,bowtie,bowtie
23530,people,clothing_garment,dress_shirt_collar,collar
23531,people,clothing_garment,tuxedo_jacket,jacket
23532,people,clothing_garment,patient_bib,bib
23533,people,clothing_garment,raincoat,raincoat
23534,people,clothing_garment,shirt_(pilot_uniform),shirt
23535,people,clothing_garment,epaulettes_(shoulder_stripes),stripe
23536,people,clothing_garment,loose_shirt,shirt
23537,people,clothing_garment,doublet_/_vest,vest
23538,people,clothing_garment,fabric_(in_hands),fabric
23539,people,clothing_garment,safety_jacket_/_shirt,shirt
23540,people,clothing_garment,heeled_boots,boot
23541,people,clothing_garment,sequin_tunic,tunic
23542,people,clothing_garment,wide_pants,pant
23543,people,clothing_garment,nurse_tunic,tunic
23544,people,clothing_garment,combat_uniform_jacket,jacket
23545,people,clothing_garment,thigh_holster,holster
23546,people,clothing_garment,uniform_(shirt),uniform
23547,people,clothing_garment,tape_measure_(worn),tape
23548,people,clothing_garment,shirt/jacket,shirt
23549,people,clothing_garment,blouse/shirt,blouse
23550,people,clothing_garment,epaulette_uniform,uniform
23551,people,clothing_garment,longsleeve_shirt,shirt
23552,people,clothing_garment,athletic_tank_top,top
23553,people,clothing_garment,name_plate,plate
23554,people,clothing_garment,chef's_uniform,uniform
23555,people,clothing_garment,apron_/_pants,pant
23556,people,clothing_garment,chef_jacket_(uniform),jacket
23557,people,clothing_garment,apron/skirt_with_fringe,apron
23558,people,clothing_garment,beaded_shirt_/_bib,bib
23559,people,clothing_garment,fringe_apron_/_skirt,skirt
23560,people,clothing_garment,fringe_shoulder_apron,apron
23561,people,clothing_garment,fringe_skirt/overlay,skirt
23562,people,clothing_garment,fringed_skirt,skirt
23563,people,clothing_garment,moccasin,moccasin
23564,people,clothing_garment,skirt/loincloth,skirt
23565,people,clothing_garment,wrist_cuff,cuff
23566,people,clothing_garment,wrist_cuffs,cuff
23567,people,clothing_garment,fringe_skirt/apron,skirt
23568,people,clothing_garment,fringed_pants,pant
23569,people,clothing_garment,decorative_trim,trim
23570,people,clothing_garment,long_patterned_robe,robe
23571,people,clothing_garment,long_embroidered_tunic,tunic
23572,people,clothing_garment,long_sleeve_tunic,tunic
23573,people,clothing_garment,zip_hoodie,hoodie
23574,people,clothing_garment,short_sleeve_open_shirt/vest,shirt
23575,people,clothing_garment,work_tunic_(uniform),tunic
23576,people,clothing_garment,protective_bib,bib
23577,people,clothing_garment,long_sleeve_button_up_shirt,shirt
23578,people,clothing_garment,suit_trousers,trouser
23579,people,clothing_garment,scrub/shirt,scrubs
23580,people,clothing_garment,tool_pockets,pocket
23581,people,clothing_garment,apron/overcoat,apron
23582,people,clothing_garment,cargo_shorts,shorts
23583,people,clothing_garment,air_cylinder_(attached),cylinder
23584,people,clothing_garment,hood/balaclava,hood
23585,people,clothing_garment,wing_pin,pin
23586,people,clothing_garment,haircut_cape,cape
23587,people,clothing_garment,styling_cape,cape
23588,people,clothing_garment,disposable_collar,collar
23589,people,clothing_garment,bonnet,bonnet
23590,people,clothing_garment,bib_tabs,tab
23591,people,clothing_garment,shirt_cuffs,cuff
23592,people,clothing_garment,preaching_bands,band
23593,people,clothing_garment,clerical_collar_bands,band
23594,people,clothing_garment,clerical_collar_tabs,tab
23595,people,clothing_garment,bib_collar,collar
23596,people,clothing_garment,clerical_bands,band
23597,people,clothing_garment,neck_bands_/_shirt_collar,collar
23598,people,clothing_garment,white_collar_tabs,tab
23599,people,clothing_garment,work_shirt_(uniform),shirt
23600,people,clothing_garment,knee_high_socks,sock
23601,people,clothing_garment,shoulder_epaulets_/_uniform_insignia,insignia
23602,people,clothing_garment,epaulets/shoulder_stripes,stripe
23603,people,clothing_garment,button_up_jacket,jacket
23604,people,clothing_garment,waders,wader
23605,people,clothing_garment,double_breasted_jacket,jacket
23606,people,clothing_garment,jacket/vest,jacket
23607,people,clothing_garment,navy_tie,tie
23608,people,clothing_garment,necktie_bow,bow
23609,people,clothing_garment,camera_rig_(worn),rig
23610,people,clothing_garment,dress/shirt,dress
23611,people,clothing_garment,short_sleeve_outer/top,outer
23612,people,clothing_garment,tank/top,tank
23613,people,clothing_garment,id_badge_on_lanyard,lanyard
23614,people,clothing_garment,uniform/shirt,shirt
23615,people,clothing_garment,name_badge_on_lanyard,lanyard
23616,people,clothing_garment,stethoscope_(worn),stethoscope
23617,people,clothing_garment,overalls/jacket,jacket
23618,people,clothing_garment,black_trousers,trouser
23619,people,clothing_garment,tux_jacket,jacket
23620,people,clothing_garment,waistcoat/vest,waistcoat
23621,people,clothing_garment,long_apron,apron
23622,people,clothing_garment,napkin,napkin
23623,people,clothing_garment,towel_(draped),towel
23624,people,clothing_garment,pinafore/apron_dress,dress
23625,people,clothing_garment,pinafore_/_apron_dress,dress
23626,people,clothing_garment,dress_(maid_uniform),uniform
23627,people,clothing_garment,beads_necklace,necklace
23628,people,clothing_garment,chest_ornament,ornament
23629,people,clothing_garment,decorative_trim/tunic,trim
23630,people,clothing_garment,hide,hide
23631,people,clothing_garment,tunic_with_fringe,tunic
23632,people,clothing_garment,scrubs_(v_neck),scrubs
23633,people,clothing_garment,shoulder_towel,towel
23634,people,clothing_garment,protector,protector
23635,people,clothing_garment,inner_hood_/_protective_layer,layer
23636,people,clothing_garment,waist_sash,sash
23637,people,clothing_garment,name_pin,pin
23638,people,clothing_garment,waist_band,band
23639,people,clothing_garment,military_tunic,tunic
23640,people,clothing_garment,ribbon_bars,bar
23641,people,clothing_garment,shoulder_aiguillette,aiguillette
23642,people,clothing_garment,polo_shirt_(work_uniform),t_shirt
23643,people,clothing_garment,bib_/_tabs,tab
23644,people,clothing_garment,bib_apron/overalls,apron
23645,people,clothing_garment,badge_patch,patch
23646,people,clothing_garment,shirt_cravat,cravat
23647,people,clothing_garment,dark_jacket,jacket
23648,people,clothing_garment,police_badge_(pinned),badge
23649,people,clothing_garment,shoulder_patches,patch
23650,people,clothing_garment,dress_strap,strap
23651,people,clothing_garment,plate_carrier_/_tactical_vest,vest
23652,people,clothing_garment,badge_holder,holder
23653,people,clothing_garment,white_apron,apron
23654,objects,items,keyboard/calculator,keyboard
23655,objects,items,ornate_staircase,staircase
23656,objects,items,stage_set_backdrop,backdrop
23657,objects,items,stage_set,set
23658,objects,items,wooden_set,set
23659,objects,items,theater_curtain,curtain
23660,objects,items,microphone_on_stand,stand
23661,objects,items,paper_charts,chart
23662,objects,items,concrete_building_structure,structure
23663,objects,items,construction_structure,structure
23664,objects,items,construction_scaffold,scaffold
23665,objects,items,stadium_stand,stand
23666,objects,items,stadium_railing,railing
23667,objects,items,hurdles,hurdle
23668,objects,items,field_grass,grass
23669,objects,items,table_sign,sign
23670,objects,items,pastry_display_case,case
23671,objects,items,wooden_worktable,worktable
23672,objects,items,baking_tray_with_rolls,baking
23673,objects,items,mixing_tin,tin
23674,objects,items,pourer_bottle,bottle
23675,objects,items,bar_shelf_bottles,bottle
23676,objects,items,mixing_jar,jar
23677,objects,items,pouring_bottle,bottle
23678,objects,items,plastic_test_kit,kit
23679,objects,items,portable_lamp,lamp
23680,objects,items,glass_test_tube,tube
23681,objects,items,rain_soaked_leaves,leave
23682,objects,items,sample_bag,bag
23683,objects,items,plastic_vials,vial
23684,objects,items,bucket_hat,hat
23685,objects,items,camcorder,camcorder
23686,objects,items,leaf_sample,sample
23687,objects,items,palm_fronds,frond
23688,objects,items,plant_stem,stem
23689,objects,items,transparent_container,container
23690,objects,items,digital_route_display,display
23691,objects,items,carpentry_workbench,workbench
23692,objects,items,checkout_belt,belt
23693,objects,items,countertop_payment_terminal,terminal
23694,objects,items,payment_terminal_(handheld),payment_terminal
23695,objects,items,pos_touchscreen,touchscreen
23696,objects,items,merchandise_shelves,shelve
23697,objects,items,notebooks/papers,notebook
23698,objects,items,bakery_racks,rack
23699,objects,items,wok_or_frying_pan,pan
23700,objects,items,executive_chairs,chair
23701,objects,items,blue_basin,basin
23702,objects,items,file_box,box
23703,objects,items,cubicle_divider,divider
23704,objects,items,office_cubicle,cubicle
23705,objects,items,plastic_stadium_seats,seat
23706,objects,items,balls,ball
23707,objects,items,soccer_pitch,pitch
23708,objects,items,blue_dome_cone,cone
23709,objects,items,orange_pylon,pylon
23710,objects,items,circular_sign,sign
23711,objects,items,scaffold_poles,pole
23712,objects,items,concrete_formwork,formwork
23713,objects,items,construction_framework,framework
23714,objects,items,formwork_panel,panel
23715,objects,items,stove_range,range
23716,objects,items,stainless_steel_bowl,bowl
23717,objects,items,glass_board,board
23718,objects,items,wood_cabinet,cabinet
23719,objects,items,theater_balcony,balcony
23720,objects,items,theatrical_curtain,curtain
23721,objects,items,theater_arch,arch
23722,objects,items,server_monitor,monitor
23723,objects,items,dental_operatory_light,light
23724,objects,items,spittoon,spittoon
23725,objects,items,dental_handpiece_unit,unit
23726,objects,items,dental_suction,suction
23727,objects,items,easel/canvas_stack,stack
23728,objects,items,sketches,sketch
23729,objects,items,sketches/papers,sketch
23730,objects,items,drafting_paper,paper
23731,objects,items,cup_of_pencils,cup
23732,objects,items,large_paper_sheets,sheet
23733,objects,items,book_stacks,stack
23734,objects,items,police_shield_sign,sign
23735,objects,items,audio_recorder,recorder
23736,objects,items,wall_badge,badge
23737,objects,items,patient_bed,bed
23738,objects,items,gear_shifter,shifter
23739,objects,items,race_track,track
23740,objects,items,highway_signs,sign
23741,objects,items,stack_of_newspapers,stack
23742,objects,items,printed_magazine,magazine
23743,objects,items,hanging_lightbulb,lightbulb
23744,objects,items,tool_belt_with_tools,tool
23745,objects,items,wall_control_module,module
23746,objects,items,wire_bundle,bundle
23747,objects,items,wire_bundles,bundle
23748,objects,items,heated_metal_workpiece,workpiece
23749,objects,items,metal_blocks,block
23750,objects,items,hardhat,hardhat
23751,objects,items,machine_vise,vise
23752,objects,items,wall_mounted_display,display
23753,objects,items,pallet_shelving,shelving
23754,objects,items,safety_cage,cage
23755,objects,items,wooden_blocks,block
23756,objects,items,lathe/tooling,lathe
23757,objects,items,roller_bed,bed
23758,objects,items,red_emergency_stop_button,button
23759,objects,items,milling_head,head
23760,objects,items,railroad_ties,ty
23761,objects,items,farm_tool,tool
23762,objects,items,sheaf_of_wheat,sheaf
23763,objects,items,wooden_handle/tool,handle
23764,objects,items,haystack,haystack
23765,objects,items,sheaf_of_grain,sheaf
23766,objects,items,sickle,sickle
23767,objects,items,farm_rows,row
23768,objects,items,plant_seedlings,seedling
23769,objects,items,diffusion_panel,panel
23770,objects,items,light_diffuser,diffuser
23771,objects,items,boom_arm,arm
23772,objects,items,diffusion_screen,screen
23773,objects,items,light_boom,boom
23774,objects,items,scba_pack,pack
23775,objects,items,house_wall,wall
23776,objects,items,check_in_monitor,monitor
23777,objects,items,tray_tables,table
23778,objects,items,tray_with_drinks,tray
23779,objects,items,pc_tower,tower
23780,objects,items,guard_kiosk,kiosk
23781,objects,items,police_booth,booth
23782,objects,items,ammo_pouches,pouch
23783,objects,items,building_door,door
23784,objects,items,watchtower,watchtower
23785,objects,items,brass_door_handle,handle
23786,objects,items,iron_gate,gate
23787,objects,items,palace_facade,facade
23788,objects,items,mirror_with_lights,mirror
23789,objects,items,hair_clips,clip
23790,objects,items,combs,comb
23791,objects,items,blue_cloth,cloth
23792,objects,items,sink/faucet,sink
23793,objects,items,reading_lamp,lamp
23794,objects,items,wall_banner,banner
23795,objects,items,court_seal,seal
23796,objects,items,soil_bins,bin
23797,objects,items,soil_piles,pile
23798,objects,items,soil_trough,trough
23799,objects,items,metal_tooling,tooling
23800,objects,items,large_screen_tv,tv
23801,objects,items,framed_chart,chart
23802,objects,items,printed_paper,paper
23803,objects,items,marketing_paper,paper
23804,objects,items,lens_edger,edger
23805,objects,items,lens_grinding_machine,machine
23806,objects,items,optical_alignment_tool,tool
23807,objects,items,hydraulic_lift,lift
23808,objects,items,safety_rail,rail
23809,objects,items,forklift_mast,mast
23810,objects,items,studio_monitor,monitor
23811,objects,items,studio_monitor_speaker,speaker
23812,objects,items,medical_trolley,trolley
23813,objects,items,syringe/swab,syringe
23814,objects,items,iv_bag_with_pole,iv
23815,objects,items,iv_pole_with_bag,iv
23816,objects,items,eye_testing_device,device
23817,objects,items,vision_testing_device,device
23818,objects,items,measurement_clip,clip
23819,objects,items,lens_meter,meter
23820,objects,items,iv_bag_and_stand,iv
23821,objects,items,vial_and_syringe,vial
23822,objects,items,medical_supply_tray,tray
23823,objects,items,medical_table,table
23824,objects,items,medication_shelves,shelve
23825,objects,items,medications,medication
23826,objects,items,shelving_with_medication_boxes,shelving
23827,objects,items,pharmacy_sign,sign
23828,objects,items,dental_instruments_tray,tray
23829,objects,items,aisle_flowers,flower
23830,objects,items,flash,flash
23831,objects,items,aisle_runner,runner
23832,objects,items,round_tables,table
23833,objects,items,clipboard_with_papers,clipboard
23834,objects,items,paper/notebook,paper
23835,objects,items,overhead_instrument_panel,panel
23836,objects,items,yellow_hose,hose
23837,objects,items,sink_pipes,pipe
23838,objects,items,sink_plumbing,plumbing
23839,objects,items,trap,trap
23840,objects,items,drain_hose,hose
23841,objects,items,plumbing,plumbing
23842,objects,items,plumbing_auger,auger
23843,objects,items,snake,snake
23844,objects,items,ink_pen,pen
23845,objects,items,traffic_lights,light
23846,objects,items,signal_baton,baton
23847,objects,items,brochure_stand,stand
23848,objects,items,office_sign,sign
23849,objects,items,paper_(charts),paper
23850,objects,items,plastic_sample_bag,bag
23851,objects,items,flask_with_green_liquid,flask
23852,objects,items,flask_with_orange_liquid,flask
23853,objects,items,chisels,chisel
23854,objects,items,cinderblock_wall,wall
23855,objects,items,large_pipe_opening,opening
23856,objects,items,puddles,puddle
23857,objects,items,smaller_pipe,pipe
23858,objects,items,blue_vertical_pipe,pipe
23859,objects,items,shovel/rod,shovel
23860,objects,items,drain_hole,hole
23861,objects,items,sump_opening,opening
23862,objects,items,pvc_pipe,pipe
23863,objects,items,wooden_bollard,bollard
23864,objects,items,police_belt_holster,holster
23865,objects,items,storefront_building,building
23866,objects,items,town_buildings,building
23867,objects,items,wooden_barrel,barrel
23868,objects,items,gun_badge,badge
23869,objects,items,pistol_(holstered),pistol
23870,objects,items,speaker_monitor,monitor
23871,objects,items,conference_screen,screen
23872,objects,items,large_wall_display,display
23873,objects,items,cafe_umbrella,umbrella
23874,objects,items,column_monument,monument
23875,objects,items,utility_box,box
23876,objects,items,barracks_building,building
23877,objects,items,control_stand,stand
23878,objects,items,equipment_road_case,case
23879,objects,items,lighting_rigs,rig
23880,objects,items,music_stand/tablet,stand
23881,objects,items,clipboards/papers,clipboard
23882,objects,items,equipment_road_cases,cas
23883,objects,items,performance_report,report
23884,objects,items,car_key,key
23885,objects,items,rooftop_taxi_sign,sign
23886,objects,items,ceiling_projector,projector
23887,objects,items,throttle_joystick,joystick
23888,objects,items,joystick_lever,lever
23889,objects,items,wrapped_pallet,pallet
23890,objects,items,cardboard_crate,crate
23891,objects,items,order_pad,pad
23892,objects,items,glass_(drink),glass
23893,objects,items,workbench_vice,vice
23894,objects,items,workbench/vice,workbench/vice
23895,objects,items,calculator_like_device,device
23896,objects,items,subway_platform,platform
23897,objects,items,paper_grocery_bags,bag
23898,objects,items,packaged_goods_on_shelves,shelve
23899,objects,items,bottled_jars,jar
23900,objects,items,console_cabinet,cabinet
23901,objects,items,framed_panels,panel
23902,objects,items,architectural_blueprint,blueprint
23903,objects,items,paintbrush_holder,holder
23904,objects,items,plate_of_rolls,plate
23905,objects,items,plate_of_sandwiches,plate
23906,objects,items,paint_box,box
23907,objects,items,cafeteria_table,table
23908,objects,items,food_counter,counter
23909,objects,items,food_display,display
23910,objects,items,round_stool,stool
23911,objects,items,counter_with_dishes,counter
23912,objects,items,gate_pillar,pillar
23913,objects,items,hydrangea_(white_flowers),flower
23914,objects,items,lawn/pathway,lawn
23915,objects,items,monument_column,column
23916,objects,items,multi_story_buildings,building
23917,objects,items,neoclassical_building,building
23918,objects,items,stage_building,building
23919,objects,items,statue_column,column
23920,objects,items,jars_and_cans,jar
23921,objects,items,wooden_pizza_peel,peel
23922,objects,items,small_plate,plate
23923,objects,items,raised_bed,bed
23924,objects,items,tap_handle,handle
23925,objects,items,cocktail_jigger,jigger
23926,objects,items,hydrangea_bushes,bush
23927,objects,items,metal_jiggers,jigger
23928,objects,items,metal_pourer,pourer
23929,objects,items,muddler,muddler
23930,objects,items,hot_metal_workpiece,workpiece
23931,objects,items,hot_metal_blade,blade
23932,objects,items,hot_metal_rod,rod
23933,objects,items,hot_metal_bar,bar
23934,objects,items,dashboard/control_panel,panel
23935,objects,items,crate_of_vegetables,crate
23936,objects,items,crates_of_produce,crate
23937,objects,items,paper_bag_of_produce,paper
23938,objects,items,paper_bag_with_fish,paper
23939,objects,items,carp,carp
23940,objects,items,computer/monitor,computer
23941,objects,items,computer/register,computer
23942,objects,items,outdoor_counter,counter
23943,objects,items,paper/receipt,paper
23944,objects,items,plant_rack,rack
23945,objects,items,label_stand,stand
23946,objects,items,pottery_bowl,bowl
23947,objects,items,price_label,label
23948,objects,items,container_stack,stack
23949,objects,items,erlenmeyer_flask_(orange_liquid),flask
23950,objects,items,flask_(blue_liquid),flask
23951,objects,items,large_glass_flask_(blue),flask
23952,objects,items,large_glass_flask_(orange),flask
23953,objects,items,sample_containers,container
23954,objects,items,small_glass_flask_(blue),flask
23955,objects,items,feather_staff,staff
23956,objects,items,potted_urn,urn
23957,objects,items,skatepark_bowl,bowl
23958,objects,items,obelisk,obelisk
23959,objects,items,sauce_jars,jar
23960,objects,items,food_jars,jar
23961,objects,items,large_loaf,loaf
23962,objects,items,dumper,dumper
23963,objects,items,spade,spade
23964,objects,items,winch_hook,hook
23965,objects,items,backhoe,backhoe
23966,objects,items,chains,chain
23967,objects,items,crane_hook_block,block
23968,objects,items,digging_bucket,bucket
23969,objects,items,loader_bucket,bucket
23970,objects,items,pile_of_wood,pile
23971,objects,items,steel_column_form,form
23972,objects,items,plate_of_salad,plate
23973,objects,items,market_canopies,canopy
23974,objects,items,market_stall_canopy,canopy
23975,objects,items,market_stalls,stall
23976,objects,items,wall_text_panels,panel
23977,objects,items,box_of_fruit,box
23978,objects,items,handheld_probe,probe
23979,objects,items,car_(foreground),car
23980,objects,items,cars_(background),car
23981,objects,items,parking_space_markings,marking
23982,objects,items,shelves_with_produce,shelve
23983,objects,items,bottles_jars,jar
23984,objects,items,football_goalposts,goalpost
23985,objects,items,soccer_goal_net,net
23986,objects,items,book_spines,spine
23987,objects,items,shelf_label,label
23988,objects,items,bottles_and_jars,bottle
23989,objects,items,jarred_goods,goods
23990,objects,items,wooden_kitchen_cabinets,cabinet
23991,objects,items,orchard_path,path
23992,objects,items,tree_row,row
23993,objects,items,handle_grips,grip
23994,objects,items,red_device,device
23995,objects,items,resistance_bands,band
23996,objects,items,clamp_meter,meter
23997,objects,items,multimeter_probe,probe
23998,objects,items,electrical_box_with_wires,electrical
23999,objects,items,electrical_tool,tool
24000,objects,items,price_tag_gun,gun
24001,objects,items,electrical_device,device
24002,objects,items,testing_equipment,equipment
24003,objects,items,yellow_machine,machine
24004,objects,items,display_freezer,freezer
24005,objects,items,produce_packaging,package
24006,objects,items,factory,factory
24007,objects,items,factory_structure,structure
24008,objects,items,persimmons,persimmon
24009,objects,items,metal_carts,cart
24010,objects,items,storefront_glass,glass
24011,objects,items,bundle_of_green_plants,bundle
24012,objects,items,farm_trailer,trailer
24013,objects,items,vintage_camera,camera
24014,objects,items,"fruit_(oranges,_bananas)",banana
24015,objects,items,firefighter_tool,tool
24016,objects,items,uniform_badge,badge
24017,objects,items,product_cans,can
24018,objects,items,gaming_mouse,mouse
24019,objects,items,styling_cape,cape
24020,objects,items,salon_cart,cart
24021,objects,items,hair_dryer_brush,brush
24022,objects,items,hair_dryer_round_brush,brush
24023,objects,items,hair_styling_stand,stand
24024,objects,items,hair_styling_tool,tool
24025,objects,items,noticeboard,noticeboard
24026,objects,items,white_container,container
24027,objects,items,information_label,label
24028,objects,items,overhead_spotlight,spotlight
24029,objects,items,garden,garden
24030,objects,items,metal_shopping_basket,basket
24031,objects,items,green_plastic_basket,basket
24032,objects,items,exercise_machines,machine
24033,objects,items,chalice,chalice
24034,objects,items,metal_vise/workpiece,vise
24035,objects,items,oven/stove,oven
24036,objects,items,balcony_door,door
24037,objects,items,man,man
24038,objects,items,tool_crate,crate
24039,objects,items,paper_produce_bag,bag
24040,objects,items,green_cart,cart
24041,objects,items,push_lawn_spreader,spreader
24042,objects,items,push_mower,mower
24043,objects,items,trimmer,trimmer
24044,objects,items,pole_trimmer,trimmer
24045,objects,items,brick_garden_border,border
24046,objects,items,raised_planter_box,box
24047,objects,items,cardboard_crates,crate
24048,objects,items,plastic_package,package
24049,objects,items,packaged_food_bags,bag
24050,objects,items,produce_(bagged_vegetables/fruits),vegetable
24051,objects,items,platform_tiles,tile
24052,objects,items,trial_optical_frame,frame
24053,objects,items,magnifying_loupes,loupe
24054,objects,items,garden_stake,stake
24055,objects,items,tripod_sensor,sensor
24056,objects,items,ophthalmic_stand,stand
24057,objects,items,trimmed_hedge,hedge
24058,objects,items,paper_bag_with_produce,paper
24059,objects,items,shelves_(beverage_bottles),bottle
24060,objects,items,cans/jars,can
24061,objects,items,bedside_monitor,monitor
24062,objects,items,iv_drip/infusion_pump,pump
24063,objects,items,produce_(packaged_oranges),orange
24064,objects,items,shelving_with_jars/bottles,shelving
24065,objects,items,plates_of_food,plate
24066,objects,items,glass_double_doors,door
24067,objects,items,plastic_bag_of_apples,plastic
24068,objects,items,hose/faucet,hose
24069,objects,items,hose_and_valve,hose
24070,objects,items,blue_hose,hose
24071,objects,items,metal_nozzle,nozzle
24072,objects,items,blue_valve_device,device
24073,objects,items,toolkit,toolkit
24074,objects,items,fruit_box,box
24075,objects,items,bag_of_lettuce,bag
24076,objects,items,shelves_with_bottled_drinks,shelve
24077,objects,items,bagged_peppers,pepper
24078,objects,items,tub_container,container
24079,objects,items,ticket_terminal,terminal
24080,objects,items,paper_sign,sign
24081,objects,items,desk_sign,sign
24082,objects,items,sign_holder,holder
24083,objects,items,plated_food,food
24084,objects,items,basket_of_apples,basket
24085,objects,items,basket_of_vegetables,basket
24086,objects,items,food_basket,basket
24087,objects,items,kitchen_knife,knife
24088,objects,items,grocery_shelf_with_bottles,grocery
24089,objects,items,camera_rig_with_monitor,camera
24090,objects,items,relief_panel,panel
24091,objects,items,vessels,vessel
24092,objects,items,relief_sculpture,sculpture
24093,objects,items,wood_table,table
24094,objects,items,desk_with_laptop,desk
24095,objects,items,hole_in_floor,floor
24096,objects,items,large_hole,hole
24097,objects,items,sump_pump,pump
24098,objects,items,downspout,downspout
24099,objects,items,concrete_drainage_pipe,pipe
24100,objects,items,brick_planter,planter
24101,objects,items,corrugated_plastic_pipe,pipe
24102,objects,items,circular_metal_opening,opening
24103,objects,items,circular_soil_opening,opening
24104,objects,items,concrete_paver,paver
24105,objects,items,garden_hose_with_nozzle,garden
24106,objects,items,house_exterior,exterior
24107,objects,items,wood_fence,fence
24108,objects,items,microphone_and_stand,microphone
24109,objects,items,packaged_apples,apple
24110,objects,items,charger,charger
24111,objects,items,low_table,table
24112,objects,items,rose,rose
24113,objects,items,packaged_carrots,carrot
24114,objects,items,lighting_unit,unit
24115,objects,items,banana_basket,basket
24116,objects,items,pack_of_tomatoes,pack
24117,objects,items,loose_produce,produce
24118,objects,items,surgical_forceps,forcep
24119,objects,items,shopping_cart_(gurney),cart
24120,objects,items,tray_with_food,tray
24121,objects,items,bottled_juice,juice
24122,objects,items,navy_dress,dress
24123,objects,items,apple_basket,basket
24124,objects,items,fabric_table,table
24125,objects,items,mannequin_(dress_form),form
24126,objects,items,roof_taxi_sign,sign
24127,objects,items,grocery_store_shelves,shelve
24128,objects,items,cardboard_produce_bag,bag
24129,objects,items,produce_(bag),bag
24130,objects,items,crossing_signal,signal
24131,objects,items,crossing_signals,signal
24132,objects,items,dashboard_controls,control
24133,objects,items,railroad_crossing_lights,light
24134,objects,items,railroad_crossing_signal,signal
24135,objects,items,train_control_panel,panel
24136,objects,items,rail_passenger_car,car
24137,objects,items,truck_step,step
24138,objects,items,delivery_van_cabin,cabin
24139,objects,items,delivery_van_interior,interior
24140,objects,items,green_shopping_basket,basket
24141,objects,items,cloth_napkin,napkin
24142,objects,items,park_lamp_post,post
24143,objects,items,serving_cloth,cloth
24144,objects,items,thermo,thermo
24145,objects,items,lemon_basket,basket
24146,objects,items,grocery_bottles,bottle
24147,objects,items,clay_pot,pot
24148,objects,items,wooden_bed,bed
24149,objects,items,waffle,waffle
24150,objects,items,box_of_tomatoes,box
24151,objects,items,grocery_shelf_(bottles),bottles
24152,objects,items,shirt_collar,collar
24153,objects,items,ribbon_bars,bar
24154,objects,items,rolls_of_paper,roll
24155,objects,items,military_jacket_patch,patch
24156,objects,items,backpack_strap,strap
24157,objects,items,epaulet,epaulet
24158,objects,items,epaulette_patch,patch
24159,objects,items,patch_badge,badge
24160,objects,items,hand_straps,strap
24161,objects,items,menu_screens,screen
24162,objects,items,decorative_molding,molding
24163,objects,items,exit_doors,door
24164,objects,items,balcony_rail,rail
24165,objects,items,metal_baking_pan,pan
24166,objects,items,wooden_baking_board,board
24167,objects,items,bar_spoon,spoon
24168,objects,items,multiwell_plate,plate
24169,objects,items,heated_metal_blade,blade
24170,objects,items,carved_fish,fish
24171,objects,items,credit_card_terminal,terminal
24172,objects,items,erlenmeyer_flask_(green_liquid),flask
24173,objects,items,erlenmeyer_flask_(yellow_liquid),flask
24174,objects,items,flask_(green_liquid),flask
24175,objects,items,flask_(orange_liquid),flask
24176,objects,items,ear_ornament,ornament
24177,objects,items,medallion_pendant,pendant
24178,objects,items,feather_ornament,ornament
24179,objects,items,hide,hide
24180,objects,items,woven_tunic,tunic
24181,objects,items,mop_bucket_cart,cart
24182,objects,items,stack_of_cards,stack
24183,objects,items,field_marking,marking
24184,objects,items,stadium_seat,seat
24185,objects,items,cage,cage
24186,objects,items,sunbeams,sunbeam
24187,objects,items,sketch,sketch
24188,objects,items,color_chart,chart
24189,objects,items,paper_with_sketches,paper
24190,objects,items,shoulder_holster,holster
24191,objects,items,color_swatch_printout,printout
24192,objects,items,digital_multimeter,multimeter
24193,objects,items,electrical_meter,meter
24194,objects,items,lead,lead
24195,objects,items,testing_device,device
24196,objects,items,paper/blueprint,paper
24197,objects,items,allen_key,key
24198,objects,items,workholding_fixture,fixture
24199,objects,items,workpiece_fixture,fixture
24200,objects,items,farm_baler,baler
24201,objects,items,hay_bundle,bundle
24202,objects,items,wooden_pitchfork,pitchfork
24203,objects,items,walk_behind_tiller,tiller
24204,objects,items,film_reels,reel
24205,objects,items,scba_strap,strap
24206,objects,items,overhead_cabin_lights,light
24207,objects,items,wing_badge,badge
24208,objects,items,passenger_seat,seat
24209,objects,items,military_insignia,insignia
24210,objects,items,ribbon_medals,medal
24211,objects,items,rifle/bayonet,rifle
24212,objects,items,salon_mirror,mirror
24213,objects,items,styling_iron,iron
24214,objects,items,dish_towel,towel
24215,objects,items,kitchen_tool,tool
24216,objects,items,plastic_cart,cart
24217,objects,items,polo_shirt,shirt
24218,objects,items,monitor/terminal,monitor
24219,objects,items,reflective_belt,belt
24220,objects,items,scrub_pad,pad
24221,objects,items,shelving_cart,cart
24222,objects,items,yellow_waste_bin,bin
24223,objects,items,judge_robe,robe
24224,objects,items,coil_of_rope,coil
24225,objects,items,rail_sections,section
24226,objects,items,tamping_tool,tool
24227,objects,items,hand_wheel,wheel
24228,objects,items,worklamp,worklamp
24229,objects,items,warehouse_roll_up_door,door
24230,objects,items,yellow_bollard,bollard
24231,objects,items,iv_machine,machine
24232,objects,items,examination_stand,stand
24233,objects,items,ophthalmic_chair,chair
24234,objects,items,slit_lamp_head,head
24235,objects,items,slit_lamp_microscope,microscope
24236,objects,items,paramedic_jacket,jacket
24237,objects,items,reflective_badge,badge
24238,objects,items,uniform_zipper,zipper
24239,objects,items,emergency_badge,badge
24240,objects,items,medical_patch_badge,badge
24241,objects,items,paramedic_patch,patch
24242,objects,items,police_badge_emblem,emblem
24243,objects,items,shelves_with_medicine_boxes,shelve
24244,objects,items,blood_pressure_monitor,monitor
24245,objects,items,framed_certificate,certificate
24246,objects,items,round_glasses,glasses
24247,objects,items,captain_hat,hat
24248,objects,items,pilot_wing_badge,badge
24249,objects,items,cravat,cravat
24250,objects,items,sun_flare,flare
24251,objects,items,metal_drain,drain
24252,objects,items,bookstand,bookstand
24253,objects,items,police_radio_microphone,microphone
24254,objects,items,red_tie,tie
24255,objects,items,signal_paddle,paddle
24256,objects,items,ticket_wallet,wallet
24257,objects,items,paper_pad,pad
24258,objects,items,laboratory_table,table
24259,objects,items,shirt_on_hanger,hanger
24260,objects,items,coffee_tamper,tamper
24261,objects,items,display_boxes,box
24262,objects,items,camera_mount,mount
24263,objects,items,canvas_(sculpted_relief),relief
24264,objects,items,canvas_relief,relief
24265,objects,items,concrete_trench,trench
24266,objects,items,concrete_well_ring,ring
24267,objects,items,manhole_rim,rim
24268,objects,items,manhole_shaft,shaft
24269,objects,items,shaft_interior,interior
24270,objects,items,water_surface,surface
24271,objects,items,concrete_drainage_channel,channel
24272,objects,items,soil/dirt,soil
24273,objects,items,wide_brimmed_hat,hat
24274,objects,items,audio_cable,cable
24275,objects,items,window_sill,sill
24276,objects,items,patrol_cap,cap
24277,objects,items,audio_junction_box,box
24278,objects,items,car_door_panel,panel
24279,objects,items,taxi_door,door
24280,objects,items,taxi_vehicle,vehicle
24281,objects,items,train_(outside),train
24282,objects,items,napkin_stack,stack
24283,objects,items,fountain_pen,pen
