context_type,role,cohort,standardized_dimension,standardized_label,count,bins,filename
Original,farmer,scene_appearance,aesthetic_qualities,cinematic,38,6,farmer
Original,farmer,scene_appearance,aesthetic_qualities,dreamy,3,6,farmer
Original,farmer,scene_appearance,aesthetic_qualities,quality cinematic,6,6,farmer
Original,farmer,scene_appearance,aesthetic_qualities,quality dreamy,3,6,farmer
Original,farmer,scene_appearance,aesthetic_qualities,quality realistic,8,6,farmer
Original,farmer,scene_appearance,aesthetic_qualities,realistic,36,6,farmer
Original,farmer,scene_appearance,color_temperature,cool,5,3,farmer
Original,farmer,scene_appearance,color_temperature,warm,39,3,farmer
Original,farmer,scene_appearance,dominant_colors,brown,30,1,farmer
Original,farmer,scene_appearance,mood,calm,60,2,farmer
Original,farmer,scene_appearance,mood,joyful,1,2,farmer
Original,farmer,scene_appearance,wall_color,brown,10,1,farmer
Original,farmer,scene_appearance,color_temperature,neutral,1,3,farmer
Original,farmer,scene_appearance,color_temperature,warm,8,3,farmer
Original,farmer,camera,depth_of_field,deep,4,3,farmer
Original,farmer,camera,depth_of_field,moderate,2,3,farmer
Original,farmer,camera,depth_of_field,shallow,51,3,farmer
Original,farmer,camera,framing,close up,7,6,farmer
Original,farmer,camera,framing,establishing,8,6,farmer
Original,farmer,camera,framing,full body,3,6,farmer
Original,farmer,camera,framing,headshot,4,6,farmer
Original,farmer,camera,framing,medium,51,6,farmer
Original,farmer,camera,framing,wide,6,6,farmer
Original,farmer,camera,perspective,eye level,43,2,farmer
Original,farmer,camera,perspective,low angle,5,2,farmer
Original,farmer,objects,type,distant trees roofs,1,44,farmer
Original,farmer,objects,type,long handled shovel,1,44,farmer
Original,farmer,objects,type,planted rows,38,44,farmer
Original,farmer,objects,type,straw hat,5,44,farmer
Original,farmer,objects,type,work boots,1,44,farmer
Original,farmer,objects,type,work gloves,4,44,farmer
Original,farmer,objects,type,work pants,1,44,farmer
Original,farmer,objects,type,armchair,1,44,farmer
Original,farmer,objects,type,book,14,44,farmer
Original,farmer,objects,type,bookcase,47,44,farmer
Original,farmer,objects,type,bookshelf,3,44,farmer
Original,farmer,objects,type,boots,2,44,farmer
Original,farmer,objects,type,bowls,1,44,farmer
Original,farmer,objects,type,container,1,44,farmer
Original,farmer,objects,type,couch,4,44,farmer
Original,farmer,objects,type,decorative bowl,1,44,farmer
Original,farmer,objects,type,farm tractor,1,44,farmer
Original,farmer,objects,type,fence,2,44,farmer
Original,farmer,objects,type,glass jars,2,44,farmer
Original,farmer,objects,type,hanging potted plant,1,44,farmer
Original,farmer,objects,type,hat,13,44,farmer
Original,farmer,objects,type,labeled cylindrical container,1,44,farmer
Original,farmer,objects,type,multi pane window,2,44,farmer
Original,farmer,objects,type,open storage shelf,1,44,farmer
Original,farmer,objects,type,plant,14,44,farmer
Original,farmer,objects,type,plant bundle,1,44,farmer
Original,farmer,objects,type,pole,1,44,farmer
Original,farmer,objects,type,potted houseplant,1,44,farmer
Original,farmer,objects,type,potted leafy plant,1,44,farmer
Original,farmer,objects,type,potted plant,9,44,farmer
Original,farmer,objects,type,rectangular multi pane,1,44,farmer
Original,farmer,objects,type,rubber boots,1,44,farmer
Original,farmer,objects,type,shelf,6,44,farmer
Original,farmer,objects,type,shoe,1,44,farmer
Original,farmer,objects,type,sofa,17,44,farmer
Original,farmer,objects,type,straw cowboy hat,1,44,farmer
Original,farmer,objects,type,straw hat,2,44,farmer
Original,farmer,objects,type,table,4,44,farmer
Original,farmer,objects,type,tree canopies,1,44,farmer
Original,farmer,objects,type,tree clump,1,44,farmer
Original,farmer,objects,type,wicker baskets,1,44,farmer
Original,farmer,objects,type,window,12,44,farmer
Original,farmer,objects,type,window array,1,44,farmer
Original,farmer,objects,type,wooden utensils,1,44,farmer
Original,farmer,objects,type,woven baskets,2,44,farmer
Original,farmer,people,activities,gathering soil,1,16,farmer
Original,farmer,people,activities,handling soil,1,16,farmer
Original,farmer,people,activities,hands resting or gathering straw,1,16,farmer
Original,farmer,people,activities,holding bag,1,16,farmer
Original,farmer,people,activities,holding tool,1,16,farmer
Original,farmer,people,activities,holding soil clump,1,16,farmer
Original,farmer,people,activities,holding straw bundle,2,16,farmer
Original,farmer,people,activities,inspecting soil,2,16,farmer
Original,farmer,people,activities,letting soil fall,1,16,farmer
Original,farmer,people,activities,looking toward camera,3,16,farmer
Original,farmer,people,activities,manipulating plants,1,16,farmer
Original,farmer,people,activities,planting,4,16,farmer
Original,farmer,people,activities,resting,1,16,farmer
Original,farmer,people,activities,sifting breaking clods,1,16,farmer
Original,farmer,people,activities,handling soil,1,16,farmer
Original,farmer,people,activities,supporting produce,1,16,farmer
Original,farmer,people,activities,tending crops,1,16,farmer
Original,farmer,people,age_range,middle aged,13,2,farmer
Original,farmer,people,age_range,older adult,36,2,farmer
Original,farmer,people,clothing_color,beige,1,12,farmer
Original,farmer,people,clothing_color,black,13,12,farmer
Original,farmer,people,clothing_color,blue,25,12,farmer
Original,farmer,people,clothing_color,brown,14,12,farmer
Original,farmer,people,clothing_color,gray,13,12,farmer
Original,farmer,people,clothing_color,green,1,12,farmer
Original,farmer,people,clothing_color,palegreen,1,12,farmer
Original,farmer,people,clothing_color,red,3,12,farmer
Original,farmer,people,clothing_color,tan,5,12,farmer
Original,farmer,people,clothing_color,tomato,1,12,farmer
Original,farmer,people,clothing_color,white,4,12,farmer
Original,farmer,people,clothing_color,yellow,1,12,farmer
Original,farmer,people,clothing_garment,apron,1,10,farmer
Original,farmer,people,clothing_garment,belt,1,10,farmer
Original,farmer,people,clothing_garment,boots,2,10,farmer
Original,farmer,people,clothing_garment,hat,1,10,farmer
Original,farmer,people,clothing_garment,jeans,2,10,farmer
Original,farmer,people,clothing_garment,overalls,14,10,farmer
Original,farmer,people,clothing_garment,shirt,17,10,farmer
Original,farmer,people,clothing_garment,suspenders,4,10,farmer
Original,farmer,people,clothing_garment,trousers,4,10,farmer
Original,farmer,people,clothing_garment,work boots,1,10,farmer
Original,farmer,people,eyewear_present,no,26,2,farmer
Original,farmer,people,eyewear_present,yes,18,2,farmer
Original,farmer,people,eyewear_type,eyeglasses,2,5,farmer
Original,farmer,people,eyewear_type,reading glasses,4,5,farmer
Original,farmer,people,eyewear_type,rectangular,4,5,farmer
Original,farmer,people,eyewear_type,rectangular metal rimmed,1,5,farmer
Original,farmer,people,eyewear_type,rectangular reading glasses,1,5,farmer
Original,farmer,people,hair_color,black,14,4,farmer
Original,farmer,people,hair_color,gray,24,4,farmer
Original,farmer,people,hair_color,tomato reddish,1,4,farmer
Original,farmer,people,hair_color,white,10,4,farmer
Original,farmer,people,facial_hair_present,no,5,2,farmer
Original,farmer,people,facial_hair_present,yes,30,2,farmer
Original,farmer,people,facial_hair_style,beard,10,7,farmer
Original,farmer,people,facial_hair_style,full beard,2,7,farmer
Original,farmer,people,facial_hair_style,moustache,12,7,farmer
Original,farmer,people,facial_hair_style,short beard,2,7,farmer
Original,farmer,people,facial_hair_style,sideburns,2,7,farmer
Original,farmer,people,facial_hair_style,stubbled,6,7,farmer
Original,farmer,people,facial_hair_style,trimmed,2,7,farmer
Original,farmer,people,gaze_direction,center,1,5,farmer
Original,farmer,people,gaze_direction,down,20,5,farmer
Original,farmer,people,gaze_direction,left,2,5,farmer
Original,farmer,people,gaze_direction,right,1,5,farmer
Original,farmer,people,gaze_direction,up,11,5,farmer
Original,farmer,people,gender_presentation,male,59,1,farmer
Original,farmer,people,hair_color,black,19,4,farmer
Original,farmer,people,hair_color,gray,38,4,farmer
Original,farmer,people,hair_color,white,6,4,farmer
Original,farmer,people,hair_present,yes,39,1,farmer
Original,farmer,people,hair_style,shaved,1,2,farmer
Original,farmer,people,hair_style,short,37,2,farmer
Original,farmer,people,head_covering_type,beige,9,31,farmer
Original,farmer,people,head_covering_type,black,6,31,farmer
Original,farmer,people,head_covering_type,black coverings,3,31,farmer
Original,farmer,people,head_covering_type,brown,2,31,farmer
Original,farmer,people,head_covering_type,dark gray,1,31,farmer
Original,farmer,people,head_covering_type,dark violet,1,31,farmer
Original,farmer,people,head_covering_type,darkblue,1,31,farmer
Original,farmer,people,head_covering_type,darkviolet,4,31,farmer
Original,farmer,people,head_covering_type,gray,2,31,farmer
Original,farmer,people,head_covering_type,green,2,31,farmer
Original,farmer,people,head_covering_type,lightyellow,2,31,farmer
Original,farmer,people,head_covering_type,olive drab,2,31,farmer
Original,farmer,people,head_covering_type,pale green,1,31,farmer
Original,farmer,people,head_covering_type,tan,9,31,farmer
Original,farmer,people,head_covering_type,tan coverings,3,31,farmer
Original,farmer,people,head_covering_type,tomato,7,31,farmer
Original,farmer,people,head_covering_type,tomato reddish,1,31,farmer
Original,farmer,people,head_covering_type,yellow,3,31,farmer
Original,farmer,people,head_covering_present,no,2,2,farmer
Original,farmer,people,head_covering_present,yes,47,2,farmer
Original,farmer,people,head_covering_type,baseball cap,1,31,farmer
Original,farmer,people,head_covering_type,cowboy hat,1,31,farmer
Original,farmer,people,head_covering_type,fedora,1,31,farmer
Original,farmer,people,head_covering_type,felt hat,1,31,farmer
Original,farmer,people,head_covering_type,flat cap,1,31,farmer
Original,farmer,people,head_covering_type,generic hat,1,31,farmer
Original,farmer,people,head_covering_type,straw hat,7,31,farmer
Original,farmer,people,head_covering_type,straw hat merged variants,18,31,farmer
Original,farmer,people,head_covering_type,straw hat normalized variants,6,31,farmer
Original,farmer,people,head_covering_type,wide brim woven hat,1,31,farmer
Original,farmer,people,head_covering_type,wide brimmed hat unspecified,1,31,farmer
Original,farmer,people,head_covering_type,wide brimmed straw hat,1,31,farmer
Original,farmer,people,head_covering_type,wide brimmed sunhat,3,31,farmer
Original,farmer,people,pose,standing,1,4,farmer
Original,farmer,people,pose,leaning,2,4,farmer
Original,farmer,people,pose,standing,1,4,farmer
Original,farmer,people,pose,leaning,5,4,farmer
Original,farmer,people,pose,leaning,1,4,farmer
Original,farmer,people,pose,leaning,1,4,farmer
Original,farmer,people,pose,standing,1,4,farmer
Original,farmer,people,pose,leaning,4,4,farmer
Original,farmer,people,pose,standing,1,4,farmer
Original,farmer,people,pose,leaning,1,4,farmer
Original,farmer,people,pose,leaning,7,4,farmer
Original,farmer,people,pose,leaning,1,4,farmer
Original,farmer,people,pose,leaning,1,4,farmer
Original,farmer,people,pose,standing,1,4,farmer
Original,farmer,people,pose,standing,2,4,farmer
Original,farmer,people,pose,laying,3,4,farmer
Original,farmer,people,pose,standing,7,4,farmer
Original,farmer,people,pose,seated,9,4,farmer
Original,farmer,people,pose,leaning,6,4,farmer
Original,farmer,people,pose,standing,2,4,farmer
Original,farmer,people,pose,standing,1,4,farmer
Original,farmer,people,pose,standing,1,4,farmer
Original,farmer,people,pose,standing,1,4,farmer
Original,farmer,people,pose,standing,7,4,farmer
Original,farmer,people,pose,standing,1,4,farmer
Original,farmer,people,pose,standing,1,4,farmer
Original,farmer,people,pose,standing,1,4,farmer
Original,farmer,people,pose,standing,1,4,farmer
Original,farmer,people,pose,standing,1,4,farmer
Original,farmer,people,pose,standing,1,4,farmer
Original,farmer,people,pose,standing,1,4,farmer
Original,farmer,people,pose,standing,4,4,farmer
Original,farmer,people,pose,standing,10,4,farmer
Original,farmer,people,pose,standing,2,4,farmer
Original,farmer,people,pose,standing,4,4,farmer
Original,farmer,people,pose,standing,4,4,farmer
Original,farmer,people,pose,standing,1,4,farmer
Original,farmer,people,pose,standing,4,4,farmer
Original,farmer,people,pose,standing,1,4,farmer
Original,farmer,people,pose,standing,1,4,farmer
Original,farmer,people,pose,standing,1,4,farmer
Original,farmer,people,pose,leaning,2,4,farmer
Original,farmer,people,pose,standing,2,4,farmer
Original,farmer,people,pose,standing,1,4,farmer
Original,farmer,people,pose,standing,9,4,farmer
Original,farmer,people,pose,standing,3,4,farmer
Original,farmer,people,skin_tone,light,35,2,farmer
Original,farmer,people,skin_tone,medium,13,2,farmer
Original,ceo,scene_appearance,aesthetic_qualities,cinematic,14,3,ceo
Original,ceo,scene_appearance,aesthetic_qualities,minimal,4,3,ceo
Original,ceo,scene_appearance,aesthetic_qualities,realistic,32,3,ceo
Original,ceo,scene_appearance,color_temperature,cool,23,3,ceo
Original,ceo,scene_appearance,color_temperature,neutral,13,3,ceo
Original,ceo,scene_appearance,color_temperature,warm,3,3,ceo
Original,ceo,scene_appearance,dominant_colors,black,1,5,ceo
Original,ceo,scene_appearance,dominant_colors,brown,9,5,ceo
Original,ceo,scene_appearance,dominant_colors,black,11,5,ceo
Original,ceo,scene_appearance,dominant_colors,blue,2,5,ceo
Original,ceo,scene_appearance,dominant_colors,brown,15,5,ceo
Original,ceo,scene_appearance,dominant_colors,orange,1,5,ceo
Original,ceo,scene_appearance,dominant_colors,red,1,5,ceo
Original,ceo,scene_appearance,mood,calm,44,3,ceo
Original,ceo,scene_appearance,mood,joyful,2,3,ceo
Original,ceo,scene_appearance,mood,minimalistic,2,3,ceo
Original,ceo,camera,depth_of_field,deep,20,8,ceo
Original,ceo,camera,depth_of_field,deep dof,2,8,ceo
Original,ceo,camera,depth_of_field,moderate,9,8,ceo
Original,ceo,camera,depth_of_field,moderate dof,1,8,ceo
Original,ceo,camera,depth_of_field,per image share,0,8,ceo
Original,ceo,camera,depth_of_field,shallow,26,8,ceo
Original,ceo,camera,depth_of_field,shallow dof,6,8,ceo
Original,ceo,camera,depth_of_field,within attribute share,0,8,ceo
Original,ceo,camera,framing,close up,1,6,ceo
Original,ceo,camera,framing,establishing,7,6,ceo
Original,ceo,camera,framing,full body,8,6,ceo
Original,ceo,camera,framing,headshot,4,6,ceo
Original,ceo,camera,framing,medium,26,6,ceo
Original,ceo,camera,framing,wide,19,6,ceo
Original,ceo,camera,perspective,eye level,58,3,ceo
Original,ceo,camera,perspective,per image share,0,3,ceo
Original,ceo,camera,perspective,within attribute share,0,3,ceo
Original,ceo,objects,type,desk,35,45,ceo
Original,ceo,objects,type,potted plant,4,45,ceo
Original,ceo,objects,type,wristwatch,3,45,ceo
Original,ceo,objects,type,belt,1,45,ceo
Original,ceo,objects,type,book like,1,45,ceo
Original,ceo,objects,type,cabinet,1,45,ceo
Original,ceo,objects,type,chair,14,45,ceo
Original,ceo,objects,type,credenza or cabinet,1,45,ceo
Original,ceo,objects,type,cup,1,45,ceo
Original,ceo,objects,type,desk,2,45,ceo
Original,ceo,objects,type,desktop accessory,1,45,ceo
Original,ceo,objects,type,digital display screens,1,45,ceo
Original,ceo,objects,type,dishware,1,45,ceo
Original,ceo,objects,type,endcap display,1,45,ceo
Original,ceo,objects,type,endcap shelving,1,45,ceo
Original,ceo,objects,type,eyeglasses,1,45,ceo
Original,ceo,objects,type,glassware,1,45,ceo
Original,ceo,objects,type,hanging sign,1,45,ceo
Original,ceo,objects,type,lamp,1,45,ceo
Original,ceo,objects,type,mouse,1,45,ceo
Original,ceo,objects,type,mug,1,45,ceo
Original,ceo,objects,type,notebook,2,45,ceo
Original,ceo,objects,type,office chair,28,45,ceo
Original,ceo,objects,type,overhead sign,1,45,ceo
Original,ceo,objects,type,packaged box,1,45,ceo
Original,ceo,objects,type,paper,8,45,ceo
Original,ceo,objects,type,paperwork,1,45,ceo
Original,ceo,objects,type,plant,8,45,ceo
Original,ceo,objects,type,planters,1,45,ceo
Original,ceo,objects,type,produce basket,1,45,ceo
Original,ceo,objects,type,refrigerated produce shelf,2,45,ceo
Original,ceo,objects,type,refrigerated shelf,10,45,ceo
Original,ceo,objects,type,shelf edge sale tags,1,45,ceo
Original,ceo,objects,type,shelf price strip,1,45,ceo
Original,ceo,objects,type,shelving with books,1,45,ceo
Original,ceo,objects,type,shopping basket,1,45,ceo
Original,ceo,objects,type,shopping cart,9,45,ceo
Original,ceo,objects,type,sign,1,45,ceo
Original,ceo,objects,type,table,10,45,ceo
Original,ceo,objects,type,table port,1,45,ceo
Original,ceo,objects,type,tabletop,2,45,ceo
Original,ceo,objects,type,tableware,1,45,ceo
Original,ceo,objects,type,watch,1,45,ceo
Original,ceo,objects,type,window,6,45,ceo
Original,ceo,objects,type,window glazing,1,45,ceo
Original,ceo,objects,type,window grid,1,45,ceo
Original,ceo,people,activities,posing for camera,1,5,ceo
Original,ceo,people,activities,smiling,2,5,ceo
Original,ceo,people,activities,standing,8,5,ceo
Original,ceo,people,gaze_direction,up,5,2,ceo
Original,ceo,people,activities,front,8,5,ceo
Original,ceo,people,activities,three quarter,1,5,ceo
Original,ceo,people,pose,standing,1,4,ceo
Original,ceo,people,pose,hands_pockets,4,4,ceo
Original,ceo,people,pose,standing,7,4,ceo
Original,ceo,people,pose,standing,10,4,ceo
Original,ceo,people,age_range,middle aged,62,3,ceo
Original,ceo,people,age_range,older adult,4,3,ceo
Original,ceo,people,age_range,young adult,11,3,ceo
Original,ceo,people,clothing_color,black,33,8,ceo
Original,ceo,people,clothing_color,blue,66,8,ceo
Original,ceo,people,clothing_color,brown,2,8,ceo
Original,ceo,people,clothing_color,gray,10,8,ceo
Original,ceo,people,clothing_color,pink,2,8,ceo
Original,ceo,people,clothing_color,red,3,8,ceo
Original,ceo,people,clothing_color,tan,2,8,ceo
Original,ceo,people,clothing_color,white,33,8,ceo
Original,ceo,people,clothing_color,black,13,8,ceo
Original,ceo,people,clothing_color,blue,29,8,ceo
Original,ceo,people,clothing_color,gray,16,8,ceo
Original,ceo,people,clothing_color,red,2,8,ceo
Original,ceo,people,clothing_color,white,16,8,ceo
Original,ceo,people,clothing_garment,belt,9,13,ceo
Original,ceo,people,clothing_garment,dress shoes,4,13,ceo
Original,ceo,people,clothing_garment,dress trousers,1,13,ceo
Original,ceo,people,clothing_garment,neck tie,4,13,ceo
Original,ceo,people,clothing_garment,necktie,2,13,ceo
Original,ceo,people,clothing_garment,necktie neck tie ne from s,7,13,ceo
Original,ceo,people,clothing_garment,shirt,19,13,ceo
Original,ceo,people,clothing_garment,shoes,2,13,ceo
Original,ceo,people,clothing_garment,suit jacket,16,13,ceo
Original,ceo,people,clothing_garment,tie,3,13,ceo
Original,ceo,people,clothing_garment,trousers,6,13,ceo
Original,ceo,people,clothing_garment,watch belt accessory,1,13,ceo
Original,ceo,people,clothing_garment,wristwatch,2,13,ceo
Original,ceo,people,eyewear_present,no,37,2,ceo
Original,ceo,people,eyewear_present,yes,38,2,ceo
Original,ceo,people,eyewear_type,eyeglasses,1,7,ceo
Original,ceo,people,eyewear_type,eyeglasses generic,2,7,ceo
Original,ceo,people,eyewear_type,eyeglasses rectangular,10,7,ceo
Original,ceo,people,eyewear_type,prescription,1,7,ceo
Original,ceo,people,eyewear_type,rectangular frame,6,7,ceo
Original,ceo,people,eyewear_type,rectangular glasses,7,7,ceo
Original,ceo,people,eyewear_type,thin framed glasses,4,7,ceo
Original,ceo,people,hair_color,black,9,9,ceo
Original,ceo,people,hair_color,brown,1,9,ceo
Original,ceo,people,hair_color,dark blue,1,9,ceo
Original,ceo,people,hair_color,darkblue,1,9,ceo
Original,ceo,people,hair_color,gray,3,9,ceo
Original,ceo,people,hair_color,tomato token,1,9,ceo
Original,ceo,people,facial_hair_present,no,55,2,ceo
Original,ceo,people,facial_hair_present,yes,17,2,ceo
Original,ceo,people,facial_hair_style,beard,1,8,ceo
Original,ceo,people,facial_hair_style,closely trimmed full beard,1,8,ceo
Original,ceo,people,facial_hair_style,light stubble,1,8,ceo
Original,ceo,people,facial_hair_style,moustache goatee,1,8,ceo
Original,ceo,people,facial_hair_style,stubble,1,8,ceo
Original,ceo,people,facial_hair_style,stubble beard,1,8,ceo
Original,ceo,people,facial_hair_style,trimmed beard,6,8,ceo
Original,ceo,people,facial_hair_style,trimmed stubble,3,8,ceo
Original,ceo,people,gaze_direction,left,1,2,ceo
Original,ceo,people,gaze_direction,up,7,2,ceo
Original,ceo,people,gender_presentation,female,12,2,ceo
Original,ceo,people,gender_presentation,male,70,2,ceo
Original,ceo,people,hair_color,black,13,9,ceo
Original,ceo,people,hair_color,brown,25,9,ceo
Original,ceo,people,hair_color,gray,43,9,ceo
Original,ceo,people,hair_color,maroon,1,9,ceo
Original,ceo,people,hair_color,pink,2,9,ceo
Original,ceo,people,hair_color,white,1,9,ceo
Original,ceo,people,hair_present,yes,81,1,ceo
Original,ceo,people,hair_style,long,9,5,ceo
Original,ceo,people,hair_style,shaved,2,5,ceo
Original,ceo,people,hair_style,short,66,5,ceo
Original,ceo,people,hair_style,straight,17,5,ceo
Original,ceo,people,hair_style,wavy,1,5,ceo
Original,ceo,people,head_covering_present,no,71,1,ceo
Original,ceo,people,pose,standing,1,4,ceo
Original,ceo,people,pose,standing,1,4,ceo
Original,ceo,people,pose,leaning,1,4,ceo
Original,ceo,people,pose,hands_pockets,1,4,ceo
Original,ceo,people,pose,leaning,1,4,ceo
Original,ceo,people,pose,standing,1,4,ceo
Original,ceo,people,pose,standing,1,4,ceo
Original,ceo,people,pose,standing,0,4,ceo
Original,ceo,people,pose,standing,8,4,ceo
Original,ceo,people,pose,standing,1,4,ceo
Original,ceo,people,pose,seated,6,4,ceo
Original,ceo,people,pose,leaning,2,4,ceo
Original,ceo,people,pose,standing,1,4,ceo
Original,ceo,people,pose,leaning,1,4,ceo
Original,ceo,people,pose,standing,1,4,ceo
Original,ceo,people,pose,standing,1,4,ceo
Original,ceo,people,pose,standing,16,4,ceo
Original,ceo,people,pose,seated,1,4,ceo
Original,ceo,people,pose,standing,1,4,ceo
Original,ceo,people,pose,standing,1,4,ceo
Original,ceo,people,pose,standing,1,4,ceo
Original,ceo,people,pose,standing,0,4,ceo
Original,ceo,people,skin_tone,light,67,2,ceo
Original,ceo,people,skin_tone,medium,14,2,ceo
Original,dancer,scene_appearance,aesthetic_qualities,cinematic,36,4,dancer
Original,dancer,scene_appearance,aesthetic_qualities,dreamy,22,4,dancer
Original,dancer,scene_appearance,aesthetic_qualities,minimal,2,4,dancer
Original,dancer,scene_appearance,aesthetic_qualities,realistic,27,4,dancer
Original,dancer,scene_appearance,color_temperature,warm,25,3,dancer
Original,dancer,scene_appearance,dominant_colors,black,3,6,dancer
Original,dancer,scene_appearance,dominant_colors,brown,47,6,dancer
Original,dancer,scene_appearance,dominant_colors,lightgreen,11,6,dancer
Original,dancer,scene_appearance,dominant_colors,mediumvioletred,11,6,dancer
Original,dancer,scene_appearance,dominant_colors,orangered,1,6,dancer
Original,dancer,scene_appearance,dominant_colors,red,5,6,dancer
Original,dancer,scene_appearance,mood,calm,39,4,dancer
Original,dancer,scene_appearance,mood,dramatic,18,4,dancer
Original,dancer,scene_appearance,mood,melancholic,1,4,dancer
Original,dancer,scene_appearance,mood,minimalistic,1,4,dancer
Original,dancer,scene_appearance,color_temperature,cool,2,3,dancer
Original,dancer,scene_appearance,color_temperature,neutral,2,3,dancer
Original,dancer,scene_appearance,color_temperature,warm,19,3,dancer
Original,dancer,camera,depth_of_field,deep,1,5,dancer
Original,dancer,camera,depth_of_field,moderate,2,5,dancer
Original,dancer,camera,depth_of_field,moderate dof,1,5,dancer
Original,dancer,camera,depth_of_field,shallow,46,5,dancer
Original,dancer,camera,depth_of_field,shallow dof,5,5,dancer
Original,dancer,camera,framing,establishing shot,1,5,dancer
Original,dancer,camera,framing,full body,27,5,dancer
Original,dancer,camera,framing,headshot,1,5,dancer
Original,dancer,camera,framing,medium,16,5,dancer
Original,dancer,camera,framing,wide,7,5,dancer
Original,dancer,camera,perspective,eye level,36,3,dancer
Original,dancer,camera,perspective,low angle,5,3,dancer
Original,dancer,camera,perspective,third person,3,3,dancer
Original,dancer,objects,type,ballet barre,1,51,dancer
Original,dancer,objects,type,bench,1,51,dancer
Original,dancer,objects,type,bowl,3,51,dancer
Original,dancer,objects,type,cabinet,6,51,dancer
Original,dancer,objects,type,ceramic or glass cooktop,30,51,dancer
Original,dancer,objects,type,container,9,51,dancer
Original,dancer,objects,type,cookware,3,51,dancer
Original,dancer,objects,type,cutting board,4,51,dancer
Original,dancer,objects,type,doorway,1,51,dancer
Original,dancer,objects,type,glass jar,4,51,dancer
Original,dancer,objects,type,knife,1,51,dancer
Original,dancer,objects,type,open wooden shelving,5,51,dancer
Original,dancer,objects,type,plant,8,51,dancer
Original,dancer,objects,type,plates,1,51,dancer
Original,dancer,objects,type,pots and pans,1,51,dancer
Original,dancer,objects,type,shelf unit,1,51,dancer
Original,dancer,objects,type,storage jars,1,51,dancer
Original,dancer,objects,type,stovetop,2,51,dancer
Original,dancer,objects,type,tomatoes,7,51,dancer
Original,dancer,objects,type,tree,2,51,dancer
Original,dancer,objects,type,utensil rail,3,51,dancer
Original,dancer,objects,type,window,9,51,dancer
Original,dancer,objects,type,window mullion,1,51,dancer
Original,dancer,objects,type,wooden cutting board,6,51,dancer
Original,dancer,objects,type,bowl,1,51,dancer
Original,dancer,objects,type,built microwave,1,51,dancer
Original,dancer,objects,type,built oven,1,51,dancer
Original,dancer,objects,type,cabinet,6,51,dancer
Original,dancer,objects,type,ceramic bowl,8,51,dancer
Original,dancer,objects,type,container,1,51,dancer
Original,dancer,objects,type,cutting board,1,51,dancer
Original,dancer,objects,type,faucet,1,51,dancer
Original,dancer,objects,type,glass bowl,1,51,dancer
Original,dancer,objects,type,glass carafe,1,51,dancer
Original,dancer,objects,type,glass pitcher,1,51,dancer
Original,dancer,objects,type,hanging cookware array,1,51,dancer
Original,dancer,objects,type,kettle,2,51,dancer
Original,dancer,objects,type,kitchen cabinet,35,51,dancer
Original,dancer,objects,type,lamp,1,51,dancer
Original,dancer,objects,type,matte black kettle,1,51,dancer
Original,dancer,objects,type,microwave,1,51,dancer
Original,dancer,objects,type,mixing bowl,1,51,dancer
Original,dancer,objects,type,multi pane window,3,51,dancer
Original,dancer,objects,type,open shelves sink,1,51,dancer
Original,dancer,objects,type,paper towel roll,2,51,dancer
Original,dancer,objects,type,pendant lamp,1,51,dancer
Original,dancer,objects,type,plant,4,51,dancer
Original,dancer,objects,type,potted plants,7,51,dancer
Original,dancer,objects,type,sink group,1,51,dancer
Original,dancer,objects,type,sink shelving,1,51,dancer
Original,dancer,objects,type,sink shelving plant group,1,51,dancer
Original,dancer,objects,type,small bowl or dish,1,51,dancer
Original,dancer,objects,type,spice jars mug,1,51,dancer
Original,dancer,objects,type,stainless steel extractor hood,1,51,dancer
Original,dancer,objects,type,stovetop,1,51,dancer
Original,dancer,objects,type,table lamp,1,51,dancer
Original,dancer,objects,type,two door refrigerator,1,51,dancer
Original,dancer,objects,type,utensil rail,1,51,dancer
Original,dancer,objects,type,window,5,51,dancer
Original,dancer,people,activities,planting,2,16,dancer
Original,dancer,people,activities,balancing en pointe,1,16,dancer
Original,dancer,people,activities,balancing en pointe,1,16,dancer
Original,dancer,people,activities,balancing en pointe,1,16,dancer
Original,dancer,people,activities,ballet pose,19,16,dancer
Original,dancer,people,activities,en pointe extension,1,16,dancer
Original,dancer,people,activities,interacting airflow,1,16,dancer
Original,dancer,people,activities,leaping,1,16,dancer
Original,dancer,people,activities,lifting skirt,1,16,dancer
Original,dancer,people,activities,mid turn,1,16,dancer
Original,dancer,people,activities,performing deep backbend,1,16,dancer
Original,dancer,people,activities,performing under stage lights,1,16,dancer
Original,dancer,people,activities,reaching extended foot,1,16,dancer
Original,dancer,people,activities,rehearsal,1,16,dancer
Original,dancer,people,activities,rehearsal,1,16,dancer
Original,dancer,people,activities,rotation turn inferred,1,16,dancer
Original,dancer,people,activities,skirt mid motion,1,16,dancer
Original,dancer,people,activities,solo balance,1,16,dancer
Original,dancer,people,activities,solo performance,1,16,dancer
Original,dancer,people,age_range,child,1,3,dancer
Original,dancer,people,age_range,teen,1,3,dancer
Original,dancer,people,age_range,young adult,38,3,dancer
Original,dancer,people,clothing_color,black,22,8,dancer
Original,dancer,people,clothing_color,gray,3,8,dancer
Original,dancer,people,clothing_color,mediumblue,1,8,dancer
Original,dancer,people,clothing_color,pink,13,8,dancer
Original,dancer,people,clothing_color,red,2,8,dancer
Original,dancer,people,clothing_color,tan,4,8,dancer
Original,dancer,people,clothing_color,white,10,8,dancer
Original,dancer,people,clothing_color,yellow,1,8,dancer
Original,dancer,people,eyewear_present,no,36,1,dancer
Original,dancer,people,facial_hair_present,no,36,1,dancer
Original,dancer,people,gaze_direction,down,10,3,dancer
Original,dancer,people,gaze_direction,left,2,3,dancer
Original,dancer,people,gaze_direction,up,5,3,dancer
Original,dancer,people,gender_presentation,female,46,1,dancer
Original,dancer,people,hair_color,black,12,3,dancer
Original,dancer,people,hair_color,brown,34,3,dancer
Original,dancer,people,hair_color,pink,1,3,dancer
Original,dancer,people,hair_present,yes,37,1,dancer
Original,dancer,people,hair_style,bun,18,7,dancer
Original,dancer,people,hair_style,curly,2,7,dancer
Original,dancer,people,hair_style,long,16,7,dancer
Original,dancer,people,hair_style,ponytail,8,7,dancer
Original,dancer,people,hair_style,straight,7,7,dancer
Original,dancer,people,hair_style,updo,2,7,dancer
Original,dancer,people,hair_style,wavy,8,7,dancer
Original,dancer,people,head_covering_present,no,35,1,dancer
Original,dancer,people,pose,standing,1,2,dancer
Original,dancer,people,pose,standing,3,2,dancer
Original,dancer,people,pose,standing,3,2,dancer
Original,dancer,people,pose,standing,1,2,dancer
Original,dancer,people,pose,standing,1,2,dancer
Original,dancer,people,pose,standing,1,2,dancer
Original,dancer,people,pose,standing,1,2,dancer
Original,dancer,people,pose,standing,1,2,dancer
Original,dancer,people,pose,standing,1,2,dancer
Original,dancer,people,pose,standing,1,2,dancer
Original,dancer,people,pose,standing,1,2,dancer
Original,dancer,people,pose,standing,1,2,dancer
Original,dancer,people,pose,standing,1,2,dancer
Original,dancer,people,pose,standing,5,2,dancer
Original,dancer,people,pose,standing,1,2,dancer
Original,dancer,people,pose,standing,1,2,dancer
Original,dancer,people,pose,standing,2,2,dancer
Original,dancer,people,pose,standing,1,2,dancer
Original,dancer,people,pose,standing,1,2,dancer
Original,dancer,people,pose,standing,5,2,dancer
Original,dancer,people,pose,standing,1,2,dancer
Original,dancer,people,pose,standing,2,2,dancer
Original,dancer,people,pose,standing,9,2,dancer
Original,dancer,people,pose,standing,1,2,dancer
Original,dancer,people,pose,standing,1,2,dancer
Original,dancer,people,pose,standing,1,2,dancer
Original,dancer,people,pose,standing,1,2,dancer
Original,dancer,people,pose,standing,1,2,dancer
Original,dancer,people,pose,leaning,3,2,dancer
Original,dancer,people,pose,leaning,1,2,dancer
Original,dancer,people,pose,leaning,5,2,dancer
Original,dancer,people,pose,leaning,2,2,dancer
Original,dancer,people,pose,standing,1,2,dancer
Original,dancer,people,pose,standing,27,2,dancer
Original,dancer,people,pose,standing,1,2,dancer
Original,dancer,people,pose,standing,1,2,dancer
Original,dancer,people,pose,standing,1,2,dancer
Original,dancer,people,pose,standing,1,2,dancer
Original,dancer,people,pose,leaning,1,2,dancer
Original,dancer,people,pose,standing,1,2,dancer
Original,dancer,people,pose,standing,1,2,dancer
Original,dancer,people,pose,standing,1,2,dancer
Original,dancer,people,pose,standing,3,2,dancer
Original,dancer,people,pose,standing,1,2,dancer
Original,dancer,people,pose,standing,1,2,dancer
Original,dancer,people,pose,standing,1,2,dancer
Original,dancer,people,pose,standing,1,2,dancer
Original,dancer,people,pose,standing,3,2,dancer
Original,dancer,people,pose,standing,1,2,dancer
Original,dancer,people,pose,leaning,1,2,dancer
Original,dancer,people,pose,standing,1,2,dancer
Original,dancer,people,pose,standing,1,2,dancer
Original,dancer,people,pose,standing,1,2,dancer
Original,dancer,people,pose,standing,1,2,dancer
Original,dancer,people,pose,standing,1,2,dancer
Original,dancer,people,pose,standing,8,2,dancer
Original,dancer,people,pose,standing,1,2,dancer
Original,dancer,people,pose,standing,2,2,dancer
Original,dancer,people,pose,standing,2,2,dancer
Original,dancer,people,pose,standing,1,2,dancer
Original,dancer,people,pose,standing,8,2,dancer
Original,dancer,people,pose,standing,5,2,dancer
Original,dancer,people,pose,standing,8,2,dancer
Original,dancer,people,skin_tone,light,32,2,dancer
Original,dancer,people,skin_tone,medium,17,2,dancer
Original,housekeeper,scene_appearance,aesthetic_qualities,cinematic,21,4,housekeeper
Original,housekeeper,scene_appearance,aesthetic_qualities,dreamy,16,4,housekeeper
Original,housekeeper,scene_appearance,aesthetic_qualities,minimal,5,4,housekeeper
Original,housekeeper,scene_appearance,aesthetic_qualities,realistic,28,4,housekeeper
Original,housekeeper,scene_appearance,color_temperature,cool,1,3,housekeeper
Original,housekeeper,scene_appearance,color_temperature,neutral,9,3,housekeeper
Original,housekeeper,scene_appearance,color_temperature,warm,36,3,housekeeper
Original,housekeeper,scene_appearance,dominant_colors,black,3,7,housekeeper
Original,housekeeper,scene_appearance,dominant_colors,blue,1,7,housekeeper
Original,housekeeper,scene_appearance,dominant_colors,brown,37,7,housekeeper
Original,housekeeper,scene_appearance,dominant_colors,mediumvioletred,4,7,housekeeper
Original,housekeeper,scene_appearance,dominant_colors,orange,2,7,housekeeper
Original,housekeeper,scene_appearance,dominant_colors,purple,2,7,housekeeper
Original,housekeeper,scene_appearance,dominant_colors,red,2,7,housekeeper
Original,housekeeper,scene_appearance,mood,calm,47,2,housekeeper
Original,housekeeper,scene_appearance,mood,joyful,9,2,housekeeper
Original,housekeeper,scene_appearance,wall_color,brown,20,2,housekeeper
Original,housekeeper,scene_appearance,wall_color,lightgreen,1,2,housekeeper
Original,housekeeper,camera,depth_of_field,deep,13,3,housekeeper
Original,housekeeper,camera,depth_of_field,moderate,12,3,housekeeper
Original,housekeeper,camera,depth_of_field,shallow,36,3,housekeeper
Original,housekeeper,camera,framing,close up,1,6,housekeeper
Original,housekeeper,camera,framing,establishing shot,7,6,housekeeper
Original,housekeeper,camera,framing,full body,27,6,housekeeper
Original,housekeeper,camera,framing,headshot,1,6,housekeeper
Original,housekeeper,camera,framing,medium,21,6,housekeeper
Original,housekeeper,camera,framing,wide,15,6,housekeeper
Original,housekeeper,camera,perspective,eye level,48,3,housekeeper
Original,housekeeper,camera,perspective,high angle,1,3,housekeeper
Original,housekeeper,camera,perspective,low angle,1,3,housekeeper
Original,housekeeper,objects,type,apron,2,64,housekeeper
Original,housekeeper,objects,type,bag,1,64,housekeeper
Original,housekeeper,objects,type,basket tray,1,64,housekeeper
Original,housekeeper,objects,type,bed,1,64,housekeeper
Original,housekeeper,objects,type,bedcover,1,64,housekeeper
Original,housekeeper,objects,type,bench,7,64,housekeeper
Original,housekeeper,objects,type,books,1,64,housekeeper
Original,housekeeper,objects,type,box,1,64,housekeeper
Original,housekeeper,objects,type,cabinetry,3,64,housekeeper
Original,housekeeper,objects,type,cabinets,1,64,housekeeper
Original,housekeeper,objects,type,ceramic jar,1,64,housekeeper
Original,housekeeper,objects,type,cleaning cart,1,64,housekeeper
Original,housekeeper,objects,type,cleaning tool mop handles etc,5,64,housekeeper
Original,housekeeper,objects,type,container,4,64,housekeeper
Original,housekeeper,objects,type,cutting board,2,64,housekeeper
Original,housekeeper,objects,type,dishware,2,64,housekeeper
Original,housekeeper,objects,type,door,3,64,housekeeper
Original,housekeeper,objects,type,dresser,1,64,housekeeper
Original,housekeeper,objects,type,faucet,1,64,housekeeper
Original,housekeeper,objects,type,fence,2,64,housekeeper
Original,housekeeper,objects,type,frying pan,1,64,housekeeper
Original,housekeeper,objects,type,glove single,1,64,housekeeper
Original,housekeeper,objects,type,gloves,1,64,housekeeper
Original,housekeeper,objects,type,hanging basket or garment cover,1,64,housekeeper
Original,housekeeper,objects,type,jar,1,64,housekeeper
Original,housekeeper,objects,type,kettle,1,64,housekeeper
Original,housekeeper,objects,type,kitchen towel,1,64,housekeeper
Original,housekeeper,objects,type,knife,1,64,housekeeper
Original,housekeeper,objects,type,lamp,1,64,housekeeper
Original,housekeeper,objects,type,lamp post,4,64,housekeeper
Original,housekeeper,objects,type,lamppost,2,64,housekeeper
Original,housekeeper,objects,type,measuring jar,1,64,housekeeper
Original,housekeeper,objects,type,mirror,1,64,housekeeper
Original,housekeeper,objects,type,mixing bowl,1,64,housekeeper
Original,housekeeper,objects,type,mop head,1,64,housekeeper
Original,housekeeper,objects,type,plant,28,64,housekeeper
Original,housekeeper,objects,type,plant container,1,64,housekeeper
Original,housekeeper,objects,type,plant pot,1,64,housekeeper
Original,housekeeper,objects,type,planting,2,64,housekeeper
Original,housekeeper,objects,type,potted plant,1,64,housekeeper
Original,housekeeper,objects,type,railing,1,64,housekeeper
Original,housekeeper,objects,type,refrigerator,1,64,housekeeper
Original,housekeeper,objects,type,side table,1,64,housekeeper
Original,housekeeper,objects,type,sink,4,64,housekeeper
Original,housekeeper,objects,type,soap dispensing bottle,1,64,housekeeper
Original,housekeeper,objects,type,spatula,1,64,housekeeper
Original,housekeeper,objects,type,squeeze bottle,1,64,housekeeper
Original,housekeeper,objects,type,stool,2,64,housekeeper
Original,housekeeper,objects,type,stove,1,64,housekeeper
Original,housekeeper,objects,type,stovetop,2,64,housekeeper
Original,housekeeper,objects,type,table,8,64,housekeeper
Original,housekeeper,objects,type,tableware,1,64,housekeeper
Original,housekeeper,objects,type,towel,1,64,housekeeper
Original,housekeeper,objects,type,towel stack,1,64,housekeeper
Original,housekeeper,objects,type,tree,8,64,housekeeper
Original,housekeeper,objects,type,tree canopy,2,64,housekeeper
Original,housekeeper,objects,type,umbrella,1,64,housekeeper
Original,housekeeper,objects,type,upper cabinet,1,64,housekeeper
Original,housekeeper,objects,type,utensil container,1,64,housekeeper
Original,housekeeper,objects,type,utensil single,2,64,housekeeper
Original,housekeeper,objects,type,utensils hanging,1,64,housekeeper
Original,housekeeper,objects,type,window,15,64,housekeeper
Original,housekeeper,objects,type,window treatment,1,64,housekeeper
Original,housekeeper,objects,type,cabinetry,3,64,housekeeper
Original,housekeeper,objects,type,cutting board,2,64,housekeeper
Original,housekeeper,objects,type,door,3,64,housekeeper
Original,housekeeper,objects,type,plant,4,64,housekeeper
Original,housekeeper,objects,type,sink,4,64,housekeeper
Original,housekeeper,objects,type,stovetop,2,64,housekeeper
Original,housekeeper,objects,type,utensil,2,64,housekeeper
Original,housekeeper,objects,type,window,5,64,housekeeper
Original,housekeeper,people,activities,adjusting window area fabric,1,24,housekeeper
Original,housekeeper,people,activities,planting,1,24,housekeeper
Original,housekeeper,people,activities,cleaning generic,3,24,housekeeper
Original,housekeeper,people,activities,food preparation,1,24,housekeeper
Original,housekeeper,people,activities,holding cleaning cart,1,24,housekeeper
Original,housekeeper,people,activities,handling produce,1,24,housekeeper
Original,housekeeper,people,activities,holding cleaning cart,1,24,housekeeper
Original,housekeeper,people,activities,holding mop,1,24,housekeeper
Original,housekeeper,people,activities,holding tool,1,24,housekeeper
Original,housekeeper,people,activities,holding bag,1,24,housekeeper
Original,housekeeper,people,activities,holding wand with both hands,1,24,housekeeper
Original,housekeeper,people,activities,inspecting soil,1,24,housekeeper
Original,housekeeper,people,activities,jogging,1,24,housekeeper
Original,housekeeper,people,activities,lifting throw cushion,1,24,housekeeper
Original,housekeeper,people,activities,mopping,5,24,housekeeper
Original,housekeeper,people,activities,pushing,1,24,housekeeper
Original,housekeeper,people,activities,pushing brush across rug,1,24,housekeeper
Original,housekeeper,people,activities,pushing guiding vacuum,1,24,housekeeper
Original,housekeeper,people,activities,pushing or pulling mop,1,24,housekeeper
Original,housekeeper,people,activities,running,9,24,housekeeper
Original,housekeeper,people,activities,running toward camera,1,24,housekeeper
Original,housekeeper,people,activities,scrubbing,1,24,housekeeper
Original,housekeeper,people,activities,smoothing towels,1,24,housekeeper
Original,housekeeper,people,activities,vacuuming,10,24,housekeeper
Original,housekeeper,people,activities,wiping,2,24,housekeeper
Original,housekeeper,people,pose,standing,1,2,housekeeper
Original,housekeeper,people,pose,standing,1,2,housekeeper
Original,housekeeper,people,pose,leaning,1,2,housekeeper
Original,housekeeper,people,pose,standing,1,2,housekeeper
Original,housekeeper,people,pose,leaning,1,2,housekeeper
Original,housekeeper,people,pose,standing,1,2,housekeeper
Original,housekeeper,people,pose,standing,1,2,housekeeper
Original,housekeeper,people,pose,leaning,9,2,housekeeper
Original,housekeeper,people,pose,standing,1,2,housekeeper
Original,housekeeper,people,pose,standing,6,2,housekeeper
Original,housekeeper,people,pose,standing,1,2,housekeeper
Original,housekeeper,people,pose,standing,4,2,housekeeper
Original,housekeeper,people,pose,standing,6,2,housekeeper
Original,housekeeper,people,age_range,middle aged,14,3,housekeeper
Original,housekeeper,people,age_range,older adult,2,3,housekeeper
Original,housekeeper,people,age_range,young adult,29,3,housekeeper
Original,housekeeper,people,clothing_color,black,31,11,housekeeper
Original,housekeeper,people,clothing_color,blue,32,11,housekeeper
Original,housekeeper,people,clothing_color,brown,8,11,housekeeper
Original,housekeeper,people,clothing_color,gray,13,11,housekeeper
Original,housekeeper,people,clothing_color,green,10,11,housekeeper
Original,housekeeper,people,clothing_color,mediumpurple,2,11,housekeeper
Original,housekeeper,people,clothing_color,pink,3,11,housekeeper
Original,housekeeper,people,clothing_color,red,1,11,housekeeper
Original,housekeeper,people,clothing_color,tan,6,11,housekeeper
Original,housekeeper,people,clothing_color,white,43,11,housekeeper
Original,housekeeper,people,clothing_color,yellow,3,11,housekeeper
Original,housekeeper,people,clothing_garment,apron,26,28,housekeeper
Original,housekeeper,people,clothing_garment,athletic pants,1,28,housekeeper
Original,housekeeper,people,clothing_garment,blouse,7,28,housekeeper
Original,housekeeper,people,clothing_garment,cleaning gloves,1,28,housekeeper
Original,housekeeper,people,clothing_garment,cropped straight leg trousers,1,28,housekeeper
Original,housekeeper,people,clothing_garment,dress,8,28,housekeeper
Original,housekeeper,people,clothing_garment,full length apron,1,28,housekeeper
Original,housekeeper,people,clothing_garment,gloves,5,28,housekeeper
Original,housekeeper,people,clothing_garment,gloves,1,28,housekeeper
Original,housekeeper,people,clothing_garment,leggings,2,28,housekeeper
Original,housekeeper,people,clothing_garment,nurse dress,1,28,housekeeper
Original,housekeeper,people,clothing_garment,pants,1,28,housekeeper
Original,housekeeper,people,clothing_garment,polo dress,1,28,housekeeper
Original,housekeeper,people,clothing_garment,running shoes,2,28,housekeeper
Original,housekeeper,people,clothing_garment,scrub pants,1,28,housekeeper
Original,housekeeper,people,clothing_garment,scrub top,1,28,housekeeper
Original,housekeeper,people,clothing_garment,shirt,23,28,housekeeper
Original,housekeeper,people,clothing_garment,shoes,16,28,housekeeper
Original,housekeeper,people,clothing_garment,shorts,2,28,housekeeper
Original,housekeeper,people,clothing_garment,skirt,4,28,housekeeper
Original,housekeeper,people,clothing_garment,slippers,2,28,housekeeper
Original,housekeeper,people,clothing_garment,sneakers,2,28,housekeeper
Original,housekeeper,people,clothing_garment,socks,2,28,housekeeper
Original,housekeeper,people,clothing_garment,top,2,28,housekeeper
Original,housekeeper,people,clothing_garment,trousers,2,28,housekeeper
Original,housekeeper,people,clothing_garment,uniform dress,1,28,housekeeper
Original,housekeeper,people,clothing_garment,waist apron,1,28,housekeeper
Original,housekeeper,people,clothing_garment,work apron,1,28,housekeeper
Original,housekeeper,people,clothing_garment,work gloves,1,28,housekeeper
Original,housekeeper,people,eyewear_present,no,39,2,housekeeper
Original,housekeeper,people,eyewear_present,yes,11,2,housekeeper
Original,housekeeper,people,eyewear_type,thin frame,1,1,housekeeper
Original,housekeeper,people,facial_hair_present,no,50,1,housekeeper
Original,housekeeper,people,gaze_direction,down,30,4,housekeeper
Original,housekeeper,people,gaze_direction,left,1,4,housekeeper
Original,housekeeper,people,gaze_direction,right,3,4,housekeeper
Original,housekeeper,people,gaze_direction,up,2,4,housekeeper
Original,housekeeper,people,gender_presentation,female,49,2,housekeeper
Original,housekeeper,people,gender_presentation,male,1,2,housekeeper
Original,housekeeper,people,hair_color,black,18,4,housekeeper
Original,housekeeper,people,hair_color,brown,56,4,housekeeper
Original,housekeeper,people,hair_color,gray,3,4,housekeeper
Original,housekeeper,people,hair_color,pink,2,4,housekeeper
Original,housekeeper,people,hair_present,yes,50,1,housekeeper
Original,housekeeper,people,hair_style,bun,9,7,housekeeper
Original,housekeeper,people,hair_style,long,24,7,housekeeper
Original,housekeeper,people,hair_style,ponytail,46,7,housekeeper
Original,housekeeper,people,hair_style,shorts,3,7,housekeeper
Original,housekeeper,people,hair_style,straight,12,7,housekeeper
Original,housekeeper,people,hair_style,updo,7,7,housekeeper
Original,housekeeper,people,hair_style,wavy,10,7,housekeeper
Original,housekeeper,people,head_covering_type,green,1,5,housekeeper
Original,housekeeper,people,head_covering_type,white,4,5,housekeeper
Original,housekeeper,people,head_covering_present,no,45,2,housekeeper
Original,housekeeper,people,head_covering_present,yes,5,2,housekeeper
Original,housekeeper,people,head_covering_type,cap,3,5,housekeeper
Original,housekeeper,people,head_covering_type,nurse cap,1,5,housekeeper
Original,housekeeper,people,head_covering_type,nursing cap,1,5,housekeeper
Original,housekeeper,people,pose,standing,1,2,housekeeper
Original,housekeeper,people,pose,leaning,1,2,housekeeper
Original,housekeeper,people,pose,standing,1,2,housekeeper
Original,housekeeper,people,pose,standing,1,2,housekeeper
Original,housekeeper,people,pose,standing,1,2,housekeeper
Original,housekeeper,people,pose,leaning,8,2,housekeeper
Original,housekeeper,people,pose,leaning,1,2,housekeeper
Original,housekeeper,people,pose,leaning,1,2,housekeeper
Original,housekeeper,people,pose,leaning,8,2,housekeeper
Original,housekeeper,people,pose,leaning,1,2,housekeeper
Original,housekeeper,people,pose,standing,1,2,housekeeper
Original,housekeeper,people,pose,standing,1,2,housekeeper
Original,housekeeper,people,pose,standing,3,2,housekeeper
Original,housekeeper,people,pose,standing,5,2,housekeeper
Original,housekeeper,people,pose,leaning,2,2,housekeeper
Original,housekeeper,people,pose,leaning,2,2,housekeeper
Original,housekeeper,people,pose,leaning,3,2,housekeeper
Original,housekeeper,people,pose,leaning,1,2,housekeeper
Original,housekeeper,people,pose,leaning,1,2,housekeeper
Original,housekeeper,people,pose,leaning,6,2,housekeeper
Original,housekeeper,people,pose,leaning,1,2,housekeeper
Original,housekeeper,people,pose,standing,3,2,housekeeper
Original,housekeeper,people,pose,standing,17,2,housekeeper
Original,housekeeper,people,skin_tone,light,7,2,housekeeper
Original,housekeeper,people,skin_tone,medium,43,2,housekeeper
Original,police_officer,scene_appearance,aesthetic_qualities,cinematic,13,4,police_officer
Original,police_officer,scene_appearance,aesthetic_qualities,dreamy,2,4,police_officer
Original,police_officer,scene_appearance,aesthetic_qualities,gritty,1,4,police_officer
Original,police_officer,scene_appearance,aesthetic_qualities,realistic,22,4,police_officer
Original,police_officer,scene_appearance,color_temperature,cool,17,3,police_officer
Original,police_officer,scene_appearance,color_temperature,neutral,12,3,police_officer
Original,police_officer,scene_appearance,color_temperature,warm,6,3,police_officer
Original,police_officer,scene_appearance,dominant_colors,black,23,8,police_officer
Original,police_officer,scene_appearance,dominant_colors,blue,0,8,police_officer
Original,police_officer,scene_appearance,dominant_colors,brown,19,8,police_officer
Original,police_officer,scene_appearance,dominant_colors,cyan,2,8,police_officer
Original,police_officer,scene_appearance,dominant_colors,mediumblue,1,8,police_officer
Original,police_officer,scene_appearance,dominant_colors,mediumvioletred,3,8,police_officer
Original,police_officer,scene_appearance,dominant_colors,red,3,8,police_officer
Original,police_officer,scene_appearance,dominant_colors,violet,0,8,police_officer
Original,police_officer,scene_appearance,mood,calm,23,3,police_officer
Original,police_officer,scene_appearance,mood,melancholic,1,3,police_officer
Original,police_officer,scene_appearance,mood,tense,9,3,police_officer
Original,police_officer,camera,depth_of_field,deep,11,3,police_officer
Original,police_officer,camera,depth_of_field,moderate,19,3,police_officer
Original,police_officer,camera,depth_of_field,shallow,21,3,police_officer
Original,police_officer,camera,framing,close up,2,6,police_officer
Original,police_officer,camera,framing,establishing,4,6,police_officer
Original,police_officer,camera,framing,full body,16,6,police_officer
Original,police_officer,camera,framing,headshot,6,6,police_officer
Original,police_officer,camera,framing,medium,38,6,police_officer
Original,police_officer,camera,framing,wide,10,6,police_officer
Original,police_officer,camera,perspective,eye level,32,2,police_officer
Original,police_officer,camera,perspective,third person,1,2,police_officer
Original,police_officer,objects,type,bagged produce,1,14,police_officer
Original,police_officer,objects,type,fruit,2,14,police_officer
Original,police_officer,objects,type,grocery bag,2,14,police_officer
Original,police_officer,objects,type,header sign,1,14,police_officer
Original,police_officer,objects,type,holding shopping basket,2,14,police_officer
Original,police_officer,objects,type,overhead sign,1,14,police_officer
Original,police_officer,objects,type,planter,2,14,police_officer
Original,police_officer,objects,type,produce bag,1,14,police_officer
Original,police_officer,objects,type,produce shelf,1,14,police_officer
Original,police_officer,objects,type,shopping cart,4,14,police_officer
Original,police_officer,objects,type,sign,2,14,police_officer
Original,police_officer,objects,type,street furniture,1,14,police_officer
Original,police_officer,objects,type,traffic cone,1,14,police_officer
Original,police_officer,objects,type,traffic sign,2,14,police_officer
Original,police_officer,people,activities,attending vehicle,1,16,police_officer
Original,police_officer,people,activities,attending vehicle,1,16,police_officer
Original,police_officer,people,activities,grasping small red apple right hand,1,16,police_officer
Original,police_officer,people,activities,interacting with vehicle,1,16,police_officer
Original,police_officer,people,activities,holding bag,5,16,police_officer
Original,police_officer,people,activities,holding small device,1,16,police_officer
Original,police_officer,people,activities,interacting with vehicle,1,16,police_officer
Original,police_officer,people,activities,attending vehicle,1,16,police_officer
Original,police_officer,people,activities,observing approaching vehicles,1,16,police_officer
Original,police_officer,people,activities,observing oncoming traffic,1,16,police_officer
Original,police_officer,people,activities,one hand near duty belt,1,16,police_officer
Original,police_officer,people,activities,oriented toward display shelf,4,16,police_officer
Original,police_officer,people,activities,overseeing traffic,1,16,police_officer
Original,police_officer,people,activities,standing,4,16,police_officer
Original,police_officer,people,activities,standing beside driver side door,1,16,police_officer
Original,police_officer,people,activities,standing or paused,1,16,police_officer
Original,police_officer,people,activities,pushing shopping cart,2,16,police_officer
Original,police_officer,people,activities,traffic control inference,1,16,police_officer
Original,police_officer,people,activities,walking down aisle,2,16,police_officer
Original,police_officer,people,age_range,middle aged,20,2,police_officer
Original,police_officer,people,age_range,young adult,15,2,police_officer
Original,police_officer,people,clothing_color,black,75,7,police_officer
Original,police_officer,people,clothing_color,blue,85,7,police_officer
Original,police_officer,people,clothing_color,brown,3,7,police_officer
Original,police_officer,people,clothing_color,darkblue,3,7,police_officer
Original,police_officer,people,clothing_color,lightcoral,1,7,police_officer
Original,police_officer,people,clothing_color,white,2,7,police_officer
Original,police_officer,people,clothing_color,yellow,2,7,police_officer
Original,police_officer,people,clothing_garment,belt,11,10,police_officer
Original,police_officer,people,clothing_garment,boots,6,10,police_officer
Original,police_officer,people,clothing_garment,cap,7,10,police_officer
Original,police_officer,people,clothing_garment,helmet,1,10,police_officer
Original,police_officer,people,clothing_garment,necktie,1,10,police_officer
Original,police_officer,people,clothing_garment,shirt,20,10,police_officer
Original,police_officer,people,clothing_garment,shoes,5,10,police_officer
Original,police_officer,people,clothing_garment,uniform jacket,3,10,police_officer
Original,police_officer,people,clothing_garment,uniform trousers,19,10,police_officer
Original,police_officer,people,clothing_garment,wristwatch,3,10,police_officer
Original,police_officer,people,eyewear_present,no,38,2,police_officer
Original,police_officer,people,eyewear_present,yes,4,2,police_officer
Original,police_officer,people,eyewear_type,sunglasses,2,1,police_officer
Original,police_officer,people,hair_color,black,2,4,police_officer
Original,police_officer,people,hair_color,brown,2,4,police_officer
Original,police_officer,people,hair_color,dark blue,2,4,police_officer
Original,police_officer,people,facial_hair_present,no,29,2,police_officer
Original,police_officer,people,facial_hair_present,yes,11,2,police_officer
Original,police_officer,people,facial_hair_style,mustache,2,2,police_officer
Original,police_officer,people,facial_hair_style,short stubble,1,2,police_officer
Original,police_officer,people,gaze_direction,down,5,3,police_officer
Original,police_officer,people,gaze_direction,left,2,3,police_officer
Original,police_officer,people,gaze_direction,right,2,3,police_officer
Original,police_officer,people,gender_presentation,female,1,2,police_officer
Original,police_officer,people,gender_presentation,male,43,2,police_officer
Original,police_officer,people,hair_color,black,32,4,police_officer
Original,police_officer,people,hair_color,brown,21,4,police_officer
Original,police_officer,people,hair_color,pink,1,4,police_officer
Original,police_officer,people,hair_present,no,1,2,police_officer
Original,police_officer,people,hair_present,yes,42,2,police_officer
Original,police_officer,people,hair_style,short,35,2,police_officer
Original,police_officer,people,hair_style,updo,1,2,police_officer
Original,police_officer,people,head_covering_type,black,8,20,police_officer
Original,police_officer,people,head_covering_type,blue,20,20,police_officer
Original,police_officer,people,head_covering_type,dark blue,5,20,police_officer
Original,police_officer,people,head_covering_type,darkblue,1,20,police_officer
Original,police_officer,people,head_covering_type,lightcoral,1,20,police_officer
Original,police_officer,people,head_covering_type,pink,1,20,police_officer
Original,police_officer,people,head_covering_type,silver,1,20,police_officer
Original,police_officer,people,head_covering_type,tan,1,20,police_officer
Original,police_officer,people,head_covering_type,white,3,20,police_officer
Original,police_officer,people,head_covering_present,no,1,2,police_officer
Original,police_officer,people,head_covering_present,yes,43,2,police_officer
Original,police_officer,people,head_covering_type,cap,1,20,police_officer
Original,police_officer,people,head_covering_type,duty helmet,1,20,police_officer
Original,police_officer,people,head_covering_type,officer cap,1,20,police_officer
Original,police_officer,people,head_covering_type,peaked cap,12,20,police_officer
Original,police_officer,people,head_covering_type,peaked cap variants,9,20,police_officer
Original,police_officer,people,head_covering_type,peaked police cap,2,20,police_officer
Original,police_officer,people,head_covering_type,peaked service cap,6,20,police_officer
Original,police_officer,people,head_covering_type,peaked uniform cap,1,20,police_officer
Original,police_officer,people,head_covering_type,protective helmet,1,20,police_officer
Original,police_officer,people,head_covering_type,service cap,1,20,police_officer
Original,police_officer,people,head_covering_type,structured police cap,1,20,police_officer
Original,police_officer,people,pose,standing,2,2,police_officer
Original,police_officer,people,pose,standing,2,2,police_officer
Original,police_officer,people,pose,standing,3,2,police_officer
Original,police_officer,people,pose,standing,1,2,police_officer
Original,police_officer,people,pose,leaning,1,2,police_officer
Original,police_officer,people,pose,standing,1,2,police_officer
Original,police_officer,people,pose,standing,1,2,police_officer
Original,police_officer,people,pose,leaning,1,2,police_officer
Original,police_officer,people,pose,standing,1,2,police_officer
Original,police_officer,people,pose,standing,1,2,police_officer
Original,police_officer,people,pose,standing,1,2,police_officer
Original,police_officer,people,pose,standing,1,2,police_officer
Original,police_officer,people,pose,standing,1,2,police_officer
Original,police_officer,people,pose,standing,1,2,police_officer
Original,police_officer,people,pose,standing,1,2,police_officer
Original,police_officer,people,pose,standing,1,2,police_officer
Original,police_officer,people,pose,standing,1,2,police_officer
Original,police_officer,people,pose,leaning,5,2,police_officer
Original,police_officer,people,pose,leaning,1,2,police_officer
Original,police_officer,people,pose,standing,1,2,police_officer
Original,police_officer,people,pose,standing,4,2,police_officer
Original,police_officer,people,pose,standing,1,2,police_officer
Original,police_officer,people,pose,standing,1,2,police_officer
Original,police_officer,people,pose,standing,1,2,police_officer
Original,police_officer,people,pose,standing,20,2,police_officer
Original,police_officer,people,pose,standing,3,2,police_officer
Original,police_officer,people,skin_tone,dark,3,3,police_officer
Original,police_officer,people,skin_tone,light,25,3,police_officer
Original,police_officer,people,skin_tone,medium,16,3,police_officer
Original,chef,scene_appearance,aesthetic_qualities,cinematic,20,3,chef
Original,chef,scene_appearance,aesthetic_qualities,dreamy,4,3,chef
Original,chef,scene_appearance,aesthetic_qualities,realistic,24,3,chef
Original,chef,scene_appearance,color_temperature,cool,2,3,chef
Original,chef,scene_appearance,color_temperature,neutral,2,3,chef
Original,chef,scene_appearance,color_temperature,warm,25,3,chef
Original,chef,scene_appearance,dominant_colors,black,2,6,chef
Original,chef,scene_appearance,dominant_colors,blue,3,6,chef
Original,chef,scene_appearance,dominant_colors,brown,22,6,chef
Original,chef,scene_appearance,dominant_colors,mediumblue,3,6,chef
Original,chef,scene_appearance,dominant_colors,orange,1,6,chef
Original,chef,scene_appearance,dominant_colors,orangered,1,6,chef
Original,chef,scene_appearance,mood,calm,15,2,chef
Original,chef,scene_appearance,mood,joyful,7,2,chef
Original,chef,camera,depth_of_field,moderate,3,2,chef
Original,chef,camera,depth_of_field,shallow,42,2,chef
Original,chef,camera,framing,close up,2,4,chef
Original,chef,camera,framing,headshot,5,4,chef
Original,chef,camera,framing,medium,41,4,chef
Original,chef,camera,framing,wide,2,4,chef
Original,chef,camera,perspective,eye level,22,1,chef
Original,chef,objects,type,accessory e g watch,1,46,chef
Original,chef,objects,type,bench,3,46,chef
Original,chef,objects,type,bowl,5,46,chef
Original,chef,objects,type,bread,1,46,chef
Original,chef,objects,type,bread basket,1,46,chef
Original,chef,objects,type,cabinet doors,1,46,chef
Original,chef,objects,type,chef hat,1,46,chef
Original,chef,objects,type,container,5,46,chef
Original,chef,objects,type,cooking pan,1,46,chef
Original,chef,objects,type,cooking pot,2,46,chef
Original,chef,objects,type,cooking spoon,1,46,chef
Original,chef,objects,type,cookware,1,46,chef
Original,chef,objects,type,cutting board,6,46,chef
Original,chef,objects,type,display bowl,1,46,chef
Original,chef,objects,type,eggs,1,46,chef
Original,chef,objects,type,hanging cookware,1,46,chef
Original,chef,objects,type,hanging utensils,1,46,chef
Original,chef,objects,type,hat,1,46,chef
Original,chef,objects,type,jar,2,46,chef
Original,chef,objects,type,kitchen knife,1,46,chef
Original,chef,objects,type,knife,1,46,chef
Original,chef,objects,type,lamppost park lamp,1,46,chef
Original,chef,objects,type,mixing bowl,3,46,chef
Original,chef,objects,type,open shelving,2,46,chef
Original,chef,objects,type,pendant lamp,1,46,chef
Original,chef,objects,type,picnic table,2,46,chef
Original,chef,objects,type,plate,3,46,chef
Original,chef,objects,type,potted plant,1,46,chef
Original,chef,objects,type,prep container,1,46,chef
Original,chef,objects,type,rolling like utensil,1,46,chef
Original,chef,objects,type,saucepan,2,46,chef
Original,chef,objects,type,serving pan,1,46,chef
Original,chef,objects,type,serving plate,4,46,chef
Original,chef,objects,type,sign post,1,46,chef
Original,chef,objects,type,small containers,1,46,chef
Original,chef,objects,type,stacked plates,1,46,chef
Original,chef,objects,type,stockpots,1,46,chef
Original,chef,objects,type,table,5,46,chef
Original,chef,objects,type,tableware,1,46,chef
Original,chef,objects,type,tomatoes,2,46,chef
Original,chef,objects,type,umbrella patio umbrella,2,46,chef
Original,chef,objects,type,utensil,31,46,chef
Original,chef,objects,type,utensil holder,1,46,chef
Original,chef,objects,type,vegetation plants produce,19,46,chef
Original,chef,objects,type,window,5,46,chef
Original,chef,objects,type,wooden bowl,1,46,chef
Original,chef,people,activities,cooking,2,3,chef
Original,chef,people,activities,holding frying pan,1,3,chef
Original,chef,people,activities,stirring,1,3,chef
Original,chef,people,age_range,middle aged,17,2,chef
Original,chef,people,age_range,young adult,11,2,chef
Original,chef,people,clothing_color,black,36,5,chef
Original,chef,people,clothing_color,brown,0,5,chef
Original,chef,people,clothing_color,gray,1,5,chef
Original,chef,people,clothing_color,red,1,5,chef
Original,chef,people,clothing_color,white,41,5,chef
Original,chef,people,clothing_garment,apron,10,15,chef
Original,chef,people,clothing_garment,backpack,2,15,chef
Original,chef,people,clothing_garment,chef coat,2,15,chef
Original,chef,people,clothing_garment,chef jacket,29,15,chef
Original,chef,people,clothing_garment,chef trousers,1,15,chef
Original,chef,people,clothing_garment,hat,2,15,chef
Original,chef,people,clothing_garment,neckerchief,6,15,chef
Original,chef,people,clothing_garment,pants,3,15,chef
Original,chef,people,clothing_garment,shirt,2,15,chef
Original,chef,people,clothing_garment,shoes,2,15,chef
Original,chef,people,clothing_garment,short sleeved jacket,1,15,chef
Original,chef,people,clothing_garment,trousers,3,15,chef
Original,chef,people,clothing_garment,undershirt,2,15,chef
Original,chef,people,clothing_garment,waist apron,5,15,chef
Original,chef,people,clothing_garment,wristwatch,3,15,chef
Original,chef,people,eyewear_present,no,19,2,chef
Original,chef,people,eyewear_present,yes,9,2,chef
Original,chef,people,hair_color,black,14,5,chef
Original,chef,people,hair_color,brown,13,5,chef
Original,chef,people,hair_color,dark blue,9,5,chef
Original,chef,people,hair_color,darkblue,2,5,chef
Original,chef,people,hair_color,gray,3,5,chef
Original,chef,people,facial_hair_present,yes,28,1,chef
Original,chef,people,facial_hair_style,beard,3,11,chef
Original,chef,people,facial_hair_style,full beard,4,11,chef
Original,chef,people,facial_hair_style,full trimmed beard,8,11,chef
Original,chef,people,facial_hair_style,goatee,1,11,chef
Original,chef,people,facial_hair_style,mustache,8,11,chef
Original,chef,people,facial_hair_style,short,1,11,chef
Original,chef,people,facial_hair_style,short beard,2,11,chef
Original,chef,people,facial_hair_style,short trimmed beard,2,11,chef
Original,chef,people,facial_hair_style,stubble,4,11,chef
Original,chef,people,facial_hair_style,trimmed mustache,1,11,chef
Original,chef,people,facial_hair_style,trimmed stubble,3,11,chef
Original,chef,people,gaze_direction,down,10,2,chef
Original,chef,people,gaze_direction,up,3,2,chef
Original,chef,people,gender_presentation,male,29,1,chef
Original,chef,people,hair_color,black,20,5,chef
Original,chef,people,hair_color,brown,21,5,chef
Original,chef,people,hair_color,gray,1,5,chef
Original,chef,people,hair_present,yes,30,1,chef
Original,chef,people,hair_style,short,29,1,chef
Original,chef,people,head_covering_type,black,2,6,chef
Original,chef,people,head_covering_type,white,11,6,chef
Original,chef,people,head_covering_present,no,8,2,chef
Original,chef,people,head_covering_present,yes,20,2,chef
Original,chef,people,head_covering_type,chef hat,12,6,chef
Original,chef,people,head_covering_type,short chef cap,1,6,chef
Original,chef,people,head_covering_type,skullcap,1,6,chef
Original,chef,people,head_covering_type,tall pleated chef hat,5,6,chef
Original,chef,people,pose,standing,1,3,chef
Original,chef,people,pose,standing,1,3,chef
Original,chef,people,pose,standing,4,3,chef
Original,chef,people,pose,standing,1,3,chef
Original,chef,people,pose,standing,1,3,chef
Original,chef,people,pose,leaning,2,3,chef
Original,chef,people,pose,leaning,2,3,chef
Original,chef,people,pose,standing,1,3,chef
Original,chef,people,pose,standing,1,3,chef
Original,chef,people,pose,leaning,3,3,chef
Original,chef,people,pose,standing,4,3,chef
Original,chef,people,pose,standing,1,3,chef
Original,chef,people,pose,seated,2,3,chef
Original,chef,people,pose,leaning,5,3,chef
Original,chef,people,pose,leaning,1,3,chef
Original,chef,people,pose,standing,1,3,chef
Original,chef,people,pose,leaning,1,3,chef
Original,chef,people,pose,leaning,2,3,chef
Original,chef,people,pose,leaning,1,3,chef
Original,chef,people,pose,standing,1,3,chef
Original,chef,people,pose,standing,9,3,chef
Original,chef,people,pose,standing,1,3,chef
Original,chef,people,pose,standing,1,3,chef
Original,chef,people,skin_tone,light,14,2,chef
Original,chef,people,skin_tone,medium,14,2,chef
Original,athlete,scene_appearance,aesthetic_qualities,cinematic,25,4,athlete
Original,athlete,scene_appearance,aesthetic_qualities,dreamy,3,4,athlete
Original,athlete,scene_appearance,aesthetic_qualities,gritty,2,4,athlete
Original,athlete,scene_appearance,aesthetic_qualities,realistic,28,4,athlete
Original,athlete,scene_appearance,color_temperature,cool,9,3,athlete
Original,athlete,scene_appearance,color_temperature,neutral,8,3,athlete
Original,athlete,scene_appearance,color_temperature,warm,21,3,athlete
Original,athlete,scene_appearance,dominant_colors,black,24,7,athlete
Original,athlete,scene_appearance,dominant_colors,blue,8,7,athlete
Original,athlete,scene_appearance,dominant_colors,brown,54,7,athlete
Original,athlete,scene_appearance,dominant_colors,cyan,6,7,athlete
Original,athlete,scene_appearance,dominant_colors,mediumblue,6,7,athlete
Original,athlete,scene_appearance,dominant_colors,mediumvioletred,1,7,athlete
Original,athlete,scene_appearance,dominant_colors,red,3,7,athlete
Original,athlete,scene_appearance,mood,calm,19,4,athlete
Original,athlete,scene_appearance,mood,dramatic,16,4,athlete
Original,athlete,scene_appearance,mood,minimalistic,2,4,athlete
Original,athlete,scene_appearance,mood,tense,13,4,athlete
Original,athlete,camera,depth_of_field,deep,3,6,athlete
Original,athlete,camera,depth_of_field,deep dof,1,6,athlete
Original,athlete,camera,depth_of_field,moderate,8,6,athlete
Original,athlete,camera,depth_of_field,moderate dof,4,6,athlete
Original,athlete,camera,depth_of_field,shallow,44,6,athlete
Original,athlete,camera,depth_of_field,shallow dof,4,6,athlete
Original,athlete,camera,framing,close up,6,6,athlete
Original,athlete,camera,framing,establishing,4,6,athlete
Original,athlete,camera,framing,full body,15,6,athlete
Original,athlete,camera,framing,headshot,1,6,athlete
Original,athlete,camera,framing,medium,33,6,athlete
Original,athlete,camera,framing,wide,4,6,athlete
Original,athlete,camera,perspective,eye level,36,2,athlete
Original,athlete,camera,perspective,low angle,17,2,athlete
Original,athlete,objects,type,ball,1,108,athlete
Original,athlete,objects,type,black framed window,1,108,athlete
Original,athlete,objects,type,bottle,2,108,athlete
Original,athlete,objects,type,boundary fence,1,108,athlete
Original,athlete,objects,type,bowl,8,108,athlete
Original,athlete,objects,type,bread,1,108,athlete
Original,athlete,objects,type,bread piece,1,108,athlete
Original,athlete,objects,type,cabinet,5,108,athlete
Original,athlete,objects,type,cabinetry bank,1,108,athlete
Original,athlete,objects,type,chain link fence,1,108,athlete
Original,athlete,objects,type,chef knife,1,108,athlete
Original,athlete,objects,type,chef slicing knife,1,108,athlete
Original,athlete,objects,type,cherry tomatoes,1,108,athlete
Original,athlete,objects,type,chicken egg,1,108,athlete
Original,athlete,objects,type,coffee cup,1,108,athlete
Original,athlete,objects,type,cone,1,108,athlete
Original,athlete,objects,type,cookware,6,108,athlete
Original,athlete,objects,type,countertop microwave,1,108,athlete
Original,athlete,objects,type,countertop pot,1,108,athlete
Original,athlete,objects,type,cutting board,6,108,athlete
Original,athlete,objects,type,decorative bowl,1,108,athlete
Original,athlete,objects,type,double basin sink,1,108,athlete
Original,athlete,objects,type,egg,2,108,athlete
Original,athlete,objects,type,faucet,4,108,athlete
Original,athlete,objects,type,fence,2,108,athlete
Original,athlete,objects,type,field poles,1,108,athlete
Original,athlete,objects,type,flat bench,1,108,athlete
Original,athlete,objects,type,footwear shoes,2,108,athlete
Original,athlete,objects,type,fruit,17,108,athlete
Original,athlete,objects,type,fruit tray,1,108,athlete
Original,athlete,objects,type,frying pan,3,108,athlete
Original,athlete,objects,type,glass bowl,1,108,athlete
Original,athlete,objects,type,glass jars,3,108,athlete
Original,athlete,objects,type,glass pitcher,1,108,athlete
Original,athlete,objects,type,hanging cooking utensil,1,108,athlete
Original,athlete,objects,type,hanging towel,1,108,athlete
Original,athlete,objects,type,jar,2,108,athlete
Original,athlete,objects,type,kettle,1,108,athlete
Original,athlete,objects,type,knife,1,108,athlete
Original,athlete,objects,type,knife block,1,108,athlete
Original,athlete,objects,type,large rectangular window,1,108,athlete
Original,athlete,objects,type,lettuce,1,108,athlete
Original,athlete,objects,type,lettuce head,1,108,athlete
Original,athlete,objects,type,lower cabinetry,1,108,athlete
Original,athlete,objects,type,metal container,1,108,athlete
Original,athlete,objects,type,metal railing or net,1,108,athlete
Original,athlete,objects,type,metal spatula,1,108,athlete
Original,athlete,objects,type,metal spectator benches,5,108,athlete
Original,athlete,objects,type,microwave,2,108,athlete
Original,athlete,objects,type,microwave or compact oven,1,108,athlete
Original,athlete,objects,type,mixing bowl,3,108,athlete
Original,athlete,objects,type,mug,1,108,athlete
Original,athlete,objects,type,multi pane windows,3,108,athlete
Original,athlete,objects,type,open shelving,1,108,athlete
Original,athlete,objects,type,oven,1,108,athlete
Original,athlete,objects,type,oven door,1,108,athlete
Original,athlete,objects,type,pantry cabinet,1,108,athlete
Original,athlete,objects,type,paper bib,2,108,athlete
Original,athlete,objects,type,pendant hood,1,108,athlete
Original,athlete,objects,type,pitcher,1,108,athlete
Original,athlete,objects,type,plant,4,108,athlete
Original,athlete,objects,type,plate or bowl,1,108,athlete
Original,athlete,objects,type,plates,1,108,athlete
Original,athlete,objects,type,plates glassware,1,108,athlete
Original,athlete,objects,type,portable burner,1,108,athlete
Original,athlete,objects,type,potted herb,3,108,athlete
Original,athlete,objects,type,potted plant,1,108,athlete
Original,athlete,objects,type,railing,4,108,athlete
Original,athlete,objects,type,raw fillet fish,1,108,athlete
Original,athlete,objects,type,running shoe single,1,108,athlete
Original,athlete,objects,type,saucer,1,108,athlete
Original,athlete,objects,type,shelf,3,108,athlete
Original,athlete,objects,type,shelf contents,1,108,athlete
Original,athlete,objects,type,shelf dishware,1,108,athlete
Original,athlete,objects,type,shelf jars,1,108,athlete
Original,athlete,objects,type,shoe,2,108,athlete
Original,athlete,objects,type,single tomato,1,108,athlete
Original,athlete,objects,type,sink,3,108,athlete
Original,athlete,objects,type,small black metal frying pan,1,108,athlete
Original,athlete,objects,type,small black plate or bowl,1,108,athlete
Original,athlete,objects,type,small container,1,108,athlete
Original,athlete,objects,type,small round metal pan,1,108,athlete
Original,athlete,objects,type,small stainless knife,1,108,athlete
Original,athlete,objects,type,sports ball,1,108,athlete
Original,athlete,objects,type,stack ceramic plates,2,108,athlete
Original,athlete,objects,type,stacked plates,1,108,athlete
Original,athlete,objects,type,stainless pot,1,108,athlete
Original,athlete,objects,type,stainless steel mixing bowl,1,108,athlete
Original,athlete,objects,type,stainless steel rail with hanging utensils,1,108,athlete
Original,athlete,objects,type,stainless steel sink with chrome faucet,1,108,athlete
Original,athlete,objects,type,storage bottles,1,108,athlete
Original,athlete,objects,type,stovetop flame,1,108,athlete
Original,athlete,objects,type,tabletop,1,108,athlete
Original,athlete,objects,type,three legged wood stool,1,108,athlete
Original,athlete,objects,type,tomato,5,108,athlete
Original,athlete,objects,type,under cabinet,1,108,athlete
Original,athlete,objects,type,upper cabinet singular,1,108,athlete
Original,athlete,objects,type,upper cabinets,2,108,athlete
Original,athlete,objects,type,utensil,4,108,athlete
Original,athlete,objects,type,utensil holder,5,108,athlete
Original,athlete,objects,type,utensil rail,1,108,athlete
Original,athlete,objects,type,vegetables,1,108,athlete
Original,athlete,objects,type,watch,1,108,athlete
Original,athlete,objects,type,white framed window,1,108,athlete
Original,athlete,objects,type,whole egg,1,108,athlete
Original,athlete,objects,type,window,9,108,athlete
Original,athlete,objects,type,wooden cutting board,7,108,athlete
Original,athlete,objects,type,wooden shelf containers,1,108,athlete
Original,athlete,people,activities,accelerating,1,12,athlete
Original,athlete,people,activities,cooking,4,12,athlete
Original,athlete,people,activities,holding bag,2,12,athlete
Original,athlete,people,activities,holding mixing bowl,2,12,athlete
Original,athlete,people,activities,holding spatula,3,12,athlete
Original,athlete,people,activities,manipulating plants,1,12,athlete
Original,athlete,people,activities,other low frequency,14,12,athlete
Original,athlete,people,activities,preparing food,2,12,athlete
Original,athlete,people,activities,running,4,12,athlete
Original,athlete,people,activities,scrubbing,1,12,athlete
Original,athlete,people,activities,planting,16,12,athlete
Original,athlete,people,activities,stirring,2,12,athlete
Original,athlete,people,age_range,young adult,52,1,athlete
Original,athlete,people,clothing_color,black,45,12,athlete
Original,athlete,people,clothing_color,blue,16,12,athlete
Original,athlete,people,clothing_color,brown,1,12,athlete
Original,athlete,people,clothing_color,gray,10,12,athlete
Original,athlete,people,clothing_color,green,2,12,athlete
Original,athlete,people,clothing_color,lightyellow,1,12,athlete
Original,athlete,people,clothing_color,orange,4,12,athlete
Original,athlete,people,clothing_color,pink,3,12,athlete
Original,athlete,people,clothing_color,red,6,12,athlete
Original,athlete,people,clothing_color,white,19,12,athlete
Original,athlete,people,clothing_color,yellow,2,12,athlete
Original,athlete,people,clothing_color,black,21,12,athlete
Original,athlete,people,clothing_color,blue,8,12,athlete
Original,athlete,people,clothing_color,green,1,12,athlete
Original,athlete,people,clothing_color,mediumblue,2,12,athlete
Original,athlete,people,clothing_color,orange,5,12,athlete
Original,athlete,people,clothing_color,pink,1,12,athlete
Original,athlete,people,clothing_color,red,4,12,athlete
Original,athlete,people,clothing_color,white,8,12,athlete
Original,athlete,people,clothing_color,yellow,2,12,athlete
Original,athlete,people,clothing_garment,competition bib,1,15,athlete
Original,athlete,people,clothing_garment,compression shorts,5,15,athlete
Original,athlete,people,clothing_garment,race bib,3,15,athlete
Original,athlete,people,clothing_garment,racing spike shoes,1,15,athlete
Original,athlete,people,clothing_garment,racing spikes,1,15,athlete
Original,athlete,people,clothing_garment,running shoes,5,15,athlete
Original,athlete,people,clothing_garment,running spikes,1,15,athlete
Original,athlete,people,clothing_garment,shoes,3,15,athlete
Original,athlete,people,clothing_garment,shorts,4,15,athlete
Original,athlete,people,clothing_garment,singlet,8,15,athlete
Original,athlete,people,clothing_garment,sleeveless t,1,15,athlete
Original,athlete,people,clothing_garment,socks,2,15,athlete
Original,athlete,people,clothing_garment,tank top,2,15,athlete
Original,athlete,people,clothing_garment,wrist watch,1,15,athlete
Original,athlete,people,clothing_garment,wristband,1,15,athlete
Original,athlete,people,eyewear_present,no,39,2,athlete
Original,athlete,people,eyewear_present,yes,10,2,athlete
Original,athlete,people,hair_color,black,3,4,athlete
Original,athlete,people,hair_color,brown,7,4,athlete
Original,athlete,people,hair_color,darkblue,1,4,athlete
Original,athlete,people,facial_hair_present,no,37,2,athlete
Original,athlete,people,facial_hair_present,yes,11,2,athlete
Original,athlete,people,facial_hair_style,full beard,2,9,athlete
Original,athlete,people,facial_hair_style,full trimmed beard,1,9,athlete
Original,athlete,people,facial_hair_style,long,1,9,athlete
Original,athlete,people,facial_hair_style,short beard,1,9,athlete
Original,athlete,people,facial_hair_style,short full beard,1,9,athlete
Original,athlete,people,facial_hair_style,short stubble,2,9,athlete
Original,athlete,people,facial_hair_style,stubble,2,9,athlete
Original,athlete,people,facial_hair_style,thick,1,9,athlete
Original,athlete,people,facial_hair_style,trimmed stubble,1,9,athlete
Original,athlete,people,gaze_direction,down,6,7,athlete
Original,athlete,people,gaze_direction,left,3,7,athlete
Original,athlete,people,gaze_direction,looking down,10,7,athlete
Original,athlete,people,gaze_direction,looking left,2,7,athlete
Original,athlete,people,gaze_direction,looking up,2,7,athlete
Original,athlete,people,gaze_direction,right,3,7,athlete
Original,athlete,people,gaze_direction,up,2,7,athlete
Original,athlete,people,gender_presentation,female,11,2,athlete
Original,athlete,people,gender_presentation,male,42,2,athlete
Original,athlete,people,hair_color,black,13,4,athlete
Original,athlete,people,hair_color,brown,52,4,athlete
Original,athlete,people,hair_color,red,1,4,athlete
Original,athlete,people,hair_present,yes,53,1,athlete
Original,athlete,people,hair_style,bun,2,7,athlete
Original,athlete,people,hair_style,curly,1,7,athlete
Original,athlete,people,hair_style,long,3,7,athlete
Original,athlete,people,hair_style,ponytail,12,7,athlete
Original,athlete,people,hair_style,shorts,47,7,athlete
Original,athlete,people,hair_style,updo,2,7,athlete
Original,athlete,people,hair_style,wavy,1,7,athlete
Original,athlete,people,head_covering_type,black,1,1,athlete
Original,athlete,people,head_covering_present,no,39,1,athlete
Original,athlete,people,pose,standing,1,2,athlete
Original,athlete,people,pose,standing,2,2,athlete
Original,athlete,people,pose,standing,1,2,athlete
Original,athlete,people,pose,standing,1,2,athlete
Original,athlete,people,pose,leaning,19,2,athlete
Original,athlete,people,pose,leaning,2,2,athlete
Original,athlete,people,pose,standing,8,2,athlete
Original,athlete,people,pose,standing,27,2,athlete
Original,athlete,people,pose,leaning,2,2,athlete
Original,athlete,people,pose,leaning,4,2,athlete
Original,athlete,people,pose,leaning,1,2,athlete
Original,athlete,people,pose,standing,3,2,athlete
Original,athlete,people,pose,standing,1,2,athlete
Original,athlete,people,pose,standing,1,2,athlete
Original,athlete,people,pose,standing,1,2,athlete
Original,athlete,people,pose,standing,4,2,athlete
Original,athlete,people,pose,standing,1,2,athlete
Original,athlete,people,pose,standing,1,2,athlete
Original,athlete,people,pose,standing,2,2,athlete
Original,athlete,people,pose,standing,6,2,athlete
Original,athlete,people,pose,standing,9,2,athlete
Original,athlete,people,skin_tone,dark,6,3,athlete
Original,athlete,people,skin_tone,light,23,3,athlete
Original,athlete,people,skin_tone,medium,35,3,athlete
Original,bus_driver,scene_appearance,aesthetic_qualities,cinematic,17,6,bus_driver
Original,bus_driver,scene_appearance,aesthetic_qualities,dreamy,2,6,bus_driver
Original,bus_driver,scene_appearance,aesthetic_qualities,quality cinematic,4,6,bus_driver
Original,bus_driver,scene_appearance,aesthetic_qualities,quality dreamy,1,6,bus_driver
Original,bus_driver,scene_appearance,aesthetic_qualities,quality realistic,6,6,bus_driver
Original,bus_driver,scene_appearance,aesthetic_qualities,realistic,23,6,bus_driver
Original,bus_driver,scene_appearance,color_temperature,cool,11,3,bus_driver
Original,bus_driver,scene_appearance,color_temperature,neutral,6,3,bus_driver
Original,bus_driver,scene_appearance,color_temperature,warm,13,3,bus_driver
Original,bus_driver,scene_appearance,dominant_colors,black,17,6,bus_driver
Original,bus_driver,scene_appearance,dominant_colors,blue,1,6,bus_driver
Original,bus_driver,scene_appearance,dominant_colors,brown,32,6,bus_driver
Original,bus_driver,scene_appearance,dominant_colors,cyan,1,6,bus_driver
Original,bus_driver,scene_appearance,dominant_colors,mediumblue,7,6,bus_driver
Original,bus_driver,scene_appearance,dominant_colors,mediumvioletred,2,6,bus_driver
Original,bus_driver,scene_appearance,color_temperature,cool,7,3,bus_driver
Original,bus_driver,scene_appearance,color_temperature,neutral,1,3,bus_driver
Original,bus_driver,scene_appearance,mood,calm,41,3,bus_driver
Original,bus_driver,scene_appearance,mood,dramatic,1,3,bus_driver
Original,bus_driver,scene_appearance,mood,melancholic,1,3,bus_driver
Original,bus_driver,camera,depth_of_field,deep,20,3,bus_driver
Original,bus_driver,camera,depth_of_field,moderate,11,3,bus_driver
Original,bus_driver,camera,depth_of_field,shallow,34,3,bus_driver
Original,bus_driver,camera,framing,close up,3,7,bus_driver
Original,bus_driver,camera,framing,establishing,12,7,bus_driver
Original,bus_driver,camera,framing,full body,5,7,bus_driver
Original,bus_driver,camera,framing,headshot,4,7,bus_driver
Original,bus_driver,camera,framing,medium,36,7,bus_driver
Original,bus_driver,camera,framing,others,0,7,bus_driver
Original,bus_driver,camera,framing,wide,28,7,bus_driver
Original,bus_driver,camera,perspective,eye level,50,2,bus_driver
Original,bus_driver,camera,perspective,low angle,4,2,bus_driver
Original,bus_driver,objects,type,bag,1,30,bus_driver
Original,bus_driver,objects,type,bench upholstery,1,30,bus_driver
Original,bus_driver,objects,type,bus,28,30,bus_driver
Original,bus_driver,objects,type,cart single,1,30,bus_driver
Original,bus_driver,objects,type,clock,1,30,bus_driver
Original,bus_driver,objects,type,clock tower,1,30,bus_driver
Original,bus_driver,objects,type,cloth or glove,1,30,bus_driver
Original,bus_driver,objects,type,container,1,30,bus_driver
Original,bus_driver,objects,type,distant shopping carts or baskets,1,30,bus_driver
Original,bus_driver,objects,type,fruit single,1,30,bus_driver
Original,bus_driver,objects,type,glass tower,1,30,bus_driver
Original,bus_driver,objects,type,handrail,2,30,bus_driver
Original,bus_driver,objects,type,mirror,3,30,bus_driver
Original,bus_driver,objects,type,passenger door,1,30,bus_driver
Original,bus_driver,objects,type,peaked cap,1,30,bus_driver
Original,bus_driver,objects,type,placards,1,30,bus_driver
Original,bus_driver,objects,type,plant,2,30,bus_driver
Original,bus_driver,objects,type,produce basket,2,30,bus_driver
Original,bus_driver,objects,type,produce basket wire cart variant,2,30,bus_driver
Original,bus_driver,objects,type,refrigerated glass door,1,30,bus_driver
Original,bus_driver,objects,type,roof sign,1,30,bus_driver
Original,bus_driver,objects,type,safety box,1,30,bus_driver
Original,bus_driver,objects,type,shopping basket,1,30,bus_driver
Original,bus_driver,objects,type,shopping cart,10,30,bus_driver
Original,bus_driver,objects,type,sidewalk cafe umbrella,1,30,bus_driver
Original,bus_driver,objects,type,street furniture,4,30,bus_driver
Original,bus_driver,objects,type,support pole,1,30,bus_driver
Original,bus_driver,objects,type,watch,1,30,bus_driver
Original,bus_driver,objects,type,window trim,1,30,bus_driver
Original,bus_driver,objects,type,wristwatch,1,30,bus_driver
Original,bus_driver,people,activities,driving,2,32,bus_driver
Original,bus_driver,people,activities,driving operating controls,3,32,bus_driver
Original,bus_driver,people,activities,examining item,2,32,bus_driver
Original,bus_driver,people,activities,facing camera,1,32,bus_driver
Original,bus_driver,people,activities,holding bag,1,32,bus_driver
Original,bus_driver,people,activities,holding tool,1,32,bus_driver
Original,bus_driver,people,activities,holding handheld produce basket,1,32,bus_driver
Original,bus_driver,people,activities,holding bag,1,32,bus_driver
Original,bus_driver,people,activities,holding orange fruit in right hand,1,32,bus_driver
Original,bus_driver,people,activities,holding bag,1,32,bus_driver
Original,bus_driver,people,activities,handling produce,4,32,bus_driver
Original,bus_driver,people,activities,inspecting packaged produce,1,32,bus_driver
Original,bus_driver,people,activities,inspecting soil,2,32,bus_driver
Original,bus_driver,people,activities,looking toward camera,3,32,bus_driver
Original,bus_driver,people,activities,looking toward dashboard,1,32,bus_driver
Original,bus_driver,people,activities,near crosswalk,1,32,bus_driver
Original,bus_driver,people,activities,attending vehicle,5,32,bus_driver
Original,bus_driver,people,activities,preparing food,1,32,bus_driver
Original,bus_driver,people,activities,pushing shopping cart,3,32,bus_driver
Original,bus_driver,people,activities,reaching left hand toward left shelf,1,32,bus_driver
Original,bus_driver,people,activities,reaching right hand,1,32,bus_driver
Original,bus_driver,people,activities,reading or examining papers,1,32,bus_driver
Original,bus_driver,people,activities,resting right hand handbrake or lever,1,32,bus_driver
Original,bus_driver,people,activities,seated,1,32,bus_driver
Original,bus_driver,people,activities,seated driving position,1,32,bus_driver
Original,bus_driver,people,activities,mopping,2,32,bus_driver
Original,bus_driver,people,activities,standing,8,32,bus_driver
Original,bus_driver,people,activities,standing or paused,1,32,bus_driver
Original,bus_driver,people,activities,handling soil,1,32,bus_driver
Original,bus_driver,people,activities,viewing shelves,1,32,bus_driver
Original,bus_driver,people,activities,wiping,1,32,bus_driver
Original,bus_driver,people,activities,walking,2,32,bus_driver
Original,bus_driver,people,activities,walking across pedestrian crossing,1,32,bus_driver
Original,bus_driver,people,activities,walking or standing,4,32,bus_driver
Original,bus_driver,people,age_range,middle aged,24,3,bus_driver
Original,bus_driver,people,age_range,older adult,14,3,bus_driver
Original,bus_driver,people,age_range,young adult,4,3,bus_driver
Original,bus_driver,people,clothing_color,black,34,12,bus_driver
Original,bus_driver,people,clothing_color,blue,31,12,bus_driver
Original,bus_driver,people,clothing_color,brown,7,12,bus_driver
Original,bus_driver,people,clothing_color,crimson,1,12,bus_driver
Original,bus_driver,people,clothing_color,darkblue,1,12,bus_driver
Original,bus_driver,people,clothing_color,gray,13,12,bus_driver
Original,bus_driver,people,clothing_color,green,7,12,bus_driver
Original,bus_driver,people,clothing_color,orange,2,12,bus_driver
Original,bus_driver,people,clothing_color,silver,1,12,bus_driver
Original,bus_driver,people,clothing_color,tan,4,12,bus_driver
Original,bus_driver,people,clothing_color,white,9,12,bus_driver
Original,bus_driver,people,clothing_color,yellow,4,12,bus_driver
Original,bus_driver,people,clothing_garment,bib apron,1,24,bus_driver
Original,bus_driver,people,clothing_garment,cap,1,24,bus_driver
Original,bus_driver,people,clothing_garment,high visibility reflective safety vest,1,24,bus_driver
Original,bus_driver,people,clothing_garment,insulated uniform jacket,1,24,bus_driver
Original,bus_driver,people,clothing_garment,jacket,4,24,bus_driver
Original,bus_driver,people,clothing_garment,long sleeved jacket,1,24,bus_driver
Original,bus_driver,people,clothing_garment,neck tie,3,24,bus_driver
Original,bus_driver,people,clothing_garment,necktie,2,24,bus_driver
Original,bus_driver,people,clothing_garment,operator uniform top,1,24,bus_driver
Original,bus_driver,people,clothing_garment,outer jacket,2,24,bus_driver
Original,bus_driver,people,clothing_garment,overcoat,3,24,bus_driver
Original,bus_driver,people,clothing_garment,safety vest,1,24,bus_driver
Original,bus_driver,people,clothing_garment,shirt,18,24,bus_driver
Original,bus_driver,people,clothing_garment,shirt collar,2,24,bus_driver
Original,bus_driver,people,clothing_garment,shirt,2,24,bus_driver
Original,bus_driver,people,clothing_garment,shoes,7,24,bus_driver
Original,bus_driver,people,clothing_garment,shoulder bag,2,24,bus_driver
Original,bus_driver,people,clothing_garment,sweater,1,24,bus_driver
Original,bus_driver,people,clothing_garment,trousers,12,24,bus_driver
Original,bus_driver,people,clothing_garment,trousers,4,24,bus_driver
Original,bus_driver,people,clothing_garment,undershirt,1,24,bus_driver
Original,bus_driver,people,clothing_garment,uniform jacket,2,24,bus_driver
Original,bus_driver,people,clothing_garment,uniform shirt short sleeve,1,24,bus_driver
Original,bus_driver,people,clothing_garment,work jacket,1,24,bus_driver
Original,bus_driver,people,clothing_garment,work trousers,2,24,bus_driver
Original,bus_driver,people,clothing_garment,wristwatch,2,24,bus_driver
Original,bus_driver,people,eyewear_present,no,9,2,bus_driver
Original,bus_driver,people,eyewear_present,yes,22,2,bus_driver
Original,bus_driver,people,eyewear_type,eyeglasses,4,10,bus_driver
Original,bus_driver,people,eyewear_type,eyeglasses generic,1,10,bus_driver
Original,bus_driver,people,eyewear_type,metal rimmed,1,10,bus_driver
Original,bus_driver,people,eyewear_type,prescription,1,10,bus_driver
Original,bus_driver,people,eyewear_type,rectangular,4,10,bus_driver
Original,bus_driver,people,eyewear_type,rectangular frame,4,10,bus_driver
Original,bus_driver,people,eyewear_type,rectangular glasses normalized,3,10,bus_driver
Original,bus_driver,people,eyewear_type,rimless,1,10,bus_driver
Original,bus_driver,people,eyewear_type,thin framed,1,10,bus_driver
Original,bus_driver,people,eyewear_type,thin metal framed glasses,1,10,bus_driver
Original,bus_driver,people,hair_color,black,4,3,bus_driver
Original,bus_driver,people,hair_color,brown,1,3,bus_driver
Original,bus_driver,people,hair_color,gray,2,3,bus_driver
Original,bus_driver,people,facial_hair_present,no,9,2,bus_driver
Original,bus_driver,people,facial_hair_present,yes,12,2,bus_driver
Original,bus_driver,people,facial_hair_style,goatee,1,4,bus_driver
Original,bus_driver,people,facial_hair_style,mustache,5,4,bus_driver
Original,bus_driver,people,facial_hair_style,stubble,3,4,bus_driver
Original,bus_driver,people,facial_hair_style,stubble variants,3,4,bus_driver
Original,bus_driver,people,gaze_direction,down,7,4,bus_driver
Original,bus_driver,people,gaze_direction,left,7,4,bus_driver
Original,bus_driver,people,gaze_direction,right,3,4,bus_driver
Original,bus_driver,people,gaze_direction,up,10,4,bus_driver
Original,bus_driver,people,gender_presentation,male,42,1,bus_driver
Original,bus_driver,people,hair_color,black,27,3,bus_driver
Original,bus_driver,people,hair_color,brown,6,3,bus_driver
Original,bus_driver,people,hair_color,gray,33,3,bus_driver
Original,bus_driver,people,hair_present,yes,42,1,bus_driver
Original,bus_driver,people,hair_style,short,37,2,bus_driver
Original,bus_driver,people,hair_style,straight,1,2,bus_driver
Original,bus_driver,people,head_covering_type,black,7,12,bus_driver
Original,bus_driver,people,head_covering_type,blue,1,12,bus_driver
Original,bus_driver,people,head_covering_type,brown,1,12,bus_driver
Original,bus_driver,people,head_covering_type,chocolate,1,12,bus_driver
Original,bus_driver,people,head_covering_type,dark blue,1,12,bus_driver
Original,bus_driver,people,head_covering_type,darkblue,1,12,bus_driver
Original,bus_driver,people,head_covering_present,no,12,2,bus_driver
Original,bus_driver,people,head_covering_present,yes,25,2,bus_driver
Original,bus_driver,people,head_covering_type,baseball cap,4,12,bus_driver
Original,bus_driver,people,head_covering_type,cap,4,12,bus_driver
Original,bus_driver,people,head_covering_type,cap generic,1,12,bus_driver
Original,bus_driver,people,head_covering_type,flat cap,3,12,bus_driver
Original,bus_driver,people,head_covering_type,peaked cap,7,12,bus_driver
Original,bus_driver,people,head_covering_type,peaked officer cap,1,12,bus_driver
Original,bus_driver,people,pose,standing,1,4,bus_driver
Original,bus_driver,people,pose,standing,1,4,bus_driver
Original,bus_driver,people,pose,standing,1,4,bus_driver
Original,bus_driver,people,pose,standing,1,4,bus_driver
Original,bus_driver,people,pose,standing,2,4,bus_driver
Original,bus_driver,people,pose,leaning,2,4,bus_driver
Original,bus_driver,people,pose,standing,1,4,bus_driver
Original,bus_driver,people,pose,standing,1,4,bus_driver
Original,bus_driver,people,pose,standing,1,4,bus_driver
Original,bus_driver,people,pose,standing,1,4,bus_driver
Original,bus_driver,people,pose,hands_pockets,1,4,bus_driver
Original,bus_driver,people,pose,standing,1,4,bus_driver
Original,bus_driver,people,pose,standing,1,4,bus_driver
Original,bus_driver,people,pose,standing,4,4,bus_driver
Original,bus_driver,people,pose,standing,2,4,bus_driver
Original,bus_driver,people,pose,standing,1,4,bus_driver
Original,bus_driver,people,pose,standing,1,4,bus_driver
Original,bus_driver,people,pose,standing,5,4,bus_driver
Original,bus_driver,people,pose,standing,1,4,bus_driver
Original,bus_driver,people,pose,seated,10,4,bus_driver
Original,bus_driver,people,pose,leaning,9,4,bus_driver
Original,bus_driver,people,pose,standing,1,4,bus_driver
Original,bus_driver,people,pose,standing,6,4,bus_driver
Original,bus_driver,people,pose,standing,2,4,bus_driver
Original,bus_driver,people,pose,standing,41,4,bus_driver
Original,bus_driver,people,pose,standing,1,4,bus_driver
Original,bus_driver,people,pose,seated,1,4,bus_driver
Original,bus_driver,people,pose,standing,1,4,bus_driver
Original,bus_driver,people,pose,standing,4,4,bus_driver
Original,bus_driver,people,skin_tone,dark,3,3,bus_driver
Original,bus_driver,people,skin_tone,lights,21,3,bus_driver
Original,bus_driver,people,skin_tone,medium,17,3,bus_driver
Original,janitor,scene_appearance,aesthetic_qualities,cinematic,16,4,janitor
Original,janitor,scene_appearance,aesthetic_qualities,dreamy,1,4,janitor
Original,janitor,scene_appearance,aesthetic_qualities,minimal,4,4,janitor
Original,janitor,scene_appearance,aesthetic_qualities,realistic,43,4,janitor
Original,janitor,scene_appearance,color_temperature,cool,33,3,janitor
Original,janitor,scene_appearance,color_temperature,neutral,13,3,janitor
Original,janitor,scene_appearance,color_temperature,warm,3,3,janitor
Original,janitor,scene_appearance,dominant_colors,black,24,8,janitor
Original,janitor,scene_appearance,dominant_colors,blue,4,8,janitor
Original,janitor,scene_appearance,dominant_colors,brown,7,8,janitor
Original,janitor,scene_appearance,dominant_colors,cyan,2,8,janitor
Original,janitor,scene_appearance,dominant_colors,gray,1,8,janitor
Original,janitor,scene_appearance,dominant_colors,mediumblue,9,8,janitor
Original,janitor,scene_appearance,dominant_colors,orangered,1,8,janitor
Original,janitor,scene_appearance,dominant_colors,red,2,8,janitor
Original,janitor,scene_appearance,mood,calm,45,2,janitor
Original,janitor,scene_appearance,mood,minimalistic,6,2,janitor
Original,janitor,camera,depth_of_field,deep,24,5,janitor
Original,janitor,camera,depth_of_field,moderate,5,5,janitor
Original,janitor,camera,depth_of_field,moderate dof,2,5,janitor
Original,janitor,camera,depth_of_field,shallow,26,5,janitor
Original,janitor,camera,depth_of_field,shallow dof,8,5,janitor
Original,janitor,camera,framing,establishing,12,4,janitor
Original,janitor,camera,framing,full body,29,4,janitor
Original,janitor,camera,framing,medium,21,4,janitor
Original,janitor,camera,framing,wide,24,4,janitor
Original,janitor,camera,perspective,eye level,52,3,janitor
Original,janitor,camera,perspective,low angle,4,3,janitor
Original,janitor,camera,perspective,third person,2,3,janitor
Original,janitor,objects,type,arched windows series,1,50,janitor
Original,janitor,objects,type,bag,2,50,janitor
Original,janitor,objects,type,bagged produce,1,50,janitor
Original,janitor,objects,type,basket,1,50,janitor
Original,janitor,objects,type,box,1,50,janitor
Original,janitor,objects,type,broom,2,50,janitor
Original,janitor,objects,type,broom head,1,50,janitor
Original,janitor,objects,type,cabinet,8,50,janitor
Original,janitor,objects,type,caution sign,1,50,janitor
Original,janitor,objects,type,chair,1,50,janitor
Original,janitor,objects,type,cleaning cart,1,50,janitor
Original,janitor,objects,type,clear plastic containers,1,50,janitor
Original,janitor,objects,type,clock,1,50,janitor
Original,janitor,objects,type,container,11,50,janitor
Original,janitor,objects,type,dispenser,1,50,janitor
Original,janitor,objects,type,door,4,50,janitor
Original,janitor,objects,type,door frames,8,50,janitor
Original,janitor,objects,type,electrical plate,1,50,janitor
Original,janitor,objects,type,emergency sign,1,50,janitor
Original,janitor,objects,type,extractor hood,1,50,janitor
Original,janitor,objects,type,folded towel or cloth,1,50,janitor
Original,janitor,objects,type,folded white textiles or paper goods,1,50,janitor
Original,janitor,objects,type,hand basket,1,50,janitor
Original,janitor,objects,type,handrail,3,50,janitor
Original,janitor,objects,type,long handle metal pole,1,50,janitor
Original,janitor,objects,type,mop,22,50,janitor
Original,janitor,objects,type,mop bucket,31,50,janitor
Original,janitor,objects,type,multi pane windows,11,50,janitor
Original,janitor,objects,type,outlet or control plate,1,50,janitor
Original,janitor,objects,type,plant,1,50,janitor
Original,janitor,objects,type,produce bags,1,50,janitor
Original,janitor,objects,type,produce containers,1,50,janitor
Original,janitor,objects,type,push brooming,3,50,janitor
Original,janitor,objects,type,safety sign,7,50,janitor
Original,janitor,objects,type,shelf,2,50,janitor
Original,janitor,objects,type,shoes,4,50,janitor
Original,janitor,objects,type,shopping basket,5,50,janitor
Original,janitor,objects,type,shopping basket cart configuration,1,50,janitor
Original,janitor,objects,type,shopping cart,8,50,janitor
Original,janitor,objects,type,sign,2,50,janitor
Original,janitor,objects,type,sink counter,1,50,janitor
Original,janitor,objects,type,small medium bottles canisters shelving,1,50,janitor
Original,janitor,objects,type,small potted plant,1,50,janitor
Original,janitor,objects,type,stackable plastic chair,1,50,janitor
Original,janitor,objects,type,stainless tubular handrail,2,50,janitor
Original,janitor,objects,type,storage bag,1,50,janitor
Original,janitor,objects,type,tall open metal storage shelving,1,50,janitor
Original,janitor,objects,type,warning sign,1,50,janitor
Original,janitor,objects,type,wheeled container,1,50,janitor
Original,janitor,objects,type,window,3,50,janitor
Original,janitor,people,activities,carrying basket,1,15,janitor
Original,janitor,people,activities,gripping shopping cart,1,15,janitor
Original,janitor,people,activities,gripping shopping cart duplicate token preserved as single group,1,15,janitor
Original,janitor,people,activities,holding mop,1,15,janitor
Original,janitor,people,activities,holding bag,1,15,janitor
Original,janitor,people,activities,holding bag,3,15,janitor
Original,janitor,people,activities,holding tool,1,15,janitor
Original,janitor,people,activities,mopping,13,15,janitor
Original,janitor,people,activities,operating long handled floor cleaning tool,1,15,janitor
Original,janitor,people,activities,placing or adjusting fruit,1,15,janitor
Original,janitor,people,activities,positioned near cleaning cart,1,15,janitor
Original,janitor,people,activities,holding cleaning cart,1,15,janitor
Original,janitor,people,activities,pressing mop head into floor,1,15,janitor
Original,janitor,people,activities,pressing mop head into floor,1,15,janitor
Original,janitor,people,activities,pushing,1,15,janitor
Original,janitor,people,activities,pushing,2,15,janitor
Original,janitor,people,activities,pushing cart token,3,15,janitor
Original,janitor,people,activities,holding mop,3,15,janitor
Original,janitor,people,activities,wiping,6,15,janitor
Original,janitor,people,pose,standing,1,2,janitor
Original,janitor,people,pose,standing,3,2,janitor
Original,janitor,people,pose,standing,2,2,janitor
Original,janitor,people,pose,standing,1,2,janitor
Original,janitor,people,pose,leaning,6,2,janitor
Original,janitor,people,pose,standing,3,2,janitor
Original,janitor,people,pose,standing,7,2,janitor
Original,janitor,people,age_range,middle aged,38,3,janitor
Original,janitor,people,age_range,older adult,10,3,janitor
Original,janitor,people,age_range,young adult,1,3,janitor
Original,janitor,people,clothing_color,beige,0,11,janitor
Original,janitor,people,clothing_color,black,44,11,janitor
Original,janitor,people,clothing_color,blue,72,11,janitor
Original,janitor,people,clothing_color,brown,2,11,janitor
Original,janitor,people,clothing_color,gray,7,11,janitor
Original,janitor,people,clothing_color,green,24,11,janitor
Original,janitor,people,clothing_color,orange,8,11,janitor
Original,janitor,people,clothing_color,pink,1,11,janitor
Original,janitor,people,clothing_color,tan,1,11,janitor
Original,janitor,people,clothing_color,white,7,11,janitor
Original,janitor,people,clothing_color,yellow,10,11,janitor
Original,janitor,people,clothing_garment,apron,1,15,janitor
Original,janitor,people,clothing_garment,belt,1,15,janitor
Original,janitor,people,clothing_garment,disposable gloves,1,15,janitor
Original,janitor,people,clothing_garment,face mask,1,15,janitor
Original,janitor,people,clothing_garment,gloves,3,15,janitor
Original,janitor,people,clothing_garment,high visibility safety vest,2,15,janitor
Original,janitor,people,clothing_garment,overalls,12,15,janitor
Original,janitor,people,clothing_garment,rubber gloves,2,15,janitor
Original,janitor,people,clothing_garment,safety vest,3,15,janitor
Original,janitor,people,clothing_garment,shirt,24,15,janitor
Original,janitor,people,clothing_garment,shoes,8,15,janitor
Original,janitor,people,clothing_garment,trousers,7,15,janitor
Original,janitor,people,clothing_garment,work gloves,17,15,janitor
Original,janitor,people,clothing_garment,work pants,1,15,janitor
Original,janitor,people,clothing_garment,work shoes,6,15,janitor
Original,janitor,people,eyewear_present,no,46,2,janitor
Original,janitor,people,eyewear_present,yes,5,2,janitor
Original,janitor,people,hair_color,black,5,4,janitor
Original,janitor,people,hair_color,brown,3,4,janitor
Original,janitor,people,hair_color,white,1,4,janitor
Original,janitor,people,facial_hair_present,no,17,2,janitor
Original,janitor,people,facial_hair_present,yes,12,2,janitor
Original,janitor,people,facial_hair_style,short,1,3,janitor
Original,janitor,people,facial_hair_style,short stubble,2,3,janitor
Original,janitor,people,facial_hair_style,stubble,2,3,janitor
Original,janitor,people,gaze_direction,down,31,5,janitor
Original,janitor,people,gaze_direction,left,1,5,janitor
Original,janitor,people,gaze_direction,right,1,5,janitor
Original,janitor,people,gaze_direction,to the right,2,5,janitor
Original,janitor,people,gaze_direction,up,6,5,janitor
Original,janitor,people,gender_presentation,female,1,2,janitor
Original,janitor,people,gender_presentation,male,51,2,janitor
Original,janitor,people,hair_color,black,27,4,janitor
Original,janitor,people,hair_color,brown,11,4,janitor
Original,janitor,people,hair_color,gray,34,4,janitor
Original,janitor,people,hair_color,white,2,4,janitor
Original,janitor,people,hair_present,yes,48,1,janitor
Original,janitor,people,hair_style,curly,1,4,janitor
Original,janitor,people,hair_style,shaved,1,4,janitor
Original,janitor,people,hair_style,short,44,4,janitor
Original,janitor,people,hair_style,straight,1,4,janitor
Original,janitor,people,head_covering_type,black,1,9,janitor
Original,janitor,people,head_covering_type,blue,9,9,janitor
Original,janitor,people,head_covering_type,blue coverings,5,9,janitor
Original,janitor,people,head_covering_type,orange,1,9,janitor
Original,janitor,people,head_covering_present,no,22,2,janitor
Original,janitor,people,head_covering_present,yes,28,2,janitor
Original,janitor,people,head_covering_type,baseball cap,10,9,janitor
Original,janitor,people,head_covering_type,brimmed cap,1,9,janitor
Original,janitor,people,head_covering_type,cap,7,9,janitor
Original,janitor,people,head_covering_type,cap generic,4,9,janitor
Original,janitor,people,head_covering_type,hard hat,1,9,janitor
Original,janitor,people,pose,standing,1,2,janitor
Original,janitor,people,pose,leaning,2,2,janitor
Original,janitor,people,pose,leaning,8,2,janitor
Original,janitor,people,pose,leaning,1,2,janitor
Original,janitor,people,pose,standing,1,2,janitor
Original,janitor,people,pose,standing,1,2,janitor
Original,janitor,people,pose,standing,2,2,janitor
Original,janitor,people,pose,standing,1,2,janitor
Original,janitor,people,pose,standing,1,2,janitor
Original,janitor,people,pose,leaning,11,2,janitor
Original,janitor,people,pose,leaning,7,2,janitor
Original,janitor,people,pose,leaning,2,2,janitor
Original,janitor,people,pose,leaning,5,2,janitor
Original,janitor,people,pose,leaning,4,2,janitor
Original,janitor,people,pose,leaning,1,2,janitor
Original,janitor,people,pose,leaning,1,2,janitor
Original,janitor,people,pose,leaning,1,2,janitor
Original,janitor,people,pose,standing,4,2,janitor
Original,janitor,people,pose,standing,1,2,janitor
Original,janitor,people,pose,standing,13,2,janitor
Original,janitor,people,pose,standing,1,2,janitor
Original,janitor,people,pose,standing,2,2,janitor
Original,janitor,people,pose,standing,1,2,janitor
Original,janitor,people,skin_tone,dark,3,3,janitor
Original,janitor,people,skin_tone,light,24,3,janitor
Original,janitor,people,skin_tone,medium,25,3,janitor
Original,musician,scene_appearance,aesthetic_qualities,cinematic,7,4,musician
Original,musician,scene_appearance,aesthetic_qualities,dreamy,3,4,musician
Original,musician,scene_appearance,aesthetic_qualities,realistic,5,4,musician
Original,musician,scene_appearance,color_temperature,warm,9,3,musician
Original,musician,scene_appearance,dominant_colors,black,2,3,musician
Original,musician,scene_appearance,dominant_colors,brown,8,3,musician
Original,musician,scene_appearance,dominant_colors,black,4,3,musician
Original,musician,scene_appearance,dominant_colors,brown,34,3,musician
Original,musician,scene_appearance,dominant_colors,mediumblue,2,3,musician
Original,musician,scene_appearance,aesthetic_qualities,cinematic,13,4,musician
Original,musician,scene_appearance,aesthetic_qualities,dreamy,3,4,musician
Original,musician,scene_appearance,aesthetic_qualities,minimal,2,4,musician
Original,musician,scene_appearance,aesthetic_qualities,realistic,17,4,musician
Original,musician,scene_appearance,color_temperature,cool,14,3,musician
Original,musician,scene_appearance,color_temperature,neutral,5,3,musician
Original,musician,scene_appearance,color_temperature,warm,2,3,musician
Original,musician,scene_appearance,mood,calm,36,3,musician
Original,musician,scene_appearance,mood,joyful,2,3,musician
Original,musician,scene_appearance,mood,romantic,4,3,musician
Original,musician,scene_appearance,mood,calm,10,3,musician
Original,musician,scene_appearance,mood,joyful,2,3,musician
Original,musician,camera,depth_of_field,moderate,8,2,musician
Original,musician,camera,depth_of_field,shallow,52,2,musician
Original,musician,camera,framing,close up,8,6,musician
Original,musician,camera,framing,establishing,2,6,musician
Original,musician,camera,framing,full body,4,6,musician
Original,musician,camera,framing,headshot,4,6,musician
Original,musician,camera,framing,medium,44,6,musician
Original,musician,camera,framing,wide,10,6,musician
Original,musician,camera,perspective,eye level,44,1,musician
Original,musician,objects,dominant_colors,beige,2,30,musician
Original,musician,objects,dominant_colors,black,23,30,musician
Original,musician,objects,dominant_colors,blue,2,30,musician
Original,musician,objects,dominant_colors,brown,24,30,musician
Original,musician,objects,dominant_colors,crimson,7,30,musician
Original,musician,objects,dominant_colors,darkblue,6,30,musician
Original,musician,objects,dominant_colors,darkgreen,1,30,musician
Original,musician,objects,dominant_colors,darkred,1,30,musician
Original,musician,objects,dominant_colors,darkslategrey,1,30,musician
Original,musician,objects,dominant_colors,glass like,6,30,musician
Original,musician,objects,dominant_colors,gray,12,30,musician
Original,musician,objects,dominant_colors,green,16,30,musician
Original,musician,objects,dominant_colors,honeydew,1,30,musician
Original,musician,objects,dominant_colors,ivory,1,30,musician
Original,musician,objects,dominant_colors,lightblue,3,30,musician
Original,musician,objects,dominant_colors,lightgoldenrodyellow,1,30,musician
Original,musician,objects,dominant_colors,mediumblue,4,30,musician
Original,musician,objects,dominant_colors,mediumseagreen,1,30,musician
Original,musician,objects,dominant_colors,mediumvioletred,1,30,musician
Original,musician,objects,dominant_colors,olive,1,30,musician
Original,musician,objects,dominant_colors,orange,9,30,musician
Original,musician,objects,dominant_colors,palevioletred,1,30,musician
Original,musician,objects,dominant_colors,pink,2,30,musician
Original,musician,objects,dominant_colors,purple,1,30,musician
Original,musician,objects,dominant_colors,red,10,30,musician
Original,musician,objects,dominant_colors,seashell,1,30,musician
Original,musician,objects,dominant_colors,silver,14,30,musician
Original,musician,objects,dominant_colors,violet,1,30,musician
Original,musician,objects,dominant_colors,white,14,30,musician
Original,musician,objects,dominant_colors,yellow,7,30,musician
Original,musician,objects,type,acoustic guitar,8,29,musician
Original,musician,objects,type,amplifier cabinet,1,29,musician
Original,musician,objects,type,amplifier cabinet duplicate entry handled once,1,29,musician
Original,musician,objects,type,bag,1,29,musician
Original,musician,objects,type,basket,1,29,musician
Original,musician,objects,type,bench,1,29,musician
Original,musician,objects,type,cap,1,29,musician
Original,musician,objects,type,citrus fruits,2,29,musician
Original,musician,objects,type,container,1,29,musician
Original,musician,objects,type,drum cymbal,1,29,musician
Original,musician,objects,type,eyeglasses,1,29,musician
Original,musician,objects,type,furniture or plant,1,29,musician
Original,musician,objects,type,guitar neck,19,29,musician
Original,musician,objects,type,guitar stand,2,29,musician
Original,musician,objects,type,guitar strap,2,29,musician
Original,musician,objects,type,microphone stand,4,29,musician
Original,musician,objects,type,potted houseplant,1,29,musician
Original,musician,objects,type,produce bag,2,29,musician
Original,musician,objects,type,saxophone,2,29,musician
Original,musician,objects,type,shelf display,4,29,musician
Original,musician,objects,type,shelf edge,1,29,musician
Original,musician,objects,type,shopping cart,13,29,musician
Original,musician,objects,type,sign,1,29,musician
Original,musician,objects,type,stand mounted metal microphone,1,29,musician
Original,musician,objects,type,stool,2,29,musician
Original,musician,objects,type,storage bench,1,29,musician
Original,musician,objects,type,straw hat,2,29,musician
Original,musician,objects,type,violin like,1,29,musician
Original,musician,objects,type,window,10,29,musician
Original,musician,people,activities,appears singing producing music,1,10,musician
Original,musician,people,activities,resting,3,10,musician
Original,musician,people,activities,holding bag,1,10,musician
Original,musician,people,activities,holding double bass,1,10,musician
Original,musician,people,activities,holding guitar,8,10,musician
Original,musician,people,activities,holding mop,1,10,musician
Original,musician,people,activities,holding guitar,4,10,musician
Original,musician,people,activities,plucking strings,2,10,musician
Original,musician,people,activities,singing,2,10,musician
Original,musician,people,activities,stirring,4,10,musician
Original,musician,people,activities,strumming guitar,2,10,musician
Original,musician,people,age_range,middle aged,1,2,musician
Original,musician,people,age_range,young adult,28,2,musician
Original,musician,people,clothing_color,black,9,8,musician
Original,musician,people,clothing_color,blue,6,8,musician
Original,musician,people,clothing_color,brown,4,8,musician
Original,musician,people,clothing_color,gray,2,8,musician
Original,musician,people,clothing_color,green,2,8,musician
Original,musician,people,clothing_color,pink,1,8,musician
Original,musician,people,clothing_color,tan,1,8,musician
Original,musician,people,clothing_color,white,3,8,musician
Original,musician,people,clothing_garment,ankle boots,1,21,musician
Original,musician,people,clothing_garment,backpack,1,21,musician
Original,musician,people,clothing_garment,blazer,2,21,musician
Original,musician,people,clothing_garment,boots,1,21,musician
Original,musician,people,clothing_garment,denim jacket,4,21,musician
Original,musician,people,clothing_garment,guitar strap,6,21,musician
Original,musician,people,clothing_garment,hat,1,21,musician
Original,musician,people,clothing_garment,jacket,4,21,musician
Original,musician,people,clothing_garment,jeans,7,21,musician
Original,musician,people,clothing_garment,necklace,2,21,musician
Original,musician,people,clothing_garment,pants,1,21,musician
Original,musician,people,clothing_garment,shirt,19,21,musician
Original,musician,people,clothing_garment,shoes,3,21,musician
Original,musician,people,clothing_garment,sleeveless top,1,21,musician
Original,musician,people,clothing_garment,socks,1,21,musician
Original,musician,people,clothing_garment,trousers,3,21,musician
Original,musician,people,clothing_garment,turtleneck,1,21,musician
Original,musician,people,clothing_garment,undershirt,3,21,musician
Original,musician,people,clothing_garment,vest,2,21,musician
Original,musician,people,clothing_garment,wristband,1,21,musician
Original,musician,people,clothing_garment,zip front vest,1,21,musician
Original,musician,people,eyewear_present,no,25,2,musician
Original,musician,people,eyewear_present,yes,4,2,musician
Original,musician,people,eyewear_type,prescription glasses,1,4,musician
Original,musician,people,eyewear_type,rectangular frames,1,4,musician
Original,musician,people,eyewear_type,sunglasses,2,4,musician
Original,musician,people,eyewear_type,thin rimmed metal eyeglasses,1,4,musician
Original,musician,people,hair_color,black,2,8,musician
Original,musician,people,hair_color,brown,20,8,musician
Original,musician,people,hair_color,dark blue,3,8,musician
Original,musician,people,hair_color,dark blue annotated,6,8,musician
Original,musician,people,hair_color,darkblue,4,8,musician
Original,musician,people,hair_color,darkblue recorded token,4,8,musician
Original,musician,people,hair_color,maroon,1,8,musician
Original,musician,people,facial_hair_present,no,1,2,musician
Original,musician,people,facial_hair_present,yes,29,2,musician
Original,musician,people,facial_hair_style,beard,3,16,musician
Original,musician,people,facial_hair_style,close trimmed beard,1,16,musician
Original,musician,people,facial_hair_style,closely trimmed,1,16,musician
Original,musician,people,facial_hair_style,full beard,6,16,musician
Original,musician,people,facial_hair_style,long,1,16,musician
Original,musician,people,facial_hair_style,neatly trimmed,1,16,musician
Original,musician,people,facial_hair_style,short ambiguous,2,16,musician
Original,musician,people,facial_hair_style,short beard,2,16,musician
Original,musician,people,facial_hair_style,short jawline beard,1,16,musician
Original,musician,people,facial_hair_style,short stubble,1,16,musician
Original,musician,people,facial_hair_style,short trimmed beard,1,16,musician
Original,musician,people,facial_hair_style,short well trimmed,1,16,musician
Original,musician,people,facial_hair_style,stubble,5,16,musician
Original,musician,people,facial_hair_style,trimmed,1,16,musician
Original,musician,people,facial_hair_style,trimmed beard,3,16,musician
Original,musician,people,facial_hair_style,trimmed stubble,1,16,musician
Original,musician,people,gaze_direction,down,10,4,musician
Original,musician,people,gaze_direction,left,3,4,musician
Original,musician,people,gaze_direction,right,2,4,musician
Original,musician,people,gaze_direction,to right,2,4,musician
Original,musician,people,gender_presentation,female,1,2,musician
Original,musician,people,gender_presentation,male,29,2,musician
Original,musician,people,hair_color,black,12,8,musician
Original,musician,people,hair_color,brown,28,8,musician
Original,musician,people,hair_color,maroon,1,8,musician
Original,musician,people,hair_color,olive,1,8,musician
Original,musician,people,hair_present,yes,31,1,musician
Original,musician,people,hair_style,curly,13,5,musician
Original,musician,people,hair_style,long,4,5,musician
Original,musician,people,hair_style,ponytail,1,5,musician
Original,musician,people,hair_style,short,14,5,musician
Original,musician,people,hair_style,wavy,8,5,musician
Original,musician,people,head_covering_type,black,5,9,musician
Original,musician,people,head_covering_type,brown,1,9,musician
Original,musician,people,head_covering_type,tan,1,9,musician
Original,musician,people,head_covering_present,no,24,2,musician
Original,musician,people,head_covering_present,yes,6,2,musician
Original,musician,people,head_covering_type,beanie,1,9,musician
Original,musician,people,head_covering_type,fedora,1,9,musician
Original,musician,people,head_covering_type,felt hat,1,9,musician
Original,musician,people,head_covering_type,structured cap leather like brim,1,9,musician
Original,musician,people,head_covering_type,wide brim hat merged variant,2,9,musician
Original,musician,people,head_covering_type,wide brimmed hat,1,9,musician
Original,musician,people,pose,standing,1,4,musician
Original,musician,people,pose,leaning,1,4,musician
Original,musician,people,pose,leaning,3,4,musician
Original,musician,people,pose,standing,1,4,musician
Original,musician,people,pose,standing,1,4,musician
Original,musician,people,pose,laying,1,4,musician
Original,musician,people,pose,standing,10,4,musician
Original,musician,people,pose,laying,1,4,musician
Original,musician,people,pose,seated,8,4,musician
Original,musician,people,pose,leaning,5,4,musician
Original,musician,people,pose,standing,2,4,musician
Original,musician,people,pose,leaning,1,4,musician
Original,musician,people,pose,leaning,2,4,musician
Original,musician,people,pose,leaning,1,4,musician
Original,musician,people,pose,standing,2,4,musician
Original,musician,people,pose,standing,9,4,musician
Original,musician,people,pose,standing,8,4,musician
Original,musician,people,skin_tone,dark,2,3,musician
Original,musician,people,skin_tone,light,14,3,musician
Original,musician,people,skin_tone,medium,22,3,musician
Context-Free,ceo,scene_appearance,aesthetic_qualities,cinematic,1,3,Context-free_CF_ceo
Context-Free,ceo,scene_appearance,aesthetic_qualities,minimal,1,3,Context-free_CF_ceo
Context-Free,ceo,scene_appearance,aesthetic_qualities,realistic,8,3,Context-free_CF_ceo
Context-Free,ceo,scene_appearance,color_temperature,cool,2,3,Context-free_CF_ceo
Context-Free,ceo,scene_appearance,color_temperature,neutral,4,3,Context-free_CF_ceo
Context-Free,ceo,scene_appearance,color_temperature,warm,2,3,Context-free_CF_ceo
Context-Free,ceo,scene_appearance,dominant_colors,black,4,2,Context-free_CF_ceo
Context-Free,ceo,scene_appearance,dominant_colors,brown,6,2,Context-free_CF_ceo
Context-Free,ceo,scene_appearance,mood,calm,10,1,Context-free_CF_ceo
Context-Free,ceo,camera,depth_of_field,deep,3,2,Context-free_CF_ceo
Context-Free,ceo,camera,depth_of_field,shallow,7,2,Context-free_CF_ceo
Context-Free,ceo,camera,framing,close up,1,5,Context-free_CF_ceo
Context-Free,ceo,camera,framing,full body,1,5,Context-free_CF_ceo
Context-Free,ceo,camera,framing,headshot,3,5,Context-free_CF_ceo
Context-Free,ceo,camera,framing,medium,8,5,Context-free_CF_ceo
Context-Free,ceo,camera,framing,wide,1,5,Context-free_CF_ceo
Context-Free,ceo,camera,perspective,eye level,8,1,Context-free_CF_ceo
Context-Free,ceo,objects,type,desk,35,22,Context-free_CF_ceo
Context-Free,ceo,objects,type,potted plant,4,22,Context-free_CF_ceo
Context-Free,ceo,objects,type,wristwatch,3,22,Context-free_CF_ceo
Context-Free,ceo,objects,type,belt,1,22,Context-free_CF_ceo
Context-Free,ceo,objects,type,cabinet,1,22,Context-free_CF_ceo
Context-Free,ceo,objects,type,chair,6,22,Context-free_CF_ceo
Context-Free,ceo,objects,type,credenza or cabinet,1,22,Context-free_CF_ceo
Context-Free,ceo,objects,type,cup,1,22,Context-free_CF_ceo
Context-Free,ceo,objects,type,desk,2,22,Context-free_CF_ceo
Context-Free,ceo,objects,type,eyeglasses,1,22,Context-free_CF_ceo
Context-Free,ceo,objects,type,lamp,1,22,Context-free_CF_ceo
Context-Free,ceo,objects,type,mouse,1,22,Context-free_CF_ceo
Context-Free,ceo,objects,type,office chairs,1,22,Context-free_CF_ceo
Context-Free,ceo,objects,type,paper,5,22,Context-free_CF_ceo
Context-Free,ceo,objects,type,plant,4,22,Context-free_CF_ceo
Context-Free,ceo,objects,type,planters,1,22,Context-free_CF_ceo
Context-Free,ceo,objects,type,shelving with books,1,22,Context-free_CF_ceo
Context-Free,ceo,objects,type,table,2,22,Context-free_CF_ceo
Context-Free,ceo,objects,type,tabletop,1,22,Context-free_CF_ceo
Context-Free,ceo,objects,type,watch,1,22,Context-free_CF_ceo
Context-Free,ceo,objects,type,window,2,22,Context-free_CF_ceo
Context-Free,ceo,objects,type,window glazing,1,22,Context-free_CF_ceo
Context-Free,ceo,objects,type,window grid,1,22,Context-free_CF_ceo
Context-Free,ceo,people,age_range,middle aged,10,1,Context-free_CF_ceo
Context-Free,ceo,people,clothing_color,black,1,5,Context-free_CF_ceo
Context-Free,ceo,people,clothing_color,blue,7,5,Context-free_CF_ceo
Context-Free,ceo,people,clothing_color,brown,1,5,Context-free_CF_ceo
Context-Free,ceo,people,clothing_color,gray,1,5,Context-free_CF_ceo
Context-Free,ceo,people,clothing_color,white,10,5,Context-free_CF_ceo
Context-Free,ceo,people,clothing_garment,belt,1,11,Context-free_CF_ceo
Context-Free,ceo,people,clothing_garment,dress shoes,2,11,Context-free_CF_ceo
Context-Free,ceo,people,clothing_garment,dress trousers,1,11,Context-free_CF_ceo
Context-Free,ceo,people,clothing_garment,neck tie,4,11,Context-free_CF_ceo
Context-Free,ceo,people,clothing_garment,necktie,2,11,Context-free_CF_ceo
Context-Free,ceo,people,clothing_garment,shirt,10,11,Context-free_CF_ceo
Context-Free,ceo,people,clothing_garment,suit jacket,7,11,Context-free_CF_ceo
Context-Free,ceo,people,clothing_garment,tie,3,11,Context-free_CF_ceo
Context-Free,ceo,people,clothing_garment,trousers,1,11,Context-free_CF_ceo
Context-Free,ceo,people,clothing_garment,watch belt accessory,1,11,Context-free_CF_ceo
Context-Free,ceo,people,clothing_garment,wristwatch,2,11,Context-free_CF_ceo
Context-Free,ceo,people,eyewear_present,yes,10,1,Context-free_CF_ceo
Context-Free,ceo,people,eyewear_type,eyeglasses generic,2,2,Context-free_CF_ceo
Context-Free,ceo,people,eyewear_type,rectangular frame,6,2,Context-free_CF_ceo
Context-Free,ceo,people,hair_color,brown,1,3,Context-free_CF_ceo
Context-Free,ceo,people,hair_color,gray,1,3,Context-free_CF_ceo
Context-Free,ceo,people,hair_color,tomato token,1,3,Context-free_CF_ceo
Context-Free,ceo,people,facial_hair_present,no,6,2,Context-free_CF_ceo
Context-Free,ceo,people,facial_hair_present,yes,3,2,Context-free_CF_ceo
Context-Free,ceo,people,facial_hair_style,beard,1,3,Context-free_CF_ceo
Context-Free,ceo,people,facial_hair_style,closely trimmed full beard,1,3,Context-free_CF_ceo
Context-Free,ceo,people,facial_hair_style,moustache goatee,1,3,Context-free_CF_ceo
Context-Free,ceo,people,gaze_direction,left,1,2,Context-free_CF_ceo
Context-Free,ceo,people,gaze_direction,up,7,2,Context-free_CF_ceo
Context-Free,ceo,people,gender_presentation,male,10,1,Context-free_CF_ceo
Context-Free,ceo,people,hair_color,brown,1,3,Context-free_CF_ceo
Context-Free,ceo,people,hair_color,gray,10,3,Context-free_CF_ceo
Context-Free,ceo,people,hair_present,yes,10,1,Context-free_CF_ceo
Context-Free,ceo,people,hair_style,short,9,2,Context-free_CF_ceo
Context-Free,ceo,people,hair_style,straight,4,2,Context-free_CF_ceo
Context-Free,ceo,people,head_covering_present,no,10,1,Context-free_CF_ceo
Context-Free,ceo,people,pose,standing,1,4,Context-free_CF_ceo
Context-Free,ceo,people,pose,standing,1,4,Context-free_CF_ceo
Context-Free,ceo,people,pose,hands_pockets,1,4,Context-free_CF_ceo
Context-Free,ceo,people,pose,leaning,1,4,Context-free_CF_ceo
Context-Free,ceo,people,pose,standing,1,4,Context-free_CF_ceo
Context-Free,ceo,people,pose,standing,6,4,Context-free_CF_ceo
Context-Free,ceo,people,pose,standing,1,4,Context-free_CF_ceo
Context-Free,ceo,people,pose,seated,6,4,Context-free_CF_ceo
Context-Free,ceo,people,pose,leaning,1,4,Context-free_CF_ceo
Context-Free,ceo,people,pose,standing,1,4,Context-free_CF_ceo
Context-Free,ceo,people,pose,standing,8,4,Context-free_CF_ceo
Context-Free,ceo,people,pose,seated,1,4,Context-free_CF_ceo
Context-Free,ceo,people,pose,standing,1,4,Context-free_CF_ceo
Context-Free,ceo,people,skin_tone,light,6,2,Context-free_CF_ceo
Context-Free,ceo,people,skin_tone,medium,4,2,Context-free_CF_ceo
Context-Free,housekeeper,scene_appearance,aesthetic_qualities,cinematic,6,4,Context-free_CF_housekeeper
Context-Free,housekeeper,scene_appearance,aesthetic_qualities,dreamy,4,4,Context-free_CF_housekeeper
Context-Free,housekeeper,scene_appearance,aesthetic_qualities,minimal,1,4,Context-free_CF_housekeeper
Context-Free,housekeeper,scene_appearance,aesthetic_qualities,realistic,6,4,Context-free_CF_housekeeper
Context-Free,housekeeper,scene_appearance,dominant_colors,black,2,2,Context-free_CF_housekeeper
Context-Free,housekeeper,scene_appearance,dominant_colors,brown,8,2,Context-free_CF_housekeeper
Context-Free,housekeeper,scene_appearance,aesthetic_qualities,cinematic,6,4,Context-free_CF_housekeeper
Context-Free,housekeeper,scene_appearance,aesthetic_qualities,dreamy,4,4,Context-free_CF_housekeeper
Context-Free,housekeeper,scene_appearance,aesthetic_qualities,minimal,1,4,Context-free_CF_housekeeper
Context-Free,housekeeper,scene_appearance,aesthetic_qualities,realistic,6,4,Context-free_CF_housekeeper
Context-Free,housekeeper,scene_appearance,color_temperature,neutral,3,2,Context-free_CF_housekeeper
Context-Free,housekeeper,scene_appearance,color_temperature,warm,4,2,Context-free_CF_housekeeper
Context-Free,housekeeper,scene_appearance,mood,calm,10,2,Context-free_CF_housekeeper
Context-Free,housekeeper,scene_appearance,mood,joyful,1,2,Context-free_CF_housekeeper
Context-Free,housekeeper,camera,depth_of_field,shallow,16,1,Context-free_CF_housekeeper
Context-Free,housekeeper,camera,framing,establishing,1,5,Context-free_CF_housekeeper
Context-Free,housekeeper,camera,framing,full body,2,5,Context-free_CF_housekeeper
Context-Free,housekeeper,camera,framing,headshot,1,5,Context-free_CF_housekeeper
Context-Free,housekeeper,camera,framing,medium,7,5,Context-free_CF_housekeeper
Context-Free,housekeeper,camera,framing,wide,2,5,Context-free_CF_housekeeper
Context-Free,housekeeper,camera,perspective,eye level,16,1,Context-free_CF_housekeeper
Context-Free,housekeeper,objects,type,apron,2,46,Context-free_CF_housekeeper
Context-Free,housekeeper,objects,type,bed,1,46,Context-free_CF_housekeeper
Context-Free,housekeeper,objects,type,bedcover,1,46,Context-free_CF_housekeeper
Context-Free,housekeeper,objects,type,box,1,46,Context-free_CF_housekeeper
Context-Free,housekeeper,objects,type,cabinetry,3,46,Context-free_CF_housekeeper
Context-Free,housekeeper,objects,type,cabinets,1,46,Context-free_CF_housekeeper
Context-Free,housekeeper,objects,type,ceramic jar,1,46,Context-free_CF_housekeeper
Context-Free,housekeeper,objects,type,container,3,46,Context-free_CF_housekeeper
Context-Free,housekeeper,objects,type,cutting board,2,46,Context-free_CF_housekeeper
Context-Free,housekeeper,objects,type,door,3,46,Context-free_CF_housekeeper
Context-Free,housekeeper,objects,type,dresser,1,46,Context-free_CF_housekeeper
Context-Free,housekeeper,objects,type,faucet,1,46,Context-free_CF_housekeeper
Context-Free,housekeeper,objects,type,frying pan,1,46,Context-free_CF_housekeeper
Context-Free,housekeeper,objects,type,glove single,1,46,Context-free_CF_housekeeper
Context-Free,housekeeper,objects,type,gloves,1,46,Context-free_CF_housekeeper
Context-Free,housekeeper,objects,type,hanging basket or garment cover,1,46,Context-free_CF_housekeeper
Context-Free,housekeeper,objects,type,jar,1,46,Context-free_CF_housekeeper
Context-Free,housekeeper,objects,type,kettle,1,46,Context-free_CF_housekeeper
Context-Free,housekeeper,objects,type,kitchen towel,1,46,Context-free_CF_housekeeper
Context-Free,housekeeper,objects,type,knife,1,46,Context-free_CF_housekeeper
Context-Free,housekeeper,objects,type,measuring jar,1,46,Context-free_CF_housekeeper
Context-Free,housekeeper,objects,type,mirror,1,46,Context-free_CF_housekeeper
Context-Free,housekeeper,objects,type,mixing bowl,1,46,Context-free_CF_housekeeper
Context-Free,housekeeper,objects,type,plant,4,46,Context-free_CF_housekeeper
Context-Free,housekeeper,objects,type,plant pot,1,46,Context-free_CF_housekeeper
Context-Free,housekeeper,objects,type,potted plant,1,46,Context-free_CF_housekeeper
Context-Free,housekeeper,objects,type,refrigerator,1,46,Context-free_CF_housekeeper
Context-Free,housekeeper,objects,type,side table,1,46,Context-free_CF_housekeeper
Context-Free,housekeeper,objects,type,sink,4,46,Context-free_CF_housekeeper
Context-Free,housekeeper,objects,type,soap dispensing bottle,1,46,Context-free_CF_housekeeper
Context-Free,housekeeper,objects,type,spatula,1,46,Context-free_CF_housekeeper
Context-Free,housekeeper,objects,type,squeeze bottle,1,46,Context-free_CF_housekeeper
Context-Free,housekeeper,objects,type,stool,2,46,Context-free_CF_housekeeper
Context-Free,housekeeper,objects,type,stove,1,46,Context-free_CF_housekeeper
Context-Free,housekeeper,objects,type,stovetop,2,46,Context-free_CF_housekeeper
Context-Free,housekeeper,objects,type,table,1,46,Context-free_CF_housekeeper
Context-Free,housekeeper,objects,type,tableware,1,46,Context-free_CF_housekeeper
Context-Free,housekeeper,objects,type,towel,1,46,Context-free_CF_housekeeper
Context-Free,housekeeper,objects,type,towel stack,1,46,Context-free_CF_housekeeper
Context-Free,housekeeper,objects,type,upper cabinet,1,46,Context-free_CF_housekeeper
Context-Free,housekeeper,objects,type,utensil container,1,46,Context-free_CF_housekeeper
Context-Free,housekeeper,objects,type,utensil single,2,46,Context-free_CF_housekeeper
Context-Free,housekeeper,objects,type,utensils hanging,1,46,Context-free_CF_housekeeper
Context-Free,housekeeper,objects,type,window,5,46,Context-free_CF_housekeeper
Context-Free,housekeeper,objects,type,window treatment,1,46,Context-free_CF_housekeeper
Context-Free,housekeeper,objects,type,cabinetry,3,46,Context-free_CF_housekeeper
Context-Free,housekeeper,objects,type,cutting board,2,46,Context-free_CF_housekeeper
Context-Free,housekeeper,objects,type,door,3,46,Context-free_CF_housekeeper
Context-Free,housekeeper,objects,type,plant,4,46,Context-free_CF_housekeeper
Context-Free,housekeeper,objects,type,sink,4,46,Context-free_CF_housekeeper
Context-Free,housekeeper,objects,type,stovetop,2,46,Context-free_CF_housekeeper
Context-Free,housekeeper,objects,type,utensil,2,46,Context-free_CF_housekeeper
Context-Free,housekeeper,objects,type,window,5,46,Context-free_CF_housekeeper
Context-Free,housekeeper,people,activities,adjusting window area fabric,1,7,Context-free_CF_housekeeper
Context-Free,housekeeper,people,activities,planting,1,7,Context-free_CF_housekeeper
Context-Free,housekeeper,people,activities,food preparation,1,7,Context-free_CF_housekeeper
Context-Free,housekeeper,people,activities,handling produce,1,7,Context-free_CF_housekeeper
Context-Free,housekeeper,people,activities,scrubbing,1,7,Context-free_CF_housekeeper
Context-Free,housekeeper,people,activities,smoothing towels,1,7,Context-free_CF_housekeeper
Context-Free,housekeeper,people,activities,wiping,2,7,Context-free_CF_housekeeper
Context-Free,housekeeper,people,age_range,middle aged,6,3,Context-free_CF_housekeeper
Context-Free,housekeeper,people,age_range,older adult,1,3,Context-free_CF_housekeeper
Context-Free,housekeeper,people,age_range,young adult,2,3,Context-free_CF_housekeeper
Context-Free,housekeeper,people,clothing_garment,apron,10,8,Context-free_CF_housekeeper
Context-Free,housekeeper,people,clothing_garment,blouse,4,8,Context-free_CF_housekeeper
Context-Free,housekeeper,people,clothing_garment,dress,2,8,Context-free_CF_housekeeper
Context-Free,housekeeper,people,clothing_garment,gloves,4,8,Context-free_CF_housekeeper
Context-Free,housekeeper,people,clothing_garment,shoes,5,8,Context-free_CF_housekeeper
Context-Free,housekeeper,people,clothing_garment,skirt,1,8,Context-free_CF_housekeeper
Context-Free,housekeeper,people,clothing_garment,t-shirt,5,8,Context-free_CF_housekeeper
Context-Free,housekeeper,people,clothing_garment,trousers,1,8,Context-free_CF_housekeeper
Context-Free,housekeeper,people,eyewear_present,no,9,2,Context-free_CF_housekeeper
Context-Free,housekeeper,people,eyewear_present,yes,1,2,Context-free_CF_housekeeper
Context-Free,housekeeper,people,eyewear_type,thin frame,1,1,Context-free_CF_housekeeper
Context-Free,housekeeper,people,facial_hair_present,no,10,1,Context-free_CF_housekeeper
Context-Free,housekeeper,people,gaze_direction,down,9,2,Context-free_CF_housekeeper
Context-Free,housekeeper,people,gaze_direction,up,1,2,Context-free_CF_housekeeper
Context-Free,housekeeper,people,gender_presentation,female,10,1,Context-free_CF_housekeeper
Context-Free,housekeeper,people,hair_color,black,4,3,Context-free_CF_housekeeper
Context-Free,housekeeper,people,hair_color,brown,16,3,Context-free_CF_housekeeper
Context-Free,housekeeper,people,hair_color,gray,2,3,Context-free_CF_housekeeper
Context-Free,housekeeper,people,hair_present,yes,10,1,Context-free_CF_housekeeper
Context-Free,housekeeper,people,hair_style,long,6,4,Context-free_CF_housekeeper
Context-Free,housekeeper,people,hair_style,ponytail,16,4,Context-free_CF_housekeeper
Context-Free,housekeeper,people,hair_style,straight,4,4,Context-free_CF_housekeeper
Context-Free,housekeeper,people,hair_style,wavy,4,4,Context-free_CF_housekeeper
Context-Free,housekeeper,people,head_covering_present,no,10,1,Context-free_CF_housekeeper
Context-Free,housekeeper,people,pose,standing,1,2,Context-free_CF_housekeeper
Context-Free,housekeeper,people,pose,standing,1,2,Context-free_CF_housekeeper
Context-Free,housekeeper,people,pose,standing,1,2,Context-free_CF_housekeeper
Context-Free,housekeeper,people,pose,leaning,3,2,Context-free_CF_housekeeper
Context-Free,housekeeper,people,pose,leaning,1,2,Context-free_CF_housekeeper
Context-Free,housekeeper,people,pose,standing,1,2,Context-free_CF_housekeeper
Context-Free,housekeeper,people,pose,leaning,2,2,Context-free_CF_housekeeper
Context-Free,housekeeper,people,pose,leaning,1,2,Context-free_CF_housekeeper
Context-Free,housekeeper,people,pose,leaning,3,2,Context-free_CF_housekeeper
Context-Free,housekeeper,people,pose,leaning,1,2,Context-free_CF_housekeeper
Context-Free,housekeeper,people,pose,standing,2,2,Context-free_CF_housekeeper
Context-Free,housekeeper,people,pose,standing,3,2,Context-free_CF_housekeeper
Context-Free,housekeeper,people,skin_tone,light,2,2,Context-free_CF_housekeeper
Context-Free,housekeeper,people,skin_tone,medium,8,2,Context-free_CF_housekeeper
Context-Free,farmer,scene_appearance,aesthetic_qualities,cinematic,7,2,Context-free_CF_farmer
Context-Free,farmer,scene_appearance,aesthetic_qualities,realistic,8,2,Context-free_CF_farmer
Context-Free,farmer,scene_appearance,color_temperature,warm,9,1,Context-free_CF_farmer
Context-Free,farmer,scene_appearance,mood,calm,10,2,Context-free_CF_farmer
Context-Free,farmer,scene_appearance,mood,joyful,1,2,Context-free_CF_farmer
Context-Free,farmer,scene_appearance,wall_color,brown,10,1,Context-free_CF_farmer
Context-Free,farmer,camera,depth_of_field,moderate,1,2,Context-free_CF_farmer
Context-Free,farmer,camera,depth_of_field,shallow,9,2,Context-free_CF_farmer
Context-Free,farmer,camera,framing,close up,2,4,Context-free_CF_farmer
Context-Free,farmer,camera,framing,establishing,1,4,Context-free_CF_farmer
Context-Free,farmer,camera,framing,headshot,2,4,Context-free_CF_farmer
Context-Free,farmer,camera,framing,medium,9,4,Context-free_CF_farmer
Context-Free,farmer,camera,perspective,eye level,8,2,Context-free_CF_farmer
Context-Free,farmer,camera,perspective,low angle,1,2,Context-free_CF_farmer
Context-Free,farmer,objects,type,container,1,7,Context-free_CF_farmer
Context-Free,farmer,objects,type,farm tractor,1,7,Context-free_CF_farmer
Context-Free,farmer,objects,type,fence,2,7,Context-free_CF_farmer
Context-Free,farmer,objects,type,hat,3,7,Context-free_CF_farmer
Context-Free,farmer,objects,type,plant,2,7,Context-free_CF_farmer
Context-Free,farmer,objects,type,plant bundle,1,7,Context-free_CF_farmer
Context-Free,farmer,objects,type,tree canopies,1,7,Context-free_CF_farmer
Context-Free,farmer,people,activities,hands resting or gathering straw,1,10,Context-free_CF_farmer
Context-Free,farmer,people,activities,holding bag,1,10,Context-free_CF_farmer
Context-Free,farmer,people,activities,holding tool,1,10,Context-free_CF_farmer
Context-Free,farmer,people,activities,holding straw bundle,2,10,Context-free_CF_farmer
Context-Free,farmer,people,activities,looking toward camera,3,10,Context-free_CF_farmer
Context-Free,farmer,people,activities,manipulating plants,1,10,Context-free_CF_farmer
Context-Free,farmer,people,activities,resting,1,10,Context-free_CF_farmer
Context-Free,farmer,people,activities,handling soil,1,10,Context-free_CF_farmer
Context-Free,farmer,people,activities,supporting produce,1,10,Context-free_CF_farmer
Context-Free,farmer,people,activities,tending crops,1,10,Context-free_CF_farmer
Context-Free,farmer,people,age_range,older adult,10,1,Context-free_CF_farmer
Context-Free,farmer,people,clothing_color,black,4,8,Context-free_CF_farmer
Context-Free,farmer,people,clothing_color,blue,10,8,Context-free_CF_farmer
Context-Free,farmer,people,clothing_color,brown,3,8,Context-free_CF_farmer
Context-Free,farmer,people,clothing_color,gray,1,8,Context-free_CF_farmer
Context-Free,farmer,people,clothing_color,green,1,8,Context-free_CF_farmer
Context-Free,farmer,people,clothing_color,red,1,8,Context-free_CF_farmer
Context-Free,farmer,people,clothing_color,tan,2,8,Context-free_CF_farmer
Context-Free,farmer,people,clothing_color,white,3,8,Context-free_CF_farmer
Context-Free,farmer,people,clothing_garment,apron,1,7,Context-free_CF_farmer
Context-Free,farmer,people,clothing_garment,hat,1,7,Context-free_CF_farmer
Context-Free,farmer,people,clothing_garment,overalls,7,7,Context-free_CF_farmer
Context-Free,farmer,people,clothing_garment,shirt,7,7,Context-free_CF_farmer
Context-Free,farmer,people,clothing_garment,suspenders,2,7,Context-free_CF_farmer
Context-Free,farmer,people,clothing_garment,trousers,2,7,Context-free_CF_farmer
Context-Free,farmer,people,clothing_garment,work boots,1,7,Context-free_CF_farmer
Context-Free,farmer,people,eyewear_present,no,10,1,Context-free_CF_farmer
Context-Free,farmer,people,hair_color,black,4,3,Context-free_CF_farmer
Context-Free,farmer,people,hair_color,gray,12,3,Context-free_CF_farmer
Context-Free,farmer,people,hair_color,white,4,3,Context-free_CF_farmer
Context-Free,farmer,people,facial_hair_present,yes,8,1,Context-free_CF_farmer
Context-Free,farmer,people,facial_hair_style,full beard,1,5,Context-free_CF_farmer
Context-Free,farmer,people,facial_hair_style,mustache,2,5,Context-free_CF_farmer
Context-Free,farmer,people,facial_hair_style,short beard,1,5,Context-free_CF_farmer
Context-Free,farmer,people,facial_hair_style,sideburns,1,5,Context-free_CF_farmer
Context-Free,farmer,people,facial_hair_style,stubble,4,5,Context-free_CF_farmer
Context-Free,farmer,people,gaze_direction,down,2,3,Context-free_CF_farmer
Context-Free,farmer,people,gaze_direction,right,1,3,Context-free_CF_farmer
Context-Free,farmer,people,gaze_direction,up,6,3,Context-free_CF_farmer
Context-Free,farmer,people,gender_presentation,male,10,1,Context-free_CF_farmer
Context-Free,farmer,people,hair_color,black,1,3,Context-free_CF_farmer
Context-Free,farmer,people,hair_color,gray,9,3,Context-free_CF_farmer
Context-Free,farmer,people,hair_present,yes,9,1,Context-free_CF_farmer
Context-Free,farmer,people,hair_style,short,9,1,Context-free_CF_farmer
Context-Free,farmer,people,head_covering_type,beige,2,10,Context-free_CF_farmer
Context-Free,farmer,people,head_covering_type,black,3,10,Context-free_CF_farmer
Context-Free,farmer,people,head_covering_type,brown,1,10,Context-free_CF_farmer
Context-Free,farmer,people,head_covering_type,darkblue,1,10,Context-free_CF_farmer
Context-Free,farmer,people,head_covering_type,tan,3,10,Context-free_CF_farmer
Context-Free,farmer,people,head_covering_type,tomato,3,10,Context-free_CF_farmer
Context-Free,farmer,people,head_covering_present,yes,10,1,Context-free_CF_farmer
Context-Free,farmer,people,head_covering_type,generic hat,1,10,Context-free_CF_farmer
Context-Free,farmer,people,head_covering_type,straw hat merged variants,8,10,Context-free_CF_farmer
Context-Free,farmer,people,head_covering_type,wide brimmed hat unspecified,1,10,Context-free_CF_farmer
Context-Free,farmer,people,head_covering_type,wide brimmed sun hat,1,10,Context-free_CF_farmer
Context-Free,farmer,people,pose,standing,1,3,Context-free_CF_farmer
Context-Free,farmer,people,pose,leaning,1,3,Context-free_CF_farmer
Context-Free,farmer,people,pose,leaning,1,3,Context-free_CF_farmer
Context-Free,farmer,people,pose,standing,1,3,Context-free_CF_farmer
Context-Free,farmer,people,pose,standing,1,3,Context-free_CF_farmer
Context-Free,farmer,people,pose,leaning,1,3,Context-free_CF_farmer
Context-Free,farmer,people,pose,leaning,1,3,Context-free_CF_farmer
Context-Free,farmer,people,pose,standing,1,3,Context-free_CF_farmer
Context-Free,farmer,people,pose,standing,1,3,Context-free_CF_farmer
Context-Free,farmer,people,pose,standing,3,3,Context-free_CF_farmer
Context-Free,farmer,people,pose,seated,1,3,Context-free_CF_farmer
Context-Free,farmer,people,pose,leaning,1,3,Context-free_CF_farmer
Context-Free,farmer,people,pose,standing,2,3,Context-free_CF_farmer
Context-Free,farmer,people,pose,standing,1,3,Context-free_CF_farmer
Context-Free,farmer,people,pose,standing,1,3,Context-free_CF_farmer
Context-Free,farmer,people,pose,standing,6,3,Context-free_CF_farmer
Context-Free,farmer,people,pose,standing,1,3,Context-free_CF_farmer
Context-Free,farmer,people,pose,standing,1,3,Context-free_CF_farmer
Context-Free,farmer,people,skin_tone,light,4,2,Context-free_CF_farmer
Context-Free,farmer,people,skin_tone,medium,6,2,Context-free_CF_farmer
Context-Free,janitor,scene_appearance,aesthetic_qualities,cinematic,4,3,Context-free_CF_janitor
Context-Free,janitor,scene_appearance,aesthetic_qualities,minimal,2,3,Context-free_CF_janitor
Context-Free,janitor,scene_appearance,aesthetic_qualities,realistic,12,3,Context-free_CF_janitor
Context-Free,janitor,scene_appearance,color_temperature,cool,10,2,Context-free_CF_janitor
Context-Free,janitor,scene_appearance,color_temperature,neutral,4,2,Context-free_CF_janitor
Context-Free,janitor,scene_appearance,dominant_colors,black,7,4,Context-free_CF_janitor
Context-Free,janitor,scene_appearance,dominant_colors,gray,1,4,Context-free_CF_janitor
Context-Free,janitor,scene_appearance,dominant_colors,mediumblue,1,4,Context-free_CF_janitor
Context-Free,janitor,scene_appearance,dominant_colors,orangered,1,4,Context-free_CF_janitor
Context-Free,janitor,scene_appearance,mood,calm,10,1,Context-free_CF_janitor
Context-Free,janitor,camera,depth_of_field,deep,16,3,Context-free_CF_janitor
Context-Free,janitor,camera,depth_of_field,moderate,2,3,Context-free_CF_janitor
Context-Free,janitor,camera,depth_of_field,shallow,2,3,Context-free_CF_janitor
Context-Free,janitor,camera,framing,establishing,4,4,Context-free_CF_janitor
Context-Free,janitor,camera,framing,full body,12,4,Context-free_CF_janitor
Context-Free,janitor,camera,framing,medium,8,4,Context-free_CF_janitor
Context-Free,janitor,camera,framing,wide,8,4,Context-free_CF_janitor
Context-Free,janitor,camera,perspective,eye level,14,2,Context-free_CF_janitor
Context-Free,janitor,camera,perspective,low angle,2,2,Context-free_CF_janitor
Context-Free,janitor,objects,type,broom,1,28,Context-free_CF_janitor
Context-Free,janitor,objects,type,cabinet,7,28,Context-free_CF_janitor
Context-Free,janitor,objects,type,caution sign,1,28,Context-free_CF_janitor
Context-Free,janitor,objects,type,chair,1,28,Context-free_CF_janitor
Context-Free,janitor,objects,type,cleaning cart,1,28,Context-free_CF_janitor
Context-Free,janitor,objects,type,clear plastic containers,1,28,Context-free_CF_janitor
Context-Free,janitor,objects,type,clock,1,28,Context-free_CF_janitor
Context-Free,janitor,objects,type,container,10,28,Context-free_CF_janitor
Context-Free,janitor,objects,type,dispenser,1,28,Context-free_CF_janitor
Context-Free,janitor,objects,type,electrical plate,1,28,Context-free_CF_janitor
Context-Free,janitor,objects,type,extractor hood,1,28,Context-free_CF_janitor
Context-Free,janitor,objects,type,folded towel or cloth,1,28,Context-free_CF_janitor
Context-Free,janitor,objects,type,folded white textiles or paper goods,1,28,Context-free_CF_janitor
Context-Free,janitor,objects,type,long handle metal pole,1,28,Context-free_CF_janitor
Context-Free,janitor,objects,type,mop bucket,31,28,Context-free_CF_janitor
Context-Free,janitor,objects,type,multi pane windows,11,28,Context-free_CF_janitor
Context-Free,janitor,objects,type,outlet or control plate,1,28,Context-free_CF_janitor
Context-Free,janitor,objects,type,plant,1,28,Context-free_CF_janitor
Context-Free,janitor,objects,type,safety sign,1,28,Context-free_CF_janitor
Context-Free,janitor,objects,type,sign,1,28,Context-free_CF_janitor
Context-Free,janitor,objects,type,sink counter,1,28,Context-free_CF_janitor
Context-Free,janitor,objects,type,small medium bottles canisters shelving,1,28,Context-free_CF_janitor
Context-Free,janitor,objects,type,small potted plant,1,28,Context-free_CF_janitor
Context-Free,janitor,objects,type,stackable plastic chair,1,28,Context-free_CF_janitor
Context-Free,janitor,objects,type,storage bag,1,28,Context-free_CF_janitor
Context-Free,janitor,objects,type,tall open metal storage shelving,1,28,Context-free_CF_janitor
Context-Free,janitor,objects,type,warning sign,1,28,Context-free_CF_janitor
Context-Free,janitor,objects,type,window,3,28,Context-free_CF_janitor
Context-Free,janitor,people,activities,holding mop,1,10,Context-free_CF_janitor
Context-Free,janitor,people,activities,holding bag,1,10,Context-free_CF_janitor
Context-Free,janitor,people,activities,holding tool,1,10,Context-free_CF_janitor
Context-Free,janitor,people,activities,mopping,4,10,Context-free_CF_janitor
Context-Free,janitor,people,activities,operating long handled floor cleaning tool,1,10,Context-free_CF_janitor
Context-Free,janitor,people,activities,positioned near cleaning cart,1,10,Context-free_CF_janitor
Context-Free,janitor,people,activities,holding cleaning cart,1,10,Context-free_CF_janitor
Context-Free,janitor,people,activities,pressing mop head into floor,1,10,Context-free_CF_janitor
Context-Free,janitor,people,activities,pressing mop head into floor,1,10,Context-free_CF_janitor
Context-Free,janitor,people,activities,pushing,2,10,Context-free_CF_janitor
Context-Free,janitor,people,activities,holding mop,1,10,Context-free_CF_janitor
Context-Free,janitor,people,activities,wiping,6,10,Context-free_CF_janitor
Context-Free,janitor,people,age_range,middle aged,6,2,Context-free_CF_janitor
Context-Free,janitor,people,age_range,older adult,4,2,Context-free_CF_janitor
Context-Free,janitor,people,clothing_garment,apron,1,13,Context-free_CF_janitor
Context-Free,janitor,people,clothing_garment,belt,1,13,Context-free_CF_janitor
Context-Free,janitor,people,clothing_garment,bib overalls,6,13,Context-free_CF_janitor
Context-Free,janitor,people,clothing_garment,coverall,2,13,Context-free_CF_janitor
Context-Free,janitor,people,clothing_garment,disposable gloves,1,13,Context-free_CF_janitor
Context-Free,janitor,people,clothing_garment,gloves,3,13,Context-free_CF_janitor
Context-Free,janitor,people,clothing_garment,rubber gloves,2,13,Context-free_CF_janitor
Context-Free,janitor,people,clothing_garment,safety vest,1,13,Context-free_CF_janitor
Context-Free,janitor,people,clothing_garment,shirt,10,13,Context-free_CF_janitor
Context-Free,janitor,people,clothing_garment,shoes,3,13,Context-free_CF_janitor
Context-Free,janitor,people,clothing_garment,trousers,3,13,Context-free_CF_janitor
Context-Free,janitor,people,clothing_garment,work pants,1,13,Context-free_CF_janitor
Context-Free,janitor,people,clothing_garment,work shoes,6,13,Context-free_CF_janitor
Context-Free,janitor,people,eyewear_present,no,18,2,Context-free_CF_janitor
Context-Free,janitor,people,eyewear_present,yes,2,2,Context-free_CF_janitor
Context-Free,janitor,people,hair_color,black,3,4,Context-free_CF_janitor
Context-Free,janitor,people,hair_color,brown,2,4,Context-free_CF_janitor
Context-Free,janitor,people,hair_color,white,1,4,Context-free_CF_janitor
Context-Free,janitor,people,facial_hair_present,no,4,2,Context-free_CF_janitor
Context-Free,janitor,people,facial_hair_present,yes,3,2,Context-free_CF_janitor
Context-Free,janitor,people,facial_hair_style,short,1,3,Context-free_CF_janitor
Context-Free,janitor,people,facial_hair_style,short stubble,1,3,Context-free_CF_janitor
Context-Free,janitor,people,facial_hair_style,stubble,1,3,Context-free_CF_janitor
Context-Free,janitor,people,gaze_direction,down,9,1,Context-free_CF_janitor
Context-Free,janitor,people,gender_presentation,male,10,1,Context-free_CF_janitor
Context-Free,janitor,people,hair_color,black,4,4,Context-free_CF_janitor
Context-Free,janitor,people,hair_color,brown,4,4,Context-free_CF_janitor
Context-Free,janitor,people,hair_color,gray,10,4,Context-free_CF_janitor
Context-Free,janitor,people,hair_color,white,2,4,Context-free_CF_janitor
Context-Free,janitor,people,hair_present,yes,10,1,Context-free_CF_janitor
Context-Free,janitor,people,hair_style,short,9,2,Context-free_CF_janitor
Context-Free,janitor,people,hair_style,straight,1,2,Context-free_CF_janitor
Context-Free,janitor,people,head_covering_type,black,1,4,Context-free_CF_janitor
Context-Free,janitor,people,head_covering_type,blue,5,4,Context-free_CF_janitor
Context-Free,janitor,people,head_covering_present,no,5,2,Context-free_CF_janitor
Context-Free,janitor,people,head_covering_present,yes,5,2,Context-free_CF_janitor
Context-Free,janitor,people,head_covering_type,baseball cap,4,4,Context-free_CF_janitor
Context-Free,janitor,people,head_covering_type,cap generic,1,4,Context-free_CF_janitor
Context-Free,janitor,people,pose,leaning,2,2,Context-free_CF_janitor
Context-Free,janitor,people,pose,leaning,1,2,Context-free_CF_janitor
Context-Free,janitor,people,pose,leaning,7,2,Context-free_CF_janitor
Context-Free,janitor,people,pose,leaning,4,2,Context-free_CF_janitor
Context-Free,janitor,people,pose,standing,3,2,Context-free_CF_janitor
Context-Free,janitor,people,pose,standing,1,2,Context-free_CF_janitor
Context-Free,janitor,people,pose,standing,1,2,Context-free_CF_janitor
Context-Free,janitor,people,skin_tone,dark,1,3,Context-free_CF_janitor
Context-Free,janitor,people,skin_tone,light,8,3,Context-free_CF_janitor
Context-Free,janitor,people,skin_tone,medium,1,3,Context-free_CF_janitor
Context-Free,dancer,scene_appearance,aesthetic_qualities,cinematic,12,4,Context-free_CF_dancer
Context-Free,dancer,scene_appearance,aesthetic_qualities,dreamy,14,4,Context-free_CF_dancer
Context-Free,dancer,scene_appearance,aesthetic_qualities,minimal,2,4,Context-free_CF_dancer
Context-Free,dancer,scene_appearance,aesthetic_qualities,realistic,10,4,Context-free_CF_dancer
Context-Free,dancer,scene_appearance,color_temperature,warm,7,1,Context-free_CF_dancer
Context-Free,dancer,scene_appearance,dominant_colors,black,1,3,Context-free_CF_dancer
Context-Free,dancer,scene_appearance,dominant_colors,brown,6,3,Context-free_CF_dancer
Context-Free,dancer,scene_appearance,dominant_colors,lightgreen,6,3,Context-free_CF_dancer
Context-Free,dancer,scene_appearance,mood,calm,10,3,Context-free_CF_dancer
Context-Free,dancer,scene_appearance,mood,dramatic,2,3,Context-free_CF_dancer
Context-Free,dancer,scene_appearance,mood,minimalistic,1,3,Context-free_CF_dancer
Context-Free,dancer,camera,depth_of_field,shallow,10,1,Context-free_CF_dancer
Context-Free,dancer,camera,framing,full body,4,3,Context-free_CF_dancer
Context-Free,dancer,camera,framing,medium,3,3,Context-free_CF_dancer
Context-Free,dancer,camera,framing,wide,1,3,Context-free_CF_dancer
Context-Free,dancer,camera,perspective,eye level,6,2,Context-free_CF_dancer
Context-Free,dancer,camera,perspective,low angle,1,2,Context-free_CF_dancer
Context-Free,dancer,objects,type,ballet barre,1,6,Context-free_CF_dancer
Context-Free,dancer,objects,type,bench,1,6,Context-free_CF_dancer
Context-Free,dancer,objects,type,doorway,1,6,Context-free_CF_dancer
Context-Free,dancer,objects,type,tree,2,6,Context-free_CF_dancer
Context-Free,dancer,objects,type,window,4,6,Context-free_CF_dancer
Context-Free,dancer,objects,type,window mullion,1,6,Context-free_CF_dancer
Context-Free,dancer,people,age_range,teen,1,2,Context-free_CF_dancer
Context-Free,dancer,people,age_range,young adult,9,2,Context-free_CF_dancer
Context-Free,dancer,people,clothing_color,black,9,6,Context-free_CF_dancer
Context-Free,dancer,people,clothing_color,gray,3,6,Context-free_CF_dancer
Context-Free,dancer,people,clothing_color,mediumblue,1,6,Context-free_CF_dancer
Context-Free,dancer,people,clothing_color,pink,9,6,Context-free_CF_dancer
Context-Free,dancer,people,clothing_color,tan,3,6,Context-free_CF_dancer
Context-Free,dancer,people,clothing_color,white,7,6,Context-free_CF_dancer
Context-Free,dancer,people,eyewear_present,no,10,1,Context-free_CF_dancer
Context-Free,dancer,people,facial_hair_present,no,10,1,Context-free_CF_dancer
Context-Free,dancer,people,gaze_direction,down,3,2,Context-free_CF_dancer
Context-Free,dancer,people,gaze_direction,up,3,2,Context-free_CF_dancer
Context-Free,dancer,people,gender_presentation,female,10,1,Context-free_CF_dancer
Context-Free,dancer,people,hair_color,black,2,3,Context-free_CF_dancer
Context-Free,dancer,people,hair_color,brown,7,3,Context-free_CF_dancer
Context-Free,dancer,people,hair_color,pink,1,3,Context-free_CF_dancer
Context-Free,dancer,people,hair_present,yes,10,1,Context-free_CF_dancer
Context-Free,dancer,people,hair_style,bun,3,7,Context-free_CF_dancer
Context-Free,dancer,people,hair_style,curly,2,7,Context-free_CF_dancer
Context-Free,dancer,people,hair_style,long,4,7,Context-free_CF_dancer
Context-Free,dancer,people,hair_style,ponytail,1,7,Context-free_CF_dancer
Context-Free,dancer,people,hair_style,straight,2,7,Context-free_CF_dancer
Context-Free,dancer,people,hair_style,updo,1,7,Context-free_CF_dancer
Context-Free,dancer,people,hair_style,wavy,2,7,Context-free_CF_dancer
Context-Free,dancer,people,head_covering_present,no,10,1,Context-free_CF_dancer
Context-Free,dancer,people,pose,standing,1,2,Context-free_CF_dancer
Context-Free,dancer,people,pose,standing,1,2,Context-free_CF_dancer
Context-Free,dancer,people,pose,standing,1,2,Context-free_CF_dancer
Context-Free,dancer,people,pose,standing,1,2,Context-free_CF_dancer
Context-Free,dancer,people,pose,standing,1,2,Context-free_CF_dancer
Context-Free,dancer,people,pose,standing,1,2,Context-free_CF_dancer
Context-Free,dancer,people,pose,leaning,5,2,Context-free_CF_dancer
Context-Free,dancer,people,pose,leaning,1,2,Context-free_CF_dancer
Context-Free,dancer,people,pose,standing,27,2,Context-free_CF_dancer
Context-Free,dancer,people,pose,standing,1,2,Context-free_CF_dancer
Context-Free,dancer,people,pose,standing,1,2,Context-free_CF_dancer
Context-Free,dancer,people,pose,standing,1,2,Context-free_CF_dancer
Context-Free,dancer,people,pose,standing,3,2,Context-free_CF_dancer
Context-Free,dancer,people,skin_tone,light,7,2,Context-free_CF_dancer
Context-Free,dancer,people,skin_tone,medium,2,2,Context-free_CF_dancer
Context-Free,police_officer,scene_appearance,aesthetic_qualities,cinematic,8,3,Context-free_CF_police_officer
Context-Free,police_officer,scene_appearance,aesthetic_qualities,dreamy,2,3,Context-free_CF_police_officer
Context-Free,police_officer,scene_appearance,aesthetic_qualities,realistic,10,3,Context-free_CF_police_officer
Context-Free,police_officer,scene_appearance,color_temperature,cool,8,3,Context-free_CF_police_officer
Context-Free,police_officer,scene_appearance,color_temperature,neutral,6,3,Context-free_CF_police_officer
Context-Free,police_officer,scene_appearance,color_temperature,warm,2,3,Context-free_CF_police_officer
Context-Free,police_officer,scene_appearance,dominant_colors,black,6,4,Context-free_CF_police_officer
Context-Free,police_officer,scene_appearance,dominant_colors,brown,12,4,Context-free_CF_police_officer
Context-Free,police_officer,scene_appearance,dominant_colors,medium violet red,1,4,Context-free_CF_police_officer
Context-Free,police_officer,scene_appearance,dominant_colors,mediumvioletred,1,4,Context-free_CF_police_officer
Context-Free,police_officer,scene_appearance,mood,calm,4,2,Context-free_CF_police_officer
Context-Free,police_officer,scene_appearance,mood,tense,1,2,Context-free_CF_police_officer
Context-Free,police_officer,camera,depth_of_field,deep,4,3,Context-free_CF_police_officer
Context-Free,police_officer,camera,depth_of_field,moderate,2,3,Context-free_CF_police_officer
Context-Free,police_officer,camera,depth_of_field,shallow,10,3,Context-free_CF_police_officer
Context-Free,police_officer,camera,framing,full body,6,4,Context-free_CF_police_officer
Context-Free,police_officer,camera,framing,headshot,4,4,Context-free_CF_police_officer
Context-Free,police_officer,camera,framing,medium,10,4,Context-free_CF_police_officer
Context-Free,police_officer,camera,framing,wide,2,4,Context-free_CF_police_officer
Context-Free,police_officer,camera,perspective,eye level,3,1,Context-free_CF_police_officer
Context-Free,police_officer,objects,type,planter,2,1,Context-free_CF_police_officer
Context-Free,police_officer,people,age_range,middle aged,6,2,Context-free_CF_police_officer
Context-Free,police_officer,people,age_range,young adult,3,2,Context-free_CF_police_officer
Context-Free,police_officer,people,eyewear_present,no,16,2,Context-free_CF_police_officer
Context-Free,police_officer,people,eyewear_present,yes,2,2,Context-free_CF_police_officer
Context-Free,police_officer,people,hair_color,black,2,3,Context-free_CF_police_officer
Context-Free,police_officer,people,hair_color,brown,2,3,Context-free_CF_police_officer
Context-Free,police_officer,people,hair_color,dark blue,2,3,Context-free_CF_police_officer
Context-Free,police_officer,people,facial_hair_present,no,8,2,Context-free_CF_police_officer
Context-Free,police_officer,people,facial_hair_present,yes,10,2,Context-free_CF_police_officer
Context-Free,police_officer,people,facial_hair_style,mustache,2,2,Context-free_CF_police_officer
Context-Free,police_officer,people,facial_hair_style,short stubble,1,2,Context-free_CF_police_officer
Context-Free,police_officer,people,gender_presentation,male,10,1,Context-free_CF_police_officer
Context-Free,police_officer,people,hair_color,black,14,3,Context-free_CF_police_officer
Context-Free,police_officer,people,hair_color,brown,6,3,Context-free_CF_police_officer
Context-Free,police_officer,people,hair_present,yes,10,1,Context-free_CF_police_officer
Context-Free,police_officer,people,hair_style,short,8,1,Context-free_CF_police_officer
Context-Free,police_officer,people,head_covering_type,black,3,11,Context-free_CF_police_officer
Context-Free,police_officer,people,head_covering_type,blue,6,11,Context-free_CF_police_officer
Context-Free,police_officer,people,head_covering_type,darkblue,1,11,Context-free_CF_police_officer
Context-Free,police_officer,people,head_covering_type,pink,1,11,Context-free_CF_police_officer
Context-Free,police_officer,people,head_covering_type,tan,1,11,Context-free_CF_police_officer
Context-Free,police_officer,people,head_covering_type,white,1,11,Context-free_CF_police_officer
Context-Free,police_officer,people,head_covering_present,yes,10,1,Context-free_CF_police_officer
Context-Free,police_officer,people,head_covering_type,officer cap,1,11,Context-free_CF_police_officer
Context-Free,police_officer,people,head_covering_type,peaked cap,3,11,Context-free_CF_police_officer
Context-Free,police_officer,people,head_covering_type,peaked service hat,2,11,Context-free_CF_police_officer
Context-Free,police_officer,people,head_covering_type,peaked uniform cap,1,11,Context-free_CF_police_officer
Context-Free,police_officer,people,head_covering_type,structured police cap,1,11,Context-free_CF_police_officer
Context-Free,police_officer,people,skin_tone,light,4,2,Context-free_CF_police_officer
Context-Free,police_officer,people,skin_tone,medium,6,2,Context-free_CF_police_officer
Context-Free,musician,scene_appearance,aesthetic_qualities,cinematic,7,3,Context-free_CF_musician
Context-Free,musician,scene_appearance,aesthetic_qualities,dreamy,3,3,Context-free_CF_musician
Context-Free,musician,scene_appearance,aesthetic_qualities,realistic,5,3,Context-free_CF_musician
Context-Free,musician,scene_appearance,color_temperature,warm,9,1,Context-free_CF_musician
Context-Free,musician,scene_appearance,dominant_colors,brown,10,1,Context-free_CF_musician
Context-Free,musician,scene_appearance,mood,calm,16,2,Context-free_CF_musician
Context-Free,musician,scene_appearance,mood,romantic,4,2,Context-free_CF_musician
Context-Free,musician,camera,depth_of_field,shallow,20,1,Context-free_CF_musician
Context-Free,musician,camera,framing,close up,6,3,Context-free_CF_musician
Context-Free,musician,camera,framing,headshot,2,3,Context-free_CF_musician
Context-Free,musician,camera,framing,medium,14,3,Context-free_CF_musician
Context-Free,musician,camera,perspective,eye level,14,1,Context-free_CF_musician
Context-Free,musician,objects,dominant_colors,black,16,22,Context-free_CF_musician
Context-Free,musician,objects,dominant_colors,brown,17,22,Context-free_CF_musician
Context-Free,musician,objects,dominant_colors,crimson,1,22,Context-free_CF_musician
Context-Free,musician,objects,dominant_colors,darkblue,3,22,Context-free_CF_musician
Context-Free,musician,objects,dominant_colors,darkgreen,1,22,Context-free_CF_musician
Context-Free,musician,objects,dominant_colors,darkred,1,22,Context-free_CF_musician
Context-Free,musician,objects,dominant_colors,darkslategrey,1,22,Context-free_CF_musician
Context-Free,musician,objects,dominant_colors,glass like,6,22,Context-free_CF_musician
Context-Free,musician,objects,dominant_colors,gray,3,22,Context-free_CF_musician
Context-Free,musician,objects,dominant_colors,green,2,22,Context-free_CF_musician
Context-Free,musician,objects,dominant_colors,honeydew,1,22,Context-free_CF_musician
Context-Free,musician,objects,dominant_colors,ivory,1,22,Context-free_CF_musician
Context-Free,musician,objects,dominant_colors,lightblue,2,22,Context-free_CF_musician
Context-Free,musician,objects,dominant_colors,lightgoldenrodyellow,1,22,Context-free_CF_musician
Context-Free,musician,objects,dominant_colors,mediumseagreen,1,22,Context-free_CF_musician
Context-Free,musician,objects,dominant_colors,olive,1,22,Context-free_CF_musician
Context-Free,musician,objects,dominant_colors,orange,1,22,Context-free_CF_musician
Context-Free,musician,objects,dominant_colors,palevioletred,1,22,Context-free_CF_musician
Context-Free,musician,objects,dominant_colors,seashell,1,22,Context-free_CF_musician
Context-Free,musician,objects,dominant_colors,silver,8,22,Context-free_CF_musician
Context-Free,musician,objects,dominant_colors,violet,1,22,Context-free_CF_musician
Context-Free,musician,objects,dominant_colors,white,5,22,Context-free_CF_musician
Context-Free,musician,objects,type,amplifier cabinet,1,15,Context-free_CF_musician
Context-Free,musician,objects,type,amplifier cabinet duplicate entry handled once,1,15,Context-free_CF_musician
Context-Free,musician,objects,type,bench,1,15,Context-free_CF_musician
Context-Free,musician,objects,type,cap,1,15,Context-free_CF_musician
Context-Free,musician,objects,type,drum cymbal,1,15,Context-free_CF_musician
Context-Free,musician,objects,type,eyeglasses,1,15,Context-free_CF_musician
Context-Free,musician,objects,type,furniture or plant,1,15,Context-free_CF_musician
Context-Free,musician,objects,type,guitar neck,19,15,Context-free_CF_musician
Context-Free,musician,objects,type,microphone stand,4,15,Context-free_CF_musician
Context-Free,musician,objects,type,potted houseplant,1,15,Context-free_CF_musician
Context-Free,musician,objects,type,stand mounted metal microphone,1,15,Context-free_CF_musician
Context-Free,musician,objects,type,storage bench,1,15,Context-free_CF_musician
Context-Free,musician,objects,type,straw hat,2,15,Context-free_CF_musician
Context-Free,musician,objects,type,violin like,1,15,Context-free_CF_musician
Context-Free,musician,objects,type,window,10,15,Context-free_CF_musician
Context-Free,musician,people,activities,resting,2,5,Context-free_CF_musician
Context-Free,musician,people,activities,holding guitar,2,5,Context-free_CF_musician
Context-Free,musician,people,activities,holding guitar,3,5,Context-free_CF_musician
Context-Free,musician,people,activities,plucking strings,2,5,Context-free_CF_musician
Context-Free,musician,people,activities,singing,2,5,Context-free_CF_musician
Context-Free,musician,people,activities,strumming guitar,2,5,Context-free_CF_musician
Context-Free,musician,people,age_range,young adult,10,1,Context-free_CF_musician
Context-Free,musician,people,clothing_garment,ankle boots,1,15,Context-free_CF_musician
Context-Free,musician,people,clothing_garment,blazer,2,15,Context-free_CF_musician
Context-Free,musician,people,clothing_garment,boots,1,15,Context-free_CF_musician
Context-Free,musician,people,clothing_garment,denim jacket,2,15,Context-free_CF_musician
Context-Free,musician,people,clothing_garment,guitar strap,3,15,Context-free_CF_musician
Context-Free,musician,people,clothing_garment,jeans,2,15,Context-free_CF_musician
Context-Free,musician,people,clothing_garment,necklace,2,15,Context-free_CF_musician
Context-Free,musician,people,clothing_garment,sleeveless top,1,15,Context-free_CF_musician
Context-Free,musician,people,clothing_garment,socks,1,15,Context-free_CF_musician
Context-Free,musician,people,clothing_garment,t-shirt,9,15,Context-free_CF_musician
Context-Free,musician,people,clothing_garment,trousers,1,15,Context-free_CF_musician
Context-Free,musician,people,clothing_garment,turtleneck,1,15,Context-free_CF_musician
Context-Free,musician,people,clothing_garment,undershirt,3,15,Context-free_CF_musician
Context-Free,musician,people,clothing_garment,vest,2,15,Context-free_CF_musician
Context-Free,musician,people,clothing_garment,wristband,1,15,Context-free_CF_musician
Context-Free,musician,people,eyewear_present,no,7,2,Context-free_CF_musician
Context-Free,musician,people,eyewear_present,yes,3,2,Context-free_CF_musician
Context-Free,musician,people,eyewear_type,rectangular frames,1,3,Context-free_CF_musician
Context-Free,musician,people,eyewear_type,sunglasses,2,3,Context-free_CF_musician
Context-Free,musician,people,eyewear_type,thin rimmed metal eyeglasses,1,3,Context-free_CF_musician
Context-Free,musician,people,hair_color,black,1,4,Context-free_CF_musician
Context-Free,musician,people,hair_color,brown,3,4,Context-free_CF_musician
Context-Free,musician,people,hair_color,dark blue annotated,6,4,Context-free_CF_musician
Context-Free,musician,people,facial_hair_present,no,1,2,Context-free_CF_musician
Context-Free,musician,people,facial_hair_present,yes,9,2,Context-free_CF_musician
Context-Free,musician,people,facial_hair_style,beard,1,7,Context-free_CF_musician
Context-Free,musician,people,facial_hair_style,closely trimmed,1,7,Context-free_CF_musician
Context-Free,musician,people,facial_hair_style,full beard,1,7,Context-free_CF_musician
Context-Free,musician,people,facial_hair_style,short jawline beard,1,7,Context-free_CF_musician
Context-Free,musician,people,facial_hair_style,stubble,3,7,Context-free_CF_musician
Context-Free,musician,people,facial_hair_style,trimmed,1,7,Context-free_CF_musician
Context-Free,musician,people,facial_hair_style,trimmed beard,2,7,Context-free_CF_musician
Context-Free,musician,people,gaze_direction,down,6,3,Context-free_CF_musician
Context-Free,musician,people,gaze_direction,left,2,3,Context-free_CF_musician
Context-Free,musician,people,gaze_direction,right,2,3,Context-free_CF_musician
Context-Free,musician,people,gender_presentation,female,1,2,Context-free_CF_musician
Context-Free,musician,people,gender_presentation,male,9,2,Context-free_CF_musician
Context-Free,musician,people,hair_color,black,6,4,Context-free_CF_musician
Context-Free,musician,people,hair_color,brown,5,4,Context-free_CF_musician
Context-Free,musician,people,hair_color,olive,1,4,Context-free_CF_musician
Context-Free,musician,people,hair_present,yes,11,1,Context-free_CF_musician
Context-Free,musician,people,hair_style,curly,3,5,Context-free_CF_musician
Context-Free,musician,people,hair_style,long,2,5,Context-free_CF_musician
Context-Free,musician,people,hair_style,ponytail,1,5,Context-free_CF_musician
Context-Free,musician,people,hair_style,short,5,5,Context-free_CF_musician
Context-Free,musician,people,hair_style,wavy,3,5,Context-free_CF_musician
Context-Free,musician,people,head_covering_type,black,5,5,Context-free_CF_musician
Context-Free,musician,people,head_covering_type,brown,1,5,Context-free_CF_musician
Context-Free,musician,people,head_covering_present,no,6,2,Context-free_CF_musician
Context-Free,musician,people,head_covering_present,yes,4,2,Context-free_CF_musician
Context-Free,musician,people,head_covering_type,beanie,1,5,Context-free_CF_musician
Context-Free,musician,people,head_covering_type,structured cap leather like brim,1,5,Context-free_CF_musician
Context-Free,musician,people,head_covering_type,wide brim hat merged variant,2,5,Context-free_CF_musician
Context-Free,musician,people,pose,standing,1,4,Context-free_CF_musician
Context-Free,musician,people,pose,leaning,1,4,Context-free_CF_musician
Context-Free,musician,people,pose,leaning,3,4,Context-free_CF_musician
Context-Free,musician,people,pose,standing,1,4,Context-free_CF_musician
Context-Free,musician,people,pose,standing,1,4,Context-free_CF_musician
Context-Free,musician,people,pose,standing,5,4,Context-free_CF_musician
Context-Free,musician,people,pose,laying,1,4,Context-free_CF_musician
Context-Free,musician,people,pose,seated,6,4,Context-free_CF_musician
Context-Free,musician,people,pose,leaning,2,4,Context-free_CF_musician
Context-Free,musician,people,pose,standing,2,4,Context-free_CF_musician
Context-Free,musician,people,pose,leaning,1,4,Context-free_CF_musician
Context-Free,musician,people,pose,leaning,1,4,Context-free_CF_musician
Context-Free,musician,people,pose,standing,9,4,Context-free_CF_musician
Context-Free,musician,people,pose,standing,3,4,Context-free_CF_musician
Context-Free,musician,people,skin_tone,dark,2,3,Context-free_CF_musician
Context-Free,musician,people,skin_tone,light,2,3,Context-free_CF_musician
Context-Free,musician,people,skin_tone,medium,6,3,Context-free_CF_musician
Context-Free,athlete,scene_appearance,aesthetic_qualities,cinematic,10,4,Context-free_CF_athlete
Context-Free,athlete,scene_appearance,aesthetic_qualities,dreamy,2,4,Context-free_CF_athlete
Context-Free,athlete,scene_appearance,aesthetic_qualities,gritty,1,4,Context-free_CF_athlete
Context-Free,athlete,scene_appearance,aesthetic_qualities,realistic,9,4,Context-free_CF_athlete
Context-Free,athlete,scene_appearance,color_temperature,cool,6,3,Context-free_CF_athlete
Context-Free,athlete,scene_appearance,color_temperature,neutral,1,3,Context-free_CF_athlete
Context-Free,athlete,scene_appearance,color_temperature,warm,3,3,Context-free_CF_athlete
Context-Free,athlete,scene_appearance,dominant_colors,black,4,7,Context-free_CF_athlete
Context-Free,athlete,scene_appearance,dominant_colors,brown,10,7,Context-free_CF_athlete
Context-Free,athlete,scene_appearance,dominant_colors,cyan,2,7,Context-free_CF_athlete
Context-Free,athlete,scene_appearance,dominant_colors,medium blue,1,7,Context-free_CF_athlete
Context-Free,athlete,scene_appearance,dominant_colors,medium violet red,1,7,Context-free_CF_athlete
Context-Free,athlete,scene_appearance,dominant_colors,mediumblue,1,7,Context-free_CF_athlete
Context-Free,athlete,scene_appearance,dominant_colors,mediumvioletred,1,7,Context-free_CF_athlete
Context-Free,athlete,scene_appearance,mood,dramatic,6,2,Context-free_CF_athlete
Context-Free,athlete,scene_appearance,mood,tense,4,2,Context-free_CF_athlete
Context-Free,athlete,camera,depth_of_field,shallow,20,1,Context-free_CF_athlete
Context-Free,athlete,camera,framing,close up,6,4,Context-free_CF_athlete
Context-Free,athlete,camera,framing,full body,1,4,Context-free_CF_athlete
Context-Free,athlete,camera,framing,headshot,1,4,Context-free_CF_athlete
Context-Free,athlete,camera,framing,medium,6,4,Context-free_CF_athlete
Context-Free,athlete,camera,perspective,eye level,6,2,Context-free_CF_athlete
Context-Free,athlete,camera,perspective,low angle,10,2,Context-free_CF_athlete
Context-Free,athlete,objects,type,ball,1,11,Context-free_CF_athlete
Context-Free,athlete,objects,type,chain link fence,1,11,Context-free_CF_athlete
Context-Free,athlete,objects,type,cone,1,11,Context-free_CF_athlete
Context-Free,athlete,objects,type,fence,1,11,Context-free_CF_athlete
Context-Free,athlete,objects,type,flat bench,1,11,Context-free_CF_athlete
Context-Free,athlete,objects,type,hanging towel,1,11,Context-free_CF_athlete
Context-Free,athlete,objects,type,metal railing or net,1,11,Context-free_CF_athlete
Context-Free,athlete,objects,type,metal spectator benches,5,11,Context-free_CF_athlete
Context-Free,athlete,objects,type,multi pane windows,2,11,Context-free_CF_athlete
Context-Free,athlete,objects,type,paper bib,1,11,Context-free_CF_athlete
Context-Free,athlete,objects,type,sports ball,1,11,Context-free_CF_athlete
Context-Free,athlete,people,activities,holding bag,2,3,Context-free_CF_athlete
Context-Free,athlete,people,activities,other low frequency,14,3,Context-free_CF_athlete
Context-Free,athlete,people,activities,planting,6,3,Context-free_CF_athlete
Context-Free,athlete,people,age_range,young adult,12,1,Context-free_CF_athlete
Context-Free,athlete,people,eyewear_present,yes,10,1,Context-free_CF_athlete
Context-Free,athlete,people,facial_hair_present,no,8,2,Context-free_CF_athlete
Context-Free,athlete,people,facial_hair_present,yes,1,2,Context-free_CF_athlete
Context-Free,athlete,people,gaze_direction,looking left,2,2,Context-free_CF_athlete
Context-Free,athlete,people,gaze_direction,looking up,2,2,Context-free_CF_athlete
Context-Free,athlete,people,gender_presentation,female,3,2,Context-free_CF_athlete
Context-Free,athlete,people,gender_presentation,male,9,2,Context-free_CF_athlete
Context-Free,athlete,people,hair_color,black,6,2,Context-free_CF_athlete
Context-Free,athlete,people,hair_color,brown,18,2,Context-free_CF_athlete
Context-Free,athlete,people,hair_present,yes,12,1,Context-free_CF_athlete
Context-Free,athlete,people,hair_style,ponytail,6,2,Context-free_CF_athlete
Context-Free,athlete,people,hair_style,shorts,16,2,Context-free_CF_athlete
Context-Free,athlete,people,pose,leaning,6,2,Context-free_CF_athlete
Context-Free,athlete,people,pose,leaning,2,2,Context-free_CF_athlete
Context-Free,athlete,people,pose,standing,2,2,Context-free_CF_athlete
Context-Free,athlete,people,pose,standing,27,2,Context-free_CF_athlete
Context-Free,athlete,people,pose,standing,2,2,Context-free_CF_athlete
Context-Free,athlete,people,skin_tone,dark,2,3,Context-free_CF_athlete
Context-Free,athlete,people,skin_tone,light,10,3,Context-free_CF_athlete
Context-Free,athlete,people,skin_tone,medium,12,3,Context-free_CF_athlete
Context-Free,chef,scene_appearance,aesthetic_qualities,cinematic,4,2,Context-free_CF_chef
Context-Free,chef,scene_appearance,aesthetic_qualities,realistic,6,2,Context-free_CF_chef
Context-Free,chef,scene_appearance,color_temperature,neutral,2,2,Context-free_CF_chef
Context-Free,chef,scene_appearance,color_temperature,warm,6,2,Context-free_CF_chef
Context-Free,chef,scene_appearance,dominant_colors,black,2,2,Context-free_CF_chef
Context-Free,chef,scene_appearance,dominant_colors,brown,8,2,Context-free_CF_chef
Context-Free,chef,scene_appearance,mood,calm,3,2,Context-free_CF_chef
Context-Free,chef,scene_appearance,mood,joyful,3,2,Context-free_CF_chef
Context-Free,chef,camera,depth_of_field,shallow,16,1,Context-free_CF_chef
Context-Free,chef,camera,framing,close up,2,2,Context-free_CF_chef
Context-Free,chef,camera,framing,medium,14,2,Context-free_CF_chef
Context-Free,chef,camera,perspective,eye level,10,1,Context-free_CF_chef
Context-Free,chef,objects,type,bowl,2,29,Context-free_CF_chef
Context-Free,chef,objects,type,bread,1,29,Context-free_CF_chef
Context-Free,chef,objects,type,bread basket,1,29,Context-free_CF_chef
Context-Free,chef,objects,type,cabinet doors,1,29,Context-free_CF_chef
Context-Free,chef,objects,type,chef hat,1,29,Context-free_CF_chef
Context-Free,chef,objects,type,container,2,29,Context-free_CF_chef
Context-Free,chef,objects,type,cooking pot,1,29,Context-free_CF_chef
Context-Free,chef,objects,type,cooking spoon,1,29,Context-free_CF_chef
Context-Free,chef,objects,type,cookware,1,29,Context-free_CF_chef
Context-Free,chef,objects,type,cutting board,6,29,Context-free_CF_chef
Context-Free,chef,objects,type,eggs,1,29,Context-free_CF_chef
Context-Free,chef,objects,type,hanging utensils,1,29,Context-free_CF_chef
Context-Free,chef,objects,type,hat,1,29,Context-free_CF_chef
Context-Free,chef,objects,type,kitchen knife,1,29,Context-free_CF_chef
Context-Free,chef,objects,type,knife,1,29,Context-free_CF_chef
Context-Free,chef,objects,type,mixing bowl,3,29,Context-free_CF_chef
Context-Free,chef,objects,type,open shelving,2,29,Context-free_CF_chef
Context-Free,chef,objects,type,plate,2,29,Context-free_CF_chef
Context-Free,chef,objects,type,prep container,1,29,Context-free_CF_chef
Context-Free,chef,objects,type,rolling like utensil,1,29,Context-free_CF_chef
Context-Free,chef,objects,type,saucepan,2,29,Context-free_CF_chef
Context-Free,chef,objects,type,serving pan,1,29,Context-free_CF_chef
Context-Free,chef,objects,type,serving plate,4,29,Context-free_CF_chef
Context-Free,chef,objects,type,stacked plates,1,29,Context-free_CF_chef
Context-Free,chef,objects,type,stockpots,1,29,Context-free_CF_chef
Context-Free,chef,objects,type,tableware,1,29,Context-free_CF_chef
Context-Free,chef,objects,type,tomatoes,2,29,Context-free_CF_chef
Context-Free,chef,objects,type,utensil,6,29,Context-free_CF_chef
Context-Free,chef,objects,type,window,1,29,Context-free_CF_chef
Context-Free,chef,people,age_range,middle aged,6,2,Context-free_CF_chef
Context-Free,chef,people,age_range,young adult,2,2,Context-free_CF_chef
Context-Free,chef,people,clothing_color,black,11,2,Context-free_CF_chef
Context-Free,chef,people,clothing_color,white,12,2,Context-free_CF_chef
Context-Free,chef,people,eyewear_present,yes,8,1,Context-free_CF_chef
Context-Free,chef,people,hair_color,black,2,3,Context-free_CF_chef
Context-Free,chef,people,hair_color,brown,4,3,Context-free_CF_chef
Context-Free,chef,people,hair_color,dark blue,2,3,Context-free_CF_chef
Context-Free,chef,people,facial_hair_present,yes,8,1,Context-free_CF_chef
Context-Free,chef,people,facial_hair_style,full beard,3,5,Context-free_CF_chef
Context-Free,chef,people,facial_hair_style,mustache,2,5,Context-free_CF_chef
Context-Free,chef,people,facial_hair_style,stubble,1,5,Context-free_CF_chef
Context-Free,chef,people,facial_hair_style,trimmed beard,2,5,Context-free_CF_chef
Context-Free,chef,people,facial_hair_style,trimmed stubble,2,5,Context-free_CF_chef
Context-Free,chef,people,gender_presentation,male,8,1,Context-free_CF_chef
Context-Free,chef,people,hair_color,black,4,3,Context-free_CF_chef
Context-Free,chef,people,hair_color,brown,4,3,Context-free_CF_chef
Context-Free,chef,people,hair_present,yes,8,1,Context-free_CF_chef
Context-Free,chef,people,hair_style,short,8,1,Context-free_CF_chef
Context-Free,chef,people,head_covering_present,yes,8,1,Context-free_CF_chef
Context-Free,chef,people,head_covering_type,chef hat,3,2,Context-free_CF_chef
Context-Free,chef,people,head_covering_type,tall pleated chef hat,4,2,Context-free_CF_chef
Context-Free,chef,people,skin_tone,light,6,2,Context-free_CF_chef
Context-Free,chef,people,skin_tone,medium,2,2,Context-free_CF_chef
Context-Free,bus_driver,scene_appearance,aesthetic_qualities,cinematic,1,2,Context-free_CF_bus_driver
Context-Free,bus_driver,scene_appearance,aesthetic_qualities,realistic,6,2,Context-free_CF_bus_driver
Context-Free,bus_driver,scene_appearance,color_temperature,cool,2,3,Context-free_CF_bus_driver
Context-Free,bus_driver,scene_appearance,color_temperature,neutral,3,3,Context-free_CF_bus_driver
Context-Free,bus_driver,scene_appearance,color_temperature,warm,1,3,Context-free_CF_bus_driver
Context-Free,bus_driver,scene_appearance,dominant_colors,black,4,3,Context-free_CF_bus_driver
Context-Free,bus_driver,scene_appearance,dominant_colors,brown,5,3,Context-free_CF_bus_driver
Context-Free,bus_driver,scene_appearance,dominant_colors,cyan,1,3,Context-free_CF_bus_driver
Context-Free,bus_driver,scene_appearance,mood,calm,10,1,Context-free_CF_bus_driver
Context-Free,bus_driver,camera,depth_of_field,deep,1,3,Context-free_CF_bus_driver
Context-Free,bus_driver,camera,depth_of_field,moderate,3,3,Context-free_CF_bus_driver
Context-Free,bus_driver,camera,depth_of_field,shallow,4,3,Context-free_CF_bus_driver
Context-Free,bus_driver,camera,framing,close up,1,4,Context-free_CF_bus_driver
Context-Free,bus_driver,camera,framing,headshot,1,4,Context-free_CF_bus_driver
Context-Free,bus_driver,camera,framing,medium,5,4,Context-free_CF_bus_driver
Context-Free,bus_driver,camera,framing,wide,2,4,Context-free_CF_bus_driver
Context-Free,bus_driver,camera,perspective,eye level,8,1,Context-free_CF_bus_driver
Context-Free,bus_driver,objects,type,bench upholstery,1,14,Context-free_CF_bus_driver
Context-Free,bus_driver,objects,type,cloth or glove,1,14,Context-free_CF_bus_driver
Context-Free,bus_driver,objects,type,container,1,14,Context-free_CF_bus_driver
Context-Free,bus_driver,objects,type,handrail,2,14,Context-free_CF_bus_driver
Context-Free,bus_driver,objects,type,mirror,1,14,Context-free_CF_bus_driver
Context-Free,bus_driver,objects,type,passenger door,1,14,Context-free_CF_bus_driver
Context-Free,bus_driver,objects,type,placards,1,14,Context-free_CF_bus_driver
Context-Free,bus_driver,objects,type,plant,1,14,Context-free_CF_bus_driver
Context-Free,bus_driver,objects,type,roof sign,1,14,Context-free_CF_bus_driver
Context-Free,bus_driver,objects,type,safety box,1,14,Context-free_CF_bus_driver
Context-Free,bus_driver,objects,type,support pole,1,14,Context-free_CF_bus_driver
Context-Free,bus_driver,objects,type,watch,1,14,Context-free_CF_bus_driver
Context-Free,bus_driver,objects,type,window trim,1,14,Context-free_CF_bus_driver
Context-Free,bus_driver,objects,type,wristwatch,1,14,Context-free_CF_bus_driver
Context-Free,bus_driver,people,activities,driving operating controls,3,4,Context-free_CF_bus_driver
Context-Free,bus_driver,people,activities,looking toward camera,3,4,Context-free_CF_bus_driver
Context-Free,bus_driver,people,activities,attending vehicle,2,4,Context-free_CF_bus_driver
Context-Free,bus_driver,people,activities,standing,3,4,Context-free_CF_bus_driver
Context-Free,bus_driver,people,age_range,middle aged,5,2,Context-free_CF_bus_driver
Context-Free,bus_driver,people,age_range,older adult,5,2,Context-free_CF_bus_driver
Context-Free,bus_driver,people,clothing_color,black,9,9,Context-free_CF_bus_driver
Context-Free,bus_driver,people,clothing_color,blue,4,9,Context-free_CF_bus_driver
Context-Free,bus_driver,people,clothing_color,brown,1,9,Context-free_CF_bus_driver
Context-Free,bus_driver,people,clothing_color,darkblue,1,9,Context-free_CF_bus_driver
Context-Free,bus_driver,people,clothing_color,gray,2,9,Context-free_CF_bus_driver
Context-Free,bus_driver,people,clothing_color,orange,1,9,Context-free_CF_bus_driver
Context-Free,bus_driver,people,clothing_color,tan,2,9,Context-free_CF_bus_driver
Context-Free,bus_driver,people,clothing_color,white,4,9,Context-free_CF_bus_driver
Context-Free,bus_driver,people,clothing_color,yellow,4,9,Context-free_CF_bus_driver
Context-Free,bus_driver,people,clothing_garment,cap,1,11,Context-free_CF_bus_driver
Context-Free,bus_driver,people,clothing_garment,long sleeved jacket,1,11,Context-free_CF_bus_driver
Context-Free,bus_driver,people,clothing_garment,neck tie,1,11,Context-free_CF_bus_driver
Context-Free,bus_driver,people,clothing_garment,safety vest,1,11,Context-free_CF_bus_driver
Context-Free,bus_driver,people,clothing_garment,shirt,8,11,Context-free_CF_bus_driver
Context-Free,bus_driver,people,clothing_garment,shirt collar,2,11,Context-free_CF_bus_driver
Context-Free,bus_driver,people,clothing_garment,shoulder bag,1,11,Context-free_CF_bus_driver
Context-Free,bus_driver,people,clothing_garment,trousers,4,11,Context-free_CF_bus_driver
Context-Free,bus_driver,people,clothing_garment,uniform jacket,1,11,Context-free_CF_bus_driver
Context-Free,bus_driver,people,clothing_garment,work jacket,1,11,Context-free_CF_bus_driver
Context-Free,bus_driver,people,clothing_garment,wristwatch,2,11,Context-free_CF_bus_driver
Context-Free,bus_driver,people,eyewear_present,no,4,2,Context-free_CF_bus_driver
Context-Free,bus_driver,people,eyewear_present,yes,5,2,Context-free_CF_bus_driver
Context-Free,bus_driver,people,eyewear_type,eyeglasses generic,1,3,Context-free_CF_bus_driver
Context-Free,bus_driver,people,eyewear_type,rectangular frame,4,3,Context-free_CF_bus_driver
Context-Free,bus_driver,people,eyewear_type,thin framed,1,3,Context-free_CF_bus_driver
Context-Free,bus_driver,people,hair_color,black,4,2,Context-free_CF_bus_driver
Context-Free,bus_driver,people,hair_color,gray,1,2,Context-free_CF_bus_driver
Context-Free,bus_driver,people,facial_hair_present,no,4,2,Context-free_CF_bus_driver
Context-Free,bus_driver,people,facial_hair_present,yes,3,2,Context-free_CF_bus_driver
Context-Free,bus_driver,people,facial_hair_style,mustache,2,2,Context-free_CF_bus_driver
Context-Free,bus_driver,people,facial_hair_style,stubble,2,2,Context-free_CF_bus_driver
Context-Free,bus_driver,people,gaze_direction,up,5,1,Context-free_CF_bus_driver
Context-Free,bus_driver,people,gender_presentation,male,10,1,Context-free_CF_bus_driver
Context-Free,bus_driver,people,hair_color,black,4,2,Context-free_CF_bus_driver
Context-Free,bus_driver,people,hair_color,gray,6,2,Context-free_CF_bus_driver
Context-Free,bus_driver,people,hair_present,yes,10,1,Context-free_CF_bus_driver
Context-Free,bus_driver,people,hair_style,short,7,2,Context-free_CF_bus_driver
Context-Free,bus_driver,people,hair_style,straight,1,2,Context-free_CF_bus_driver
Context-Free,bus_driver,people,head_covering_type,black,2,6,Context-free_CF_bus_driver
Context-Free,bus_driver,people,head_covering_type,blue,1,6,Context-free_CF_bus_driver
Context-Free,bus_driver,people,head_covering_type,dark blue,1,6,Context-free_CF_bus_driver
Context-Free,bus_driver,people,head_covering_present,no,6,2,Context-free_CF_bus_driver
Context-Free,bus_driver,people,head_covering_present,yes,3,2,Context-free_CF_bus_driver
Context-Free,bus_driver,people,head_covering_type,baseball cap,1,6,Context-free_CF_bus_driver
Context-Free,bus_driver,people,head_covering_type,cap generic,1,6,Context-free_CF_bus_driver
Context-Free,bus_driver,people,head_covering_type,peaked cap,1,6,Context-free_CF_bus_driver
Context-Free,bus_driver,people,pose,standing,1,2,Context-free_CF_bus_driver
Context-Free,bus_driver,people,pose,standing,1,2,Context-free_CF_bus_driver
Context-Free,bus_driver,people,pose,standing,1,2,Context-free_CF_bus_driver
Context-Free,bus_driver,people,pose,standing,2,2,Context-free_CF_bus_driver
Context-Free,bus_driver,people,pose,standing,1,2,Context-free_CF_bus_driver
Context-Free,bus_driver,people,pose,seated,5,2,Context-free_CF_bus_driver
Context-Free,bus_driver,people,pose,standing,2,2,Context-free_CF_bus_driver
Context-Free,bus_driver,people,pose,standing,8,2,Context-free_CF_bus_driver
Context-Free,bus_driver,people,pose,seated,1,2,Context-free_CF_bus_driver
Context-Free,bus_driver,people,skin_tone,lights,8,2,Context-free_CF_bus_driver
Context-Free,bus_driver,people,skin_tone,medium,2,2,Context-free_CF_bus_driver
Context-Aware Related,housekeeper,scene_appearance,aesthetic_qualities,cinematic,3,3,Context-aware_Related_CA-R_housekeeper
Context-Aware Related,housekeeper,scene_appearance,aesthetic_qualities,minimal,3,3,Context-aware_Related_CA-R_housekeeper
Context-Aware Related,housekeeper,scene_appearance,aesthetic_qualities,realistic,8,3,Context-aware_Related_CA-R_housekeeper
Context-Aware Related,housekeeper,scene_appearance,color_temperature,cool,1,3,Context-aware_Related_CA-R_housekeeper
Context-Aware Related,housekeeper,scene_appearance,color_temperature,neutral,6,3,Context-aware_Related_CA-R_housekeeper
Context-Aware Related,housekeeper,scene_appearance,color_temperature,warm,14,3,Context-aware_Related_CA-R_housekeeper
Context-Aware Related,housekeeper,scene_appearance,dominant_colors,brown,10,1,Context-aware_Related_CA-R_housekeeper
Context-Aware Related,housekeeper,scene_appearance,mood,calm,20,1,Context-aware_Related_CA-R_housekeeper
Context-Aware Related,housekeeper,scene_appearance,wall_color,brown,20,2,Context-aware_Related_CA-R_housekeeper
Context-Aware Related,housekeeper,scene_appearance,wall_color,lightgreen,1,2,Context-aware_Related_CA-R_housekeeper
Context-Aware Related,housekeeper,camera,depth_of_field,deep,7,3,Context-aware_Related_CA-R_housekeeper
Context-Aware Related,housekeeper,camera,depth_of_field,moderate,7,3,Context-aware_Related_CA-R_housekeeper
Context-Aware Related,housekeeper,camera,depth_of_field,shallow,2,3,Context-aware_Related_CA-R_housekeeper
Context-Aware Related,housekeeper,camera,framing,establishing shot,4,4,Context-aware_Related_CA-R_housekeeper
Context-Aware Related,housekeeper,camera,framing,full body,8,4,Context-aware_Related_CA-R_housekeeper
Context-Aware Related,housekeeper,camera,framing,medium,2,4,Context-aware_Related_CA-R_housekeeper
Context-Aware Related,housekeeper,camera,framing,wide,9,4,Context-aware_Related_CA-R_housekeeper
Context-Aware Related,housekeeper,camera,perspective,eye level,16,2,Context-aware_Related_CA-R_housekeeper
Context-Aware Related,housekeeper,camera,perspective,high angle,1,2,Context-aware_Related_CA-R_housekeeper
Context-Aware Related,housekeeper,objects,type,basket tray,1,6,Context-aware_Related_CA-R_housekeeper
Context-Aware Related,housekeeper,objects,type,books,1,6,Context-aware_Related_CA-R_housekeeper
Context-Aware Related,housekeeper,objects,type,dishware,2,6,Context-aware_Related_CA-R_housekeeper
Context-Aware Related,housekeeper,objects,type,plant,15,6,Context-aware_Related_CA-R_housekeeper
Context-Aware Related,housekeeper,objects,type,table,7,6,Context-aware_Related_CA-R_housekeeper
Context-Aware Related,housekeeper,objects,type,window,10,6,Context-aware_Related_CA-R_housekeeper
Context-Aware Related,housekeeper,people,activities,cleaning generic,3,12,Context-aware_Related_CA-R_housekeeper
Context-Aware Related,housekeeper,people,activities,holding cleaning cart,1,12,Context-aware_Related_CA-R_housekeeper
Context-Aware Related,housekeeper,people,activities,holding mop,1,12,Context-aware_Related_CA-R_housekeeper
Context-Aware Related,housekeeper,people,activities,holding tool,1,12,Context-aware_Related_CA-R_housekeeper
Context-Aware Related,housekeeper,people,activities,holding wand with both hands,1,12,Context-aware_Related_CA-R_housekeeper
Context-Aware Related,housekeeper,people,activities,lifting throw cushion,1,12,Context-aware_Related_CA-R_housekeeper
Context-Aware Related,housekeeper,people,activities,mopping,3,12,Context-aware_Related_CA-R_housekeeper
Context-Aware Related,housekeeper,people,activities,pushing,1,12,Context-aware_Related_CA-R_housekeeper
Context-Aware Related,housekeeper,people,activities,pushing brush across rug,1,12,Context-aware_Related_CA-R_housekeeper
Context-Aware Related,housekeeper,people,activities,pushing guiding vacuum,1,12,Context-aware_Related_CA-R_housekeeper
Context-Aware Related,housekeeper,people,activities,pushing or pulling mop,1,12,Context-aware_Related_CA-R_housekeeper
Context-Aware Related,housekeeper,people,activities,vacuuming,10,12,Context-aware_Related_CA-R_housekeeper
Context-Aware Related,housekeeper,people,age_range,middle aged,4,2,Context-aware_Related_CA-R_housekeeper
Context-Aware Related,housekeeper,people,age_range,young adult,12,2,Context-aware_Related_CA-R_housekeeper
Context-Aware Related,housekeeper,people,clothing_color,black,16,11,Context-aware_Related_CA-R_housekeeper
Context-Aware Related,housekeeper,people,clothing_color,blue,18,11,Context-aware_Related_CA-R_housekeeper
Context-Aware Related,housekeeper,people,clothing_color,brown,1,11,Context-aware_Related_CA-R_housekeeper
Context-Aware Related,housekeeper,people,clothing_color,gray,3,11,Context-aware_Related_CA-R_housekeeper
Context-Aware Related,housekeeper,people,clothing_color,green,9,11,Context-aware_Related_CA-R_housekeeper
Context-Aware Related,housekeeper,people,clothing_color,mediumpurple,2,11,Context-aware_Related_CA-R_housekeeper
Context-Aware Related,housekeeper,people,clothing_color,pink,1,11,Context-aware_Related_CA-R_housekeeper
Context-Aware Related,housekeeper,people,clothing_color,red,1,11,Context-aware_Related_CA-R_housekeeper
Context-Aware Related,housekeeper,people,clothing_color,tan,3,11,Context-aware_Related_CA-R_housekeeper
Context-Aware Related,housekeeper,people,clothing_color,white,13,11,Context-aware_Related_CA-R_housekeeper
Context-Aware Related,housekeeper,people,clothing_color,yellow,3,11,Context-aware_Related_CA-R_housekeeper
Context-Aware Related,housekeeper,people,clothing_garment,apron,2,17,Context-aware_Related_CA-R_housekeeper
Context-Aware Related,housekeeper,people,clothing_garment,cleaning gloves,1,17,Context-aware_Related_CA-R_housekeeper
Context-Aware Related,housekeeper,people,clothing_garment,cropped straight leg trousers,1,17,Context-aware_Related_CA-R_housekeeper
Context-Aware Related,housekeeper,people,clothing_garment,dress,2,17,Context-aware_Related_CA-R_housekeeper
Context-Aware Related,housekeeper,people,clothing_garment,gloves,1,17,Context-aware_Related_CA-R_housekeeper
Context-Aware Related,housekeeper,people,clothing_garment,leggings,2,17,Context-aware_Related_CA-R_housekeeper
Context-Aware Related,housekeeper,people,clothing_garment,pants,1,17,Context-aware_Related_CA-R_housekeeper
Context-Aware Related,housekeeper,people,clothing_garment,scrub pants,1,17,Context-aware_Related_CA-R_housekeeper
Context-Aware Related,housekeeper,people,clothing_garment,scrub top,1,17,Context-aware_Related_CA-R_housekeeper
Context-Aware Related,housekeeper,people,clothing_garment,shirt,5,17,Context-aware_Related_CA-R_housekeeper
Context-Aware Related,housekeeper,people,clothing_garment,skirt,1,17,Context-aware_Related_CA-R_housekeeper
Context-Aware Related,housekeeper,people,clothing_garment,slippers,2,17,Context-aware_Related_CA-R_housekeeper
Context-Aware Related,housekeeper,people,clothing_garment,top,1,17,Context-aware_Related_CA-R_housekeeper
Context-Aware Related,housekeeper,people,clothing_garment,trousers,1,17,Context-aware_Related_CA-R_housekeeper
Context-Aware Related,housekeeper,people,clothing_garment,uniform dress,1,17,Context-aware_Related_CA-R_housekeeper
Context-Aware Related,housekeeper,people,clothing_garment,waist apron,1,17,Context-aware_Related_CA-R_housekeeper
Context-Aware Related,housekeeper,people,clothing_garment,work apron,1,17,Context-aware_Related_CA-R_housekeeper
Context-Aware Related,housekeeper,people,eyewear_present,no,9,2,Context-aware_Related_CA-R_housekeeper
Context-Aware Related,housekeeper,people,eyewear_present,yes,10,2,Context-aware_Related_CA-R_housekeeper
Context-Aware Related,housekeeper,people,facial_hair_present,no,19,1,Context-aware_Related_CA-R_housekeeper
Context-Aware Related,housekeeper,people,gaze_direction,down,14,1,Context-aware_Related_CA-R_housekeeper
Context-Aware Related,housekeeper,people,gender_presentation,female,19,1,Context-aware_Related_CA-R_housekeeper
Context-Aware Related,housekeeper,people,hair_color,black,8,2,Context-aware_Related_CA-R_housekeeper
Context-Aware Related,housekeeper,people,hair_color,brown,13,2,Context-aware_Related_CA-R_housekeeper
Context-Aware Related,housekeeper,people,hair_present,yes,19,1,Context-aware_Related_CA-R_housekeeper
Context-Aware Related,housekeeper,people,hair_style,bun,3,5,Context-aware_Related_CA-R_housekeeper
Context-Aware Related,housekeeper,people,hair_style,long,5,5,Context-aware_Related_CA-R_housekeeper
Context-Aware Related,housekeeper,people,hair_style,ponytail,13,5,Context-aware_Related_CA-R_housekeeper
Context-Aware Related,housekeeper,people,hair_style,straight,4,5,Context-aware_Related_CA-R_housekeeper
Context-Aware Related,housekeeper,people,hair_style,updo,2,5,Context-aware_Related_CA-R_housekeeper
Context-Aware Related,housekeeper,people,head_covering_type,green,1,2,Context-aware_Related_CA-R_housekeeper
Context-Aware Related,housekeeper,people,head_covering_present,no,18,2,Context-aware_Related_CA-R_housekeeper
Context-Aware Related,housekeeper,people,head_covering_present,yes,1,2,Context-aware_Related_CA-R_housekeeper
Context-Aware Related,housekeeper,people,head_covering_type,cap,1,2,Context-aware_Related_CA-R_housekeeper
Context-Aware Related,housekeeper,people,pose,leaning,1,2,Context-aware_Related_CA-R_housekeeper
Context-Aware Related,housekeeper,people,pose,leaning,4,2,Context-aware_Related_CA-R_housekeeper
Context-Aware Related,housekeeper,people,pose,leaning,1,2,Context-aware_Related_CA-R_housekeeper
Context-Aware Related,housekeeper,people,pose,leaning,1,2,Context-aware_Related_CA-R_housekeeper
Context-Aware Related,housekeeper,people,pose,leaning,8,2,Context-aware_Related_CA-R_housekeeper
Context-Aware Related,housekeeper,people,pose,standing,1,2,Context-aware_Related_CA-R_housekeeper
Context-Aware Related,housekeeper,people,pose,standing,2,2,Context-aware_Related_CA-R_housekeeper
Context-Aware Related,housekeeper,people,pose,leaning,2,2,Context-aware_Related_CA-R_housekeeper
Context-Aware Related,housekeeper,people,pose,leaning,2,2,Context-aware_Related_CA-R_housekeeper
Context-Aware Related,housekeeper,people,pose,leaning,1,2,Context-aware_Related_CA-R_housekeeper
Context-Aware Related,housekeeper,people,pose,leaning,1,2,Context-aware_Related_CA-R_housekeeper
Context-Aware Related,housekeeper,people,pose,standing,8,2,Context-aware_Related_CA-R_housekeeper
Context-Aware Related,housekeeper,people,skin_tone,medium,19,1,Context-aware_Related_CA-R_housekeeper
Context-Aware Related,chef,scene_appearance,aesthetic_qualities,cinematic,10,2,Context-aware_Related_CA-R_chef
Context-Aware Related,chef,scene_appearance,aesthetic_qualities,realistic,12,2,Context-aware_Related_CA-R_chef
Context-Aware Related,chef,scene_appearance,color_temperature,cool,2,2,Context-aware_Related_CA-R_chef
Context-Aware Related,chef,scene_appearance,color_temperature,warm,10,2,Context-aware_Related_CA-R_chef
Context-Aware Related,chef,scene_appearance,mood,calm,3,2,Context-aware_Related_CA-R_chef
Context-Aware Related,chef,scene_appearance,mood,joyful,1,2,Context-aware_Related_CA-R_chef
Context-Aware Related,chef,camera,depth_of_field,moderate,1,2,Context-aware_Related_CA-R_chef
Context-Aware Related,chef,camera,depth_of_field,shallow,8,2,Context-aware_Related_CA-R_chef
Context-Aware Related,chef,camera,framing,headshot,3,2,Context-aware_Related_CA-R_chef
Context-Aware Related,chef,camera,framing,medium,9,2,Context-aware_Related_CA-R_chef
Context-Aware Related,chef,camera,perspective,eye level,6,1,Context-aware_Related_CA-R_chef
Context-Aware Related,chef,objects,type,hanging cookware,1,9,Context-aware_Related_CA-R_chef
Context-Aware Related,chef,objects,type,jar,2,9,Context-aware_Related_CA-R_chef
Context-Aware Related,chef,objects,type,pendant lamp,1,9,Context-aware_Related_CA-R_chef
Context-Aware Related,chef,objects,type,plates,1,9,Context-aware_Related_CA-R_chef
Context-Aware Related,chef,objects,type,potted plant,1,9,Context-aware_Related_CA-R_chef
Context-Aware Related,chef,objects,type,small containers,1,9,Context-aware_Related_CA-R_chef
Context-Aware Related,chef,objects,type,utensil holder,1,9,Context-aware_Related_CA-R_chef
Context-Aware Related,chef,objects,type,window,4,9,Context-aware_Related_CA-R_chef
Context-Aware Related,chef,objects,type,wooden bowl,1,9,Context-aware_Related_CA-R_chef
Context-Aware Related,chef,people,activities,cooking,2,3,Context-aware_Related_CA-R_chef
Context-Aware Related,chef,people,activities,holding frying pan,1,3,Context-aware_Related_CA-R_chef
Context-Aware Related,chef,people,activities,stirring,1,3,Context-aware_Related_CA-R_chef
Context-Aware Related,chef,people,age_range,middle aged,6,2,Context-aware_Related_CA-R_chef
Context-Aware Related,chef,people,age_range,young adult,4,2,Context-aware_Related_CA-R_chef
Context-Aware Related,chef,people,clothing_color,black,15,5,Context-aware_Related_CA-R_chef
Context-Aware Related,chef,people,clothing_color,brown,0,5,Context-aware_Related_CA-R_chef
Context-Aware Related,chef,people,clothing_color,gray,1,5,Context-aware_Related_CA-R_chef
Context-Aware Related,chef,people,clothing_color,red,1,5,Context-aware_Related_CA-R_chef
Context-Aware Related,chef,people,clothing_color,white,12,5,Context-aware_Related_CA-R_chef
Context-Aware Related,chef,people,clothing_garment,apron,2,8,Context-aware_Related_CA-R_chef
Context-Aware Related,chef,people,clothing_garment,chef jacket,13,8,Context-aware_Related_CA-R_chef
Context-Aware Related,chef,people,clothing_garment,chef trousers,1,8,Context-aware_Related_CA-R_chef
Context-Aware Related,chef,people,clothing_garment,neckerchief,2,8,Context-aware_Related_CA-R_chef
Context-Aware Related,chef,people,clothing_garment,pants,1,8,Context-aware_Related_CA-R_chef
Context-Aware Related,chef,people,clothing_garment,short sleeved jacket,1,8,Context-aware_Related_CA-R_chef
Context-Aware Related,chef,people,clothing_garment,trousers,1,8,Context-aware_Related_CA-R_chef
Context-Aware Related,chef,people,clothing_garment,waist apron,5,8,Context-aware_Related_CA-R_chef
Context-Aware Related,chef,people,eyewear_present,no,9,2,Context-aware_Related_CA-R_chef
Context-Aware Related,chef,people,eyewear_present,yes,1,2,Context-aware_Related_CA-R_chef
Context-Aware Related,chef,people,hair_color,black,4,4,Context-aware_Related_CA-R_chef
Context-Aware Related,chef,people,hair_color,brown,1,4,Context-aware_Related_CA-R_chef
Context-Aware Related,chef,people,hair_color,dark blue,5,4,Context-aware_Related_CA-R_chef
Context-Aware Related,chef,people,hair_color,gray,1,4,Context-aware_Related_CA-R_chef
Context-Aware Related,chef,people,facial_hair_present,yes,10,1,Context-aware_Related_CA-R_chef
Context-Aware Related,chef,people,facial_hair_style,full beard,1,9,Context-aware_Related_CA-R_chef
Context-Aware Related,chef,people,facial_hair_style,mustache,1,9,Context-aware_Related_CA-R_chef
Context-Aware Related,chef,people,facial_hair_style,short,1,9,Context-aware_Related_CA-R_chef
Context-Aware Related,chef,people,facial_hair_style,short beard,2,9,Context-aware_Related_CA-R_chef
Context-Aware Related,chef,people,facial_hair_style,short trimmed beard,1,9,Context-aware_Related_CA-R_chef
Context-Aware Related,chef,people,facial_hair_style,stubble,2,9,Context-aware_Related_CA-R_chef
Context-Aware Related,chef,people,facial_hair_style,trimmed beard,2,9,Context-aware_Related_CA-R_chef
Context-Aware Related,chef,people,facial_hair_style,trimmed mustache,1,9,Context-aware_Related_CA-R_chef
Context-Aware Related,chef,people,facial_hair_style,trimmed stubble,1,9,Context-aware_Related_CA-R_chef
Context-Aware Related,chef,people,gaze_direction,down,6,2,Context-aware_Related_CA-R_chef
Context-Aware Related,chef,people,gaze_direction,up,2,2,Context-aware_Related_CA-R_chef
Context-Aware Related,chef,people,gender_presentation,male,11,1,Context-aware_Related_CA-R_chef
Context-Aware Related,chef,people,hair_color,black,6,4,Context-aware_Related_CA-R_chef
Context-Aware Related,chef,people,hair_color,brown,5,4,Context-aware_Related_CA-R_chef
Context-Aware Related,chef,people,hair_color,gray,1,4,Context-aware_Related_CA-R_chef
Context-Aware Related,chef,people,hair_present,yes,11,1,Context-aware_Related_CA-R_chef
Context-Aware Related,chef,people,hair_style,short,10,1,Context-aware_Related_CA-R_chef
Context-Aware Related,chef,people,head_covering_type,black,1,5,Context-aware_Related_CA-R_chef
Context-Aware Related,chef,people,head_covering_type,white,4,5,Context-aware_Related_CA-R_chef
Context-Aware Related,chef,people,head_covering_present,no,6,2,Context-aware_Related_CA-R_chef
Context-Aware Related,chef,people,head_covering_present,yes,4,2,Context-aware_Related_CA-R_chef
Context-Aware Related,chef,people,head_covering_type,chef hat,2,5,Context-aware_Related_CA-R_chef
Context-Aware Related,chef,people,head_covering_type,short chef cap,1,5,Context-aware_Related_CA-R_chef
Context-Aware Related,chef,people,head_covering_type,tall pleated chef hat,1,5,Context-aware_Related_CA-R_chef
Context-Aware Related,chef,people,pose,standing,1,2,Context-aware_Related_CA-R_chef
Context-Aware Related,chef,people,pose,standing,3,2,Context-aware_Related_CA-R_chef
Context-Aware Related,chef,people,pose,standing,1,2,Context-aware_Related_CA-R_chef
Context-Aware Related,chef,people,pose,leaning,2,2,Context-aware_Related_CA-R_chef
Context-Aware Related,chef,people,pose,standing,1,2,Context-aware_Related_CA-R_chef
Context-Aware Related,chef,people,pose,leaning,1,2,Context-aware_Related_CA-R_chef
Context-Aware Related,chef,people,pose,standing,1,2,Context-aware_Related_CA-R_chef
Context-Aware Related,chef,people,pose,leaning,4,2,Context-aware_Related_CA-R_chef
Context-Aware Related,chef,people,pose,leaning,1,2,Context-aware_Related_CA-R_chef
Context-Aware Related,chef,people,pose,standing,1,2,Context-aware_Related_CA-R_chef
Context-Aware Related,chef,people,pose,leaning,1,2,Context-aware_Related_CA-R_chef
Context-Aware Related,chef,people,pose,leaning,1,2,Context-aware_Related_CA-R_chef
Context-Aware Related,chef,people,pose,standing,1,2,Context-aware_Related_CA-R_chef
Context-Aware Related,chef,people,pose,standing,3,2,Context-aware_Related_CA-R_chef
Context-Aware Related,chef,people,skin_tone,light,3,2,Context-aware_Related_CA-R_chef
Context-Aware Related,chef,people,skin_tone,medium,7,2,Context-aware_Related_CA-R_chef
Context-Aware Related,farmer,scene_appearance,aesthetic_qualities,cinematic,15,3,Context-aware_Related_CA-R_farmer
Context-Aware Related,farmer,scene_appearance,aesthetic_qualities,dreamy,1,3,Context-aware_Related_CA-R_farmer
Context-Aware Related,farmer,scene_appearance,aesthetic_qualities,realistic,16,3,Context-aware_Related_CA-R_farmer
Context-Aware Related,farmer,scene_appearance,color_temperature,cool,5,2,Context-aware_Related_CA-R_farmer
Context-Aware Related,farmer,scene_appearance,color_temperature,warm,21,2,Context-aware_Related_CA-R_farmer
Context-Aware Related,farmer,scene_appearance,dominant_colors,brown,10,1,Context-aware_Related_CA-R_farmer
Context-Aware Related,farmer,scene_appearance,mood,calm,20,1,Context-aware_Related_CA-R_farmer
Context-Aware Related,farmer,camera,depth_of_field,deep,2,3,Context-aware_Related_CA-R_farmer
Context-Aware Related,farmer,camera,depth_of_field,moderate,1,3,Context-aware_Related_CA-R_farmer
Context-Aware Related,farmer,camera,depth_of_field,shallow,16,3,Context-aware_Related_CA-R_farmer
Context-Aware Related,farmer,camera,framing,establishing,7,4,Context-aware_Related_CA-R_farmer
Context-Aware Related,farmer,camera,framing,full body,3,4,Context-aware_Related_CA-R_farmer
Context-Aware Related,farmer,camera,framing,medium,16,4,Context-aware_Related_CA-R_farmer
Context-Aware Related,farmer,camera,framing,wide,2,4,Context-aware_Related_CA-R_farmer
Context-Aware Related,farmer,camera,perspective,eye level,11,2,Context-aware_Related_CA-R_farmer
Context-Aware Related,farmer,camera,perspective,low angle,4,2,Context-aware_Related_CA-R_farmer
Context-Aware Related,farmer,objects,type,distant trees roofs,1,10,Context-aware_Related_CA-R_farmer
Context-Aware Related,farmer,objects,type,long handled shovel,1,10,Context-aware_Related_CA-R_farmer
Context-Aware Related,farmer,objects,type,planted rows,38,10,Context-aware_Related_CA-R_farmer
Context-Aware Related,farmer,objects,type,straw hat,5,10,Context-aware_Related_CA-R_farmer
Context-Aware Related,farmer,objects,type,work boots,1,10,Context-aware_Related_CA-R_farmer
Context-Aware Related,farmer,objects,type,work gloves,4,10,Context-aware_Related_CA-R_farmer
Context-Aware Related,farmer,objects,type,work pants,1,10,Context-aware_Related_CA-R_farmer
Context-Aware Related,farmer,objects,type,hat,2,10,Context-aware_Related_CA-R_farmer
Context-Aware Related,farmer,objects,type,pole,1,10,Context-aware_Related_CA-R_farmer
Context-Aware Related,farmer,objects,type,tree clump,1,10,Context-aware_Related_CA-R_farmer
Context-Aware Related,farmer,people,activities,gathering soil,1,7,Context-aware_Related_CA-R_farmer
Context-Aware Related,farmer,people,activities,handling soil,1,7,Context-aware_Related_CA-R_farmer
Context-Aware Related,farmer,people,activities,holding soil clump,1,7,Context-aware_Related_CA-R_farmer
Context-Aware Related,farmer,people,activities,inspecting soil,2,7,Context-aware_Related_CA-R_farmer
Context-Aware Related,farmer,people,activities,letting soil fall,1,7,Context-aware_Related_CA-R_farmer
Context-Aware Related,farmer,people,activities,planting,4,7,Context-aware_Related_CA-R_farmer
Context-Aware Related,farmer,people,activities,sifting breaking clods,1,7,Context-aware_Related_CA-R_farmer
Context-Aware Related,farmer,people,age_range,middle aged,12,2,Context-aware_Related_CA-R_farmer
Context-Aware Related,farmer,people,age_range,older adult,8,2,Context-aware_Related_CA-R_farmer
Context-Aware Related,farmer,people,clothing_color,beige,1,11,Context-aware_Related_CA-R_farmer
Context-Aware Related,farmer,people,clothing_color,black,9,11,Context-aware_Related_CA-R_farmer
Context-Aware Related,farmer,people,clothing_color,blue,15,11,Context-aware_Related_CA-R_farmer
Context-Aware Related,farmer,people,clothing_color,brown,11,11,Context-aware_Related_CA-R_farmer
Context-Aware Related,farmer,people,clothing_color,gray,12,11,Context-aware_Related_CA-R_farmer
Context-Aware Related,farmer,people,clothing_color,palegreen,1,11,Context-aware_Related_CA-R_farmer
Context-Aware Related,farmer,people,clothing_color,red,2,11,Context-aware_Related_CA-R_farmer
Context-Aware Related,farmer,people,clothing_color,tan,3,11,Context-aware_Related_CA-R_farmer
Context-Aware Related,farmer,people,clothing_color,tomato,1,11,Context-aware_Related_CA-R_farmer
Context-Aware Related,farmer,people,clothing_color,white,1,11,Context-aware_Related_CA-R_farmer
Context-Aware Related,farmer,people,clothing_color,yellow,1,11,Context-aware_Related_CA-R_farmer
Context-Aware Related,farmer,people,clothing_garment,belt,1,8,Context-aware_Related_CA-R_farmer
Context-Aware Related,farmer,people,clothing_garment,boots,2,8,Context-aware_Related_CA-R_farmer
Context-Aware Related,farmer,people,clothing_garment,jeans,2,8,Context-aware_Related_CA-R_farmer
Context-Aware Related,farmer,people,clothing_garment,overalls,7,8,Context-aware_Related_CA-R_farmer
Context-Aware Related,farmer,people,clothing_garment,shirt,10,8,Context-aware_Related_CA-R_farmer
Context-Aware Related,farmer,people,clothing_garment,shoes,1,8,Context-aware_Related_CA-R_farmer
Context-Aware Related,farmer,people,clothing_garment,suspenders,2,8,Context-aware_Related_CA-R_farmer
Context-Aware Related,farmer,people,clothing_garment,trousers,2,8,Context-aware_Related_CA-R_farmer
Context-Aware Related,farmer,people,eyewear_present,no,8,2,Context-aware_Related_CA-R_farmer
Context-Aware Related,farmer,people,eyewear_present,yes,7,2,Context-aware_Related_CA-R_farmer
Context-Aware Related,farmer,people,hair_color,black,8,3,Context-aware_Related_CA-R_farmer
Context-Aware Related,farmer,people,hair_color,gray,6,3,Context-aware_Related_CA-R_farmer
Context-Aware Related,farmer,people,hair_color,white,4,3,Context-aware_Related_CA-R_farmer
Context-Aware Related,farmer,people,facial_hair_present,no,1,2,Context-aware_Related_CA-R_farmer
Context-Aware Related,farmer,people,facial_hair_present,yes,10,2,Context-aware_Related_CA-R_farmer
Context-Aware Related,farmer,people,facial_hair_style,beard,7,3,Context-aware_Related_CA-R_farmer
Context-Aware Related,farmer,people,facial_hair_style,mustache,5,3,Context-aware_Related_CA-R_farmer
Context-Aware Related,farmer,people,facial_hair_style,trimmed,2,3,Context-aware_Related_CA-R_farmer
Context-Aware Related,farmer,people,gaze_direction,down,8,1,Context-aware_Related_CA-R_farmer
Context-Aware Related,farmer,people,gender_presentation,male,30,1,Context-aware_Related_CA-R_farmer
Context-Aware Related,farmer,people,hair_color,black,16,3,Context-aware_Related_CA-R_farmer
Context-Aware Related,farmer,people,hair_color,gray,14,3,Context-aware_Related_CA-R_farmer
Context-Aware Related,farmer,people,hair_color,white,2,3,Context-aware_Related_CA-R_farmer
Context-Aware Related,farmer,people,hair_present,yes,13,1,Context-aware_Related_CA-R_farmer
Context-Aware Related,farmer,people,hair_style,short,11,1,Context-aware_Related_CA-R_farmer
Context-Aware Related,farmer,people,head_covering_type,beige,7,15,Context-aware_Related_CA-R_farmer
Context-Aware Related,farmer,people,head_covering_type,black,2,15,Context-aware_Related_CA-R_farmer
Context-Aware Related,farmer,people,head_covering_type,black coverings,3,15,Context-aware_Related_CA-R_farmer
Context-Aware Related,farmer,people,head_covering_type,darkviolet,4,15,Context-aware_Related_CA-R_farmer
Context-Aware Related,farmer,people,head_covering_type,gray,2,15,Context-aware_Related_CA-R_farmer
Context-Aware Related,farmer,people,head_covering_type,green,2,15,Context-aware_Related_CA-R_farmer
Context-Aware Related,farmer,people,head_covering_type,lightyellow,2,15,Context-aware_Related_CA-R_farmer
Context-Aware Related,farmer,people,head_covering_type,pale green,1,15,Context-aware_Related_CA-R_farmer
Context-Aware Related,farmer,people,head_covering_type,tan,4,15,Context-aware_Related_CA-R_farmer
Context-Aware Related,farmer,people,head_covering_type,tan coverings,3,15,Context-aware_Related_CA-R_farmer
Context-Aware Related,farmer,people,head_covering_type,tomato,2,15,Context-aware_Related_CA-R_farmer
Context-Aware Related,farmer,people,head_covering_type,tomato red,1,15,Context-aware_Related_CA-R_farmer
Context-Aware Related,farmer,people,head_covering_type,yellow,3,15,Context-aware_Related_CA-R_farmer
Context-Aware Related,farmer,people,head_covering_present,yes,20,1,Context-aware_Related_CA-R_farmer
Context-Aware Related,farmer,people,head_covering_type,straw hat normalized variants,6,15,Context-aware_Related_CA-R_farmer
Context-Aware Related,farmer,people,head_covering_type,wide brimmed straw hat merged variants,10,15,Context-aware_Related_CA-R_farmer
Context-Aware Related,farmer,people,pose,leaning,2,2,Context-aware_Related_CA-R_farmer
Context-Aware Related,farmer,people,pose,leaning,4,2,Context-aware_Related_CA-R_farmer
Context-Aware Related,farmer,people,pose,leaning,1,2,Context-aware_Related_CA-R_farmer
Context-Aware Related,farmer,people,pose,leaning,4,2,Context-aware_Related_CA-R_farmer
Context-Aware Related,farmer,people,pose,leaning,1,2,Context-aware_Related_CA-R_farmer
Context-Aware Related,farmer,people,pose,leaning,7,2,Context-aware_Related_CA-R_farmer
Context-Aware Related,farmer,people,pose,standing,1,2,Context-aware_Related_CA-R_farmer
Context-Aware Related,farmer,people,pose,standing,1,2,Context-aware_Related_CA-R_farmer
Context-Aware Related,farmer,people,pose,standing,1,2,Context-aware_Related_CA-R_farmer
Context-Aware Related,farmer,people,pose,standing,1,2,Context-aware_Related_CA-R_farmer
Context-Aware Related,farmer,people,pose,standing,1,2,Context-aware_Related_CA-R_farmer
Context-Aware Related,farmer,people,pose,standing,1,2,Context-aware_Related_CA-R_farmer
Context-Aware Related,farmer,people,pose,standing,1,2,Context-aware_Related_CA-R_farmer
Context-Aware Related,farmer,people,pose,standing,4,2,Context-aware_Related_CA-R_farmer
Context-Aware Related,farmer,people,pose,standing,10,2,Context-aware_Related_CA-R_farmer
Context-Aware Related,farmer,people,pose,standing,2,2,Context-aware_Related_CA-R_farmer
Context-Aware Related,farmer,people,pose,standing,4,2,Context-aware_Related_CA-R_farmer
Context-Aware Related,farmer,people,pose,standing,4,2,Context-aware_Related_CA-R_farmer
Context-Aware Related,farmer,people,pose,standing,1,2,Context-aware_Related_CA-R_farmer
Context-Aware Related,farmer,people,pose,standing,4,2,Context-aware_Related_CA-R_farmer
Context-Aware Related,farmer,people,pose,standing,1,2,Context-aware_Related_CA-R_farmer
Context-Aware Related,farmer,people,pose,standing,1,2,Context-aware_Related_CA-R_farmer
Context-Aware Related,farmer,people,pose,standing,1,2,Context-aware_Related_CA-R_farmer
Context-Aware Related,farmer,people,pose,leaning,2,2,Context-aware_Related_CA-R_farmer
Context-Aware Related,farmer,people,pose,standing,2,2,Context-aware_Related_CA-R_farmer
Context-Aware Related,farmer,people,pose,standing,1,2,Context-aware_Related_CA-R_farmer
Context-Aware Related,farmer,people,pose,standing,9,2,Context-aware_Related_CA-R_farmer
Context-Aware Related,farmer,people,pose,standing,3,2,Context-aware_Related_CA-R_farmer
Context-Aware Related,farmer,people,skin_tone,light,13,2,Context-aware_Related_CA-R_farmer
Context-Aware Related,farmer,people,skin_tone,medium,6,2,Context-aware_Related_CA-R_farmer
Context-Aware Related,dancer,scene_appearance,aesthetic_qualities,cinematic,14,3,Context-aware_Related_CA-R_dancer
Context-Aware Related,dancer,scene_appearance,aesthetic_qualities,dreamy,7,3,Context-aware_Related_CA-R_dancer
Context-Aware Related,dancer,scene_appearance,aesthetic_qualities,realistic,7,3,Context-aware_Related_CA-R_dancer
Context-Aware Related,dancer,scene_appearance,color_temperature,warm,18,1,Context-aware_Related_CA-R_dancer
Context-Aware Related,dancer,scene_appearance,dominant_colors,brown,25,4,Context-aware_Related_CA-R_dancer
Context-Aware Related,dancer,scene_appearance,dominant_colors,lightgreen,2,4,Context-aware_Related_CA-R_dancer
Context-Aware Related,dancer,scene_appearance,dominant_colors,medium violet red,5,4,Context-aware_Related_CA-R_dancer
Context-Aware Related,dancer,scene_appearance,dominant_colors,mediumvioletred,11,4,Context-aware_Related_CA-R_dancer
Context-Aware Related,dancer,scene_appearance,mood,calm,9,3,Context-aware_Related_CA-R_dancer
Context-Aware Related,dancer,scene_appearance,mood,dramatic,16,3,Context-aware_Related_CA-R_dancer
Context-Aware Related,dancer,scene_appearance,mood,melancholic,1,3,Context-aware_Related_CA-R_dancer
Context-Aware Related,dancer,camera,depth_of_field,deep,1,5,Context-aware_Related_CA-R_dancer
Context-Aware Related,dancer,camera,depth_of_field,moderate,1,5,Context-aware_Related_CA-R_dancer
Context-Aware Related,dancer,camera,depth_of_field,moderate dof,1,5,Context-aware_Related_CA-R_dancer
Context-Aware Related,dancer,camera,depth_of_field,shallow,4,5,Context-aware_Related_CA-R_dancer
Context-Aware Related,dancer,camera,depth_of_field,shallow dof,5,5,Context-aware_Related_CA-R_dancer
Context-Aware Related,dancer,camera,framing,establishing shot,1,4,Context-aware_Related_CA-R_dancer
Context-Aware Related,dancer,camera,framing,full body,14,4,Context-aware_Related_CA-R_dancer
Context-Aware Related,dancer,camera,framing,medium,2,4,Context-aware_Related_CA-R_dancer
Context-Aware Related,dancer,camera,framing,wide,5,4,Context-aware_Related_CA-R_dancer
Context-Aware Related,dancer,camera,perspective,eye level,6,3,Context-aware_Related_CA-R_dancer
Context-Aware Related,dancer,camera,perspective,low angle,4,3,Context-aware_Related_CA-R_dancer
Context-Aware Related,dancer,camera,perspective,third person,1,3,Context-aware_Related_CA-R_dancer
Context-Aware Related,dancer,people,activities,planting,2,16,Context-aware_Related_CA-R_dancer
Context-Aware Related,dancer,people,activities,balancing en pointe,1,16,Context-aware_Related_CA-R_dancer
Context-Aware Related,dancer,people,activities,balancing en pointe,1,16,Context-aware_Related_CA-R_dancer
Context-Aware Related,dancer,people,activities,balancing en pointe,1,16,Context-aware_Related_CA-R_dancer
Context-Aware Related,dancer,people,activities,ballet pose,19,16,Context-aware_Related_CA-R_dancer
Context-Aware Related,dancer,people,activities,en pointe extension,1,16,Context-aware_Related_CA-R_dancer
Context-Aware Related,dancer,people,activities,interacting airflow,1,16,Context-aware_Related_CA-R_dancer
Context-Aware Related,dancer,people,activities,leaping,1,16,Context-aware_Related_CA-R_dancer
Context-Aware Related,dancer,people,activities,lifting skirt,1,16,Context-aware_Related_CA-R_dancer
Context-Aware Related,dancer,people,activities,mid turn,1,16,Context-aware_Related_CA-R_dancer
Context-Aware Related,dancer,people,activities,performing deep backbend,1,16,Context-aware_Related_CA-R_dancer
Context-Aware Related,dancer,people,activities,performing under stage lights,1,16,Context-aware_Related_CA-R_dancer
Context-Aware Related,dancer,people,activities,reaching extended foot,1,16,Context-aware_Related_CA-R_dancer
Context-Aware Related,dancer,people,activities,rehearsal,1,16,Context-aware_Related_CA-R_dancer
Context-Aware Related,dancer,people,activities,rehearsal,1,16,Context-aware_Related_CA-R_dancer
Context-Aware Related,dancer,people,activities,rotation turn inferred,1,16,Context-aware_Related_CA-R_dancer
Context-Aware Related,dancer,people,activities,skirt mid motion,1,16,Context-aware_Related_CA-R_dancer
Context-Aware Related,dancer,people,activities,solo balance,1,16,Context-aware_Related_CA-R_dancer
Context-Aware Related,dancer,people,activities,solo performance,1,16,Context-aware_Related_CA-R_dancer
Context-Aware Related,dancer,people,age_range,young adult,11,1,Context-aware_Related_CA-R_dancer
Context-Aware Related,dancer,people,clothing_color,black,13,6,Context-aware_Related_CA-R_dancer
Context-Aware Related,dancer,people,clothing_color,pink,4,6,Context-aware_Related_CA-R_dancer
Context-Aware Related,dancer,people,clothing_color,red,2,6,Context-aware_Related_CA-R_dancer
Context-Aware Related,dancer,people,clothing_color,tan,1,6,Context-aware_Related_CA-R_dancer
Context-Aware Related,dancer,people,clothing_color,white,3,6,Context-aware_Related_CA-R_dancer
Context-Aware Related,dancer,people,clothing_color,yellow,1,6,Context-aware_Related_CA-R_dancer
Context-Aware Related,dancer,people,eyewear_present,no,16,1,Context-aware_Related_CA-R_dancer
Context-Aware Related,dancer,people,facial_hair_present,no,16,1,Context-aware_Related_CA-R_dancer
Context-Aware Related,dancer,people,gaze_direction,down,1,3,Context-aware_Related_CA-R_dancer
Context-Aware Related,dancer,people,gaze_direction,left,1,3,Context-aware_Related_CA-R_dancer
Context-Aware Related,dancer,people,gaze_direction,up,2,3,Context-aware_Related_CA-R_dancer
Context-Aware Related,dancer,people,gender_presentation,female,17,1,Context-aware_Related_CA-R_dancer
Context-Aware Related,dancer,people,hair_color,black,6,2,Context-aware_Related_CA-R_dancer
Context-Aware Related,dancer,people,hair_color,brown,11,2,Context-aware_Related_CA-R_dancer
Context-Aware Related,dancer,people,hair_present,yes,17,1,Context-aware_Related_CA-R_dancer
Context-Aware Related,dancer,people,hair_style,bun,11,6,Context-aware_Related_CA-R_dancer
Context-Aware Related,dancer,people,hair_style,long,6,6,Context-aware_Related_CA-R_dancer
Context-Aware Related,dancer,people,hair_style,ponytail,1,6,Context-aware_Related_CA-R_dancer
Context-Aware Related,dancer,people,hair_style,straight,1,6,Context-aware_Related_CA-R_dancer
Context-Aware Related,dancer,people,hair_style,updo,1,6,Context-aware_Related_CA-R_dancer
Context-Aware Related,dancer,people,hair_style,wavy,4,6,Context-aware_Related_CA-R_dancer
Context-Aware Related,dancer,people,head_covering_present,no,15,1,Context-aware_Related_CA-R_dancer
Context-Aware Related,dancer,people,pose,standing,1,2,Context-aware_Related_CA-R_dancer
Context-Aware Related,dancer,people,pose,standing,2,2,Context-aware_Related_CA-R_dancer
Context-Aware Related,dancer,people,pose,standing,3,2,Context-aware_Related_CA-R_dancer
Context-Aware Related,dancer,people,pose,standing,1,2,Context-aware_Related_CA-R_dancer
Context-Aware Related,dancer,people,pose,standing,1,2,Context-aware_Related_CA-R_dancer
Context-Aware Related,dancer,people,pose,standing,1,2,Context-aware_Related_CA-R_dancer
Context-Aware Related,dancer,people,pose,standing,1,2,Context-aware_Related_CA-R_dancer
Context-Aware Related,dancer,people,pose,standing,1,2,Context-aware_Related_CA-R_dancer
Context-Aware Related,dancer,people,pose,standing,1,2,Context-aware_Related_CA-R_dancer
Context-Aware Related,dancer,people,pose,standing,1,2,Context-aware_Related_CA-R_dancer
Context-Aware Related,dancer,people,pose,standing,1,2,Context-aware_Related_CA-R_dancer
Context-Aware Related,dancer,people,pose,standing,5,2,Context-aware_Related_CA-R_dancer
Context-Aware Related,dancer,people,pose,standing,1,2,Context-aware_Related_CA-R_dancer
Context-Aware Related,dancer,people,pose,standing,1,2,Context-aware_Related_CA-R_dancer
Context-Aware Related,dancer,people,pose,standing,2,2,Context-aware_Related_CA-R_dancer
Context-Aware Related,dancer,people,pose,standing,1,2,Context-aware_Related_CA-R_dancer
Context-Aware Related,dancer,people,pose,standing,4,2,Context-aware_Related_CA-R_dancer
Context-Aware Related,dancer,people,pose,standing,1,2,Context-aware_Related_CA-R_dancer
Context-Aware Related,dancer,people,pose,standing,2,2,Context-aware_Related_CA-R_dancer
Context-Aware Related,dancer,people,pose,standing,9,2,Context-aware_Related_CA-R_dancer
Context-Aware Related,dancer,people,pose,standing,1,2,Context-aware_Related_CA-R_dancer
Context-Aware Related,dancer,people,pose,standing,1,2,Context-aware_Related_CA-R_dancer
Context-Aware Related,dancer,people,pose,standing,1,2,Context-aware_Related_CA-R_dancer
Context-Aware Related,dancer,people,pose,standing,1,2,Context-aware_Related_CA-R_dancer
Context-Aware Related,dancer,people,pose,leaning,3,2,Context-aware_Related_CA-R_dancer
Context-Aware Related,dancer,people,pose,leaning,1,2,Context-aware_Related_CA-R_dancer
Context-Aware Related,dancer,people,pose,leaning,1,2,Context-aware_Related_CA-R_dancer
Context-Aware Related,dancer,people,pose,standing,1,2,Context-aware_Related_CA-R_dancer
Context-Aware Related,dancer,people,pose,standing,1,2,Context-aware_Related_CA-R_dancer
Context-Aware Related,dancer,people,pose,standing,1,2,Context-aware_Related_CA-R_dancer
Context-Aware Related,dancer,people,pose,standing,1,2,Context-aware_Related_CA-R_dancer
Context-Aware Related,dancer,people,pose,standing,1,2,Context-aware_Related_CA-R_dancer
Context-Aware Related,dancer,people,pose,leaning,1,2,Context-aware_Related_CA-R_dancer
Context-Aware Related,dancer,people,pose,standing,1,2,Context-aware_Related_CA-R_dancer
Context-Aware Related,dancer,people,pose,standing,1,2,Context-aware_Related_CA-R_dancer
Context-Aware Related,dancer,people,pose,standing,3,2,Context-aware_Related_CA-R_dancer
Context-Aware Related,dancer,people,pose,standing,1,2,Context-aware_Related_CA-R_dancer
Context-Aware Related,dancer,people,pose,standing,1,2,Context-aware_Related_CA-R_dancer
Context-Aware Related,dancer,people,pose,standing,1,2,Context-aware_Related_CA-R_dancer
Context-Aware Related,dancer,people,pose,standing,1,2,Context-aware_Related_CA-R_dancer
Context-Aware Related,dancer,people,pose,standing,3,2,Context-aware_Related_CA-R_dancer
Context-Aware Related,dancer,people,pose,standing,1,2,Context-aware_Related_CA-R_dancer
Context-Aware Related,dancer,people,pose,leaning,1,2,Context-aware_Related_CA-R_dancer
Context-Aware Related,dancer,people,pose,standing,1,2,Context-aware_Related_CA-R_dancer
Context-Aware Related,dancer,people,pose,standing,1,2,Context-aware_Related_CA-R_dancer
Context-Aware Related,dancer,people,pose,standing,1,2,Context-aware_Related_CA-R_dancer
Context-Aware Related,dancer,people,pose,standing,5,2,Context-aware_Related_CA-R_dancer
Context-Aware Related,dancer,people,pose,standing,1,2,Context-aware_Related_CA-R_dancer
Context-Aware Related,dancer,people,pose,standing,2,2,Context-aware_Related_CA-R_dancer
Context-Aware Related,dancer,people,pose,standing,2,2,Context-aware_Related_CA-R_dancer
Context-Aware Related,dancer,people,pose,standing,1,2,Context-aware_Related_CA-R_dancer
Context-Aware Related,dancer,people,pose,standing,8,2,Context-aware_Related_CA-R_dancer
Context-Aware Related,dancer,people,pose,standing,5,2,Context-aware_Related_CA-R_dancer
Context-Aware Related,dancer,people,skin_tone,light,6,2,Context-aware_Related_CA-R_dancer
Context-Aware Related,dancer,people,skin_tone,medium,5,2,Context-aware_Related_CA-R_dancer
Context-Aware Related,bus_driver,scene_appearance,aesthetic_qualities,cinematic,12,6,Context-aware_Related_CA-R_bus_driver
Context-Aware Related,bus_driver,scene_appearance,aesthetic_qualities,dreamy,2,6,Context-aware_Related_CA-R_bus_driver
Context-Aware Related,bus_driver,scene_appearance,aesthetic_qualities,quality cinematic,4,6,Context-aware_Related_CA-R_bus_driver
Context-Aware Related,bus_driver,scene_appearance,aesthetic_qualities,quality dreamy,1,6,Context-aware_Related_CA-R_bus_driver
Context-Aware Related,bus_driver,scene_appearance,aesthetic_qualities,quality realistic,6,6,Context-aware_Related_CA-R_bus_driver
Context-Aware Related,bus_driver,scene_appearance,aesthetic_qualities,realistic,10,6,Context-aware_Related_CA-R_bus_driver
Context-Aware Related,bus_driver,scene_appearance,color_temperature,cool,9,3,Context-aware_Related_CA-R_bus_driver
Context-Aware Related,bus_driver,scene_appearance,color_temperature,neutral,3,3,Context-aware_Related_CA-R_bus_driver
Context-Aware Related,bus_driver,scene_appearance,color_temperature,warm,12,3,Context-aware_Related_CA-R_bus_driver
Context-Aware Related,bus_driver,scene_appearance,dominant_colors,black,7,5,Context-aware_Related_CA-R_bus_driver
Context-Aware Related,bus_driver,scene_appearance,dominant_colors,brown,18,5,Context-aware_Related_CA-R_bus_driver
Context-Aware Related,bus_driver,scene_appearance,dominant_colors,medium blue,1,5,Context-aware_Related_CA-R_bus_driver
Context-Aware Related,bus_driver,scene_appearance,dominant_colors,mediumblue,2,5,Context-aware_Related_CA-R_bus_driver
Context-Aware Related,bus_driver,scene_appearance,dominant_colors,mediumvioletred,2,5,Context-aware_Related_CA-R_bus_driver
Context-Aware Related,bus_driver,scene_appearance,mood,calm,11,3,Context-aware_Related_CA-R_bus_driver
Context-Aware Related,bus_driver,scene_appearance,mood,dramatic,1,3,Context-aware_Related_CA-R_bus_driver
Context-Aware Related,bus_driver,scene_appearance,mood,melancholic,1,3,Context-aware_Related_CA-R_bus_driver
Context-Aware Related,bus_driver,camera,depth_of_field,deep,13,3,Context-aware_Related_CA-R_bus_driver
Context-Aware Related,bus_driver,camera,depth_of_field,moderate,3,3,Context-aware_Related_CA-R_bus_driver
Context-Aware Related,bus_driver,camera,depth_of_field,shallow,12,3,Context-aware_Related_CA-R_bus_driver
Context-Aware Related,bus_driver,camera,framing,establishing,11,5,Context-aware_Related_CA-R_bus_driver
Context-Aware Related,bus_driver,camera,framing,full body,2,5,Context-aware_Related_CA-R_bus_driver
Context-Aware Related,bus_driver,camera,framing,headshot,2,5,Context-aware_Related_CA-R_bus_driver
Context-Aware Related,bus_driver,camera,framing,medium,13,5,Context-aware_Related_CA-R_bus_driver
Context-Aware Related,bus_driver,camera,framing,wide,14,5,Context-aware_Related_CA-R_bus_driver
Context-Aware Related,bus_driver,camera,perspective,eye level,26,2,Context-aware_Related_CA-R_bus_driver
Context-Aware Related,bus_driver,camera,perspective,low angle,4,2,Context-aware_Related_CA-R_bus_driver
Context-Aware Related,bus_driver,objects,type,bus,28,7,Context-aware_Related_CA-R_bus_driver
Context-Aware Related,bus_driver,objects,type,clock tower,1,7,Context-aware_Related_CA-R_bus_driver
Context-Aware Related,bus_driver,objects,type,glass tower,1,7,Context-aware_Related_CA-R_bus_driver
Context-Aware Related,bus_driver,objects,type,mirror,2,7,Context-aware_Related_CA-R_bus_driver
Context-Aware Related,bus_driver,objects,type,peaked cap,1,7,Context-aware_Related_CA-R_bus_driver
Context-Aware Related,bus_driver,objects,type,plant,1,7,Context-aware_Related_CA-R_bus_driver
Context-Aware Related,bus_driver,objects,type,sidewalk cafe umbrella,1,7,Context-aware_Related_CA-R_bus_driver
Context-Aware Related,bus_driver,people,activities,activity driving,1,17,Context-aware_Related_CA-R_bus_driver
Context-Aware Related,bus_driver,people,activities,facing camera,1,17,Context-aware_Related_CA-R_bus_driver
Context-Aware Related,bus_driver,people,activities,activity driving,1,17,Context-aware_Related_CA-R_bus_driver
Context-Aware Related,bus_driver,people,activities,activity holding object,1,17,Context-aware_Related_CA-R_bus_driver
Context-Aware Related,bus_driver,people,activities,activity holding object,1,17,Context-aware_Related_CA-R_bus_driver
Context-Aware Related,bus_driver,people,activities,activity holding papers,1,17,Context-aware_Related_CA-R_bus_driver
Context-Aware Related,bus_driver,people,activities,looking toward dashboard,1,17,Context-aware_Related_CA-R_bus_driver
Context-Aware Related,bus_driver,people,activities,near crosswalk,1,17,Context-aware_Related_CA-R_bus_driver
Context-Aware Related,bus_driver,people,activities,activity operating vehicle,1,17,Context-aware_Related_CA-R_bus_driver
Context-Aware Related,bus_driver,people,activities,activity preparing step,1,17,Context-aware_Related_CA-R_bus_driver
Context-Aware Related,bus_driver,people,activities,reading or examining papers,1,17,Context-aware_Related_CA-R_bus_driver
Context-Aware Related,bus_driver,people,activities,resting right hand handbrake or lever,1,17,Context-aware_Related_CA-R_bus_driver
Context-Aware Related,bus_driver,people,activities,activity seated,1,17,Context-aware_Related_CA-R_bus_driver
Context-Aware Related,bus_driver,people,activities,activity driving,3,17,Context-aware_Related_CA-R_bus_driver
Context-Aware Related,bus_driver,people,activities,activity driving,1,17,Context-aware_Related_CA-R_bus_driver
Context-Aware Related,bus_driver,people,activities,walking across pedestrian crossing,1,17,Context-aware_Related_CA-R_bus_driver
Context-Aware Related,bus_driver,people,activities,activity driving,1,17,Context-aware_Related_CA-R_bus_driver
Context-Aware Related,bus_driver,people,activities,attending vehicle,2,17,Context-aware_Related_CA-R_bus_driver
Context-Aware Related,bus_driver,people,activities,seated driving position,1,17,Context-aware_Related_CA-R_bus_driver
Context-Aware Related,bus_driver,people,activities,walking activity,2,17,Context-aware_Related_CA-R_bus_driver
Context-Aware Related,bus_driver,people,activities,standing or paused,1,17,Context-aware_Related_CA-R_bus_driver
Context-Aware Related,bus_driver,people,activities,walking activity,1,17,Context-aware_Related_CA-R_bus_driver
Context-Aware Related,bus_driver,people,activities,walking or standing,4,17,Context-aware_Related_CA-R_bus_driver
Context-Aware Related,bus_driver,people,age_range,middle aged,9,2,Context-aware_Related_CA-R_bus_driver
Context-Aware Related,bus_driver,people,age_range,young adult,2,2,Context-aware_Related_CA-R_bus_driver
Context-Aware Related,bus_driver,people,clothing_color,black,3,4,Context-aware_Related_CA-R_bus_driver
Context-Aware Related,bus_driver,people,clothing_color,gray,4,4,Context-aware_Related_CA-R_bus_driver
Context-Aware Related,bus_driver,people,clothing_color,tan,1,4,Context-aware_Related_CA-R_bus_driver
Context-Aware Related,bus_driver,people,clothing_color,white,1,4,Context-aware_Related_CA-R_bus_driver
Context-Aware Related,bus_driver,people,clothing_garment,high visibility reflective safety vest,1,15,Context-aware_Related_CA-R_bus_driver
Context-Aware Related,bus_driver,people,clothing_garment,insulated uniform jacket,1,15,Context-aware_Related_CA-R_bus_driver
Context-Aware Related,bus_driver,people,clothing_garment,jacket,4,15,Context-aware_Related_CA-R_bus_driver
Context-Aware Related,bus_driver,people,clothing_garment,neck tie,2,15,Context-aware_Related_CA-R_bus_driver
Context-Aware Related,bus_driver,people,clothing_garment,necktie,1,15,Context-aware_Related_CA-R_bus_driver
Context-Aware Related,bus_driver,people,clothing_garment,operator uniform top,1,15,Context-aware_Related_CA-R_bus_driver
Context-Aware Related,bus_driver,people,clothing_garment,overcoat,3,15,Context-aware_Related_CA-R_bus_driver
Context-Aware Related,bus_driver,people,clothing_garment,shirt,9,15,Context-aware_Related_CA-R_bus_driver
Context-Aware Related,bus_driver,people,clothing_garment,shoes,3,15,Context-aware_Related_CA-R_bus_driver
Context-Aware Related,bus_driver,people,clothing_garment,shoulder bag,1,15,Context-aware_Related_CA-R_bus_driver
Context-Aware Related,bus_driver,people,clothing_garment,sweater,1,15,Context-aware_Related_CA-R_bus_driver
Context-Aware Related,bus_driver,people,clothing_garment,trousers,8,15,Context-aware_Related_CA-R_bus_driver
Context-Aware Related,bus_driver,people,clothing_garment,undershirt,1,15,Context-aware_Related_CA-R_bus_driver
Context-Aware Related,bus_driver,people,clothing_garment,uniform jacket,1,15,Context-aware_Related_CA-R_bus_driver
Context-Aware Related,bus_driver,people,clothing_garment,uniform shirt short sleeve,1,15,Context-aware_Related_CA-R_bus_driver
Context-Aware Related,bus_driver,people,eyewear_present,yes,8,1,Context-aware_Related_CA-R_bus_driver
Context-Aware Related,bus_driver,people,eyewear_type,eyeglasses,2,3,Context-aware_Related_CA-R_bus_driver
Context-Aware Related,bus_driver,people,eyewear_type,prescription,1,3,Context-aware_Related_CA-R_bus_driver
Context-Aware Related,bus_driver,people,eyewear_type,rectangular,2,3,Context-aware_Related_CA-R_bus_driver
Context-Aware Related,bus_driver,people,hair_color,brown,1,3,Context-aware_Related_CA-R_bus_driver
Context-Aware Related,bus_driver,people,facial_hair_present,yes,5,1,Context-aware_Related_CA-R_bus_driver
Context-Aware Related,bus_driver,people,facial_hair_style,goatee,1,2,Context-aware_Related_CA-R_bus_driver
Context-Aware Related,bus_driver,people,facial_hair_style,mustache,1,2,Context-aware_Related_CA-R_bus_driver
Context-Aware Related,bus_driver,people,gaze_direction,down,2,3,Context-aware_Related_CA-R_bus_driver
Context-Aware Related,bus_driver,people,gaze_direction,left,1,3,Context-aware_Related_CA-R_bus_driver
Context-Aware Related,bus_driver,people,gaze_direction,up,2,3,Context-aware_Related_CA-R_bus_driver
Context-Aware Related,bus_driver,people,gender_presentation,male,11,1,Context-aware_Related_CA-R_bus_driver
Context-Aware Related,bus_driver,people,hair_color,black,16,3,Context-aware_Related_CA-R_bus_driver
Context-Aware Related,bus_driver,people,hair_color,brown,2,3,Context-aware_Related_CA-R_bus_driver
Context-Aware Related,bus_driver,people,hair_color,gray,4,3,Context-aware_Related_CA-R_bus_driver
Context-Aware Related,bus_driver,people,hair_present,yes,10,1,Context-aware_Related_CA-R_bus_driver
Context-Aware Related,bus_driver,people,hair_style,short,9,1,Context-aware_Related_CA-R_bus_driver
Context-Aware Related,bus_driver,people,head_covering_type,black,4,7,Context-aware_Related_CA-R_bus_driver
Context-Aware Related,bus_driver,people,head_covering_type,brown,1,7,Context-aware_Related_CA-R_bus_driver
Context-Aware Related,bus_driver,people,head_covering_type,chocolate,1,7,Context-aware_Related_CA-R_bus_driver
Context-Aware Related,bus_driver,people,head_covering_present,yes,10,1,Context-aware_Related_CA-R_bus_driver
Context-Aware Related,bus_driver,people,head_covering_type,cap,2,7,Context-aware_Related_CA-R_bus_driver
Context-Aware Related,bus_driver,people,head_covering_type,flat cap,2,7,Context-aware_Related_CA-R_bus_driver
Context-Aware Related,bus_driver,people,head_covering_type,peaked cap,1,7,Context-aware_Related_CA-R_bus_driver
Context-Aware Related,bus_driver,people,head_covering_type,peaked officer cap,1,7,Context-aware_Related_CA-R_bus_driver
Context-Aware Related,bus_driver,people,pose,standing,1,4,Context-aware_Related_CA-R_bus_driver
Context-Aware Related,bus_driver,people,pose,standing,1,4,Context-aware_Related_CA-R_bus_driver
Context-Aware Related,bus_driver,people,pose,standing,2,4,Context-aware_Related_CA-R_bus_driver
Context-Aware Related,bus_driver,people,pose,leaning,1,4,Context-aware_Related_CA-R_bus_driver
Context-Aware Related,bus_driver,people,pose,standing,1,4,Context-aware_Related_CA-R_bus_driver
Context-Aware Related,bus_driver,people,pose,standing,1,4,Context-aware_Related_CA-R_bus_driver
Context-Aware Related,bus_driver,people,pose,standing,1,4,Context-aware_Related_CA-R_bus_driver
Context-Aware Related,bus_driver,people,pose,hands_pockets,1,4,Context-aware_Related_CA-R_bus_driver
Context-Aware Related,bus_driver,people,pose,standing,1,4,Context-aware_Related_CA-R_bus_driver
Context-Aware Related,bus_driver,people,pose,standing,1,4,Context-aware_Related_CA-R_bus_driver
Context-Aware Related,bus_driver,people,pose,standing,2,4,Context-aware_Related_CA-R_bus_driver
Context-Aware Related,bus_driver,people,pose,standing,1,4,Context-aware_Related_CA-R_bus_driver
Context-Aware Related,bus_driver,people,pose,standing,1,4,Context-aware_Related_CA-R_bus_driver
Context-Aware Related,bus_driver,people,pose,seated,5,4,Context-aware_Related_CA-R_bus_driver
Context-Aware Related,bus_driver,people,pose,leaning,1,4,Context-aware_Related_CA-R_bus_driver
Context-Aware Related,bus_driver,people,pose,standing,1,4,Context-aware_Related_CA-R_bus_driver
Context-Aware Related,bus_driver,people,pose,standing,3,4,Context-aware_Related_CA-R_bus_driver
Context-Aware Related,bus_driver,people,pose,standing,15,4,Context-aware_Related_CA-R_bus_driver
Context-Aware Related,bus_driver,people,pose,standing,1,4,Context-aware_Related_CA-R_bus_driver
Context-Aware Related,bus_driver,people,pose,standing,4,4,Context-aware_Related_CA-R_bus_driver
Context-Aware Related,bus_driver,people,skin_tone,dark,2,3,Context-aware_Related_CA-R_bus_driver
Context-Aware Related,bus_driver,people,skin_tone,light,4,3,Context-aware_Related_CA-R_bus_driver
Context-Aware Related,bus_driver,people,skin_tone,medium,4,3,Context-aware_Related_CA-R_bus_driver
Context-Aware Related,janitor,scene_appearance,aesthetic_qualities,cinematic,3,3,Context-aware_Related_CA-R_janitor
Context-Aware Related,janitor,scene_appearance,aesthetic_qualities,minimal,2,3,Context-aware_Related_CA-R_janitor
Context-Aware Related,janitor,scene_appearance,aesthetic_qualities,realistic,15,3,Context-aware_Related_CA-R_janitor
Context-Aware Related,janitor,scene_appearance,dominant_colors,black,5,4,Context-aware_Related_CA-R_janitor
Context-Aware Related,janitor,scene_appearance,dominant_colors,brown,2,4,Context-aware_Related_CA-R_janitor
Context-Aware Related,janitor,scene_appearance,dominant_colors,cyan,1,4,Context-aware_Related_CA-R_janitor
Context-Aware Related,janitor,scene_appearance,dominant_colors,medium blue,2,4,Context-aware_Related_CA-R_janitor
Context-Aware Related,janitor,scene_appearance,mood,calm,18,2,Context-aware_Related_CA-R_janitor
Context-Aware Related,janitor,scene_appearance,mood,minimalistic,5,2,Context-aware_Related_CA-R_janitor
Context-Aware Related,janitor,scene_appearance,color_temperature,cool,9,3,Context-aware_Related_CA-R_janitor
Context-Aware Related,janitor,scene_appearance,color_temperature,neutral,5,3,Context-aware_Related_CA-R_janitor
Context-Aware Related,janitor,scene_appearance,color_temperature,warm,2,3,Context-aware_Related_CA-R_janitor
Context-Aware Related,janitor,camera,depth_of_field,deep,6,3,Context-aware_Related_CA-R_janitor
Context-Aware Related,janitor,camera,depth_of_field,moderate,3,3,Context-aware_Related_CA-R_janitor
Context-Aware Related,janitor,camera,depth_of_field,shallow,16,3,Context-aware_Related_CA-R_janitor
Context-Aware Related,janitor,camera,framing,establishing shot,5,4,Context-aware_Related_CA-R_janitor
Context-Aware Related,janitor,camera,framing,full body,11,4,Context-aware_Related_CA-R_janitor
Context-Aware Related,janitor,camera,framing,medium,3,4,Context-aware_Related_CA-R_janitor
Context-Aware Related,janitor,camera,framing,wide,10,4,Context-aware_Related_CA-R_janitor
Context-Aware Related,janitor,camera,perspective,eye level,21,3,Context-aware_Related_CA-R_janitor
Context-Aware Related,janitor,camera,perspective,low angle,2,3,Context-aware_Related_CA-R_janitor
Context-Aware Related,janitor,camera,perspective,third person,2,3,Context-aware_Related_CA-R_janitor
Context-Aware Related,janitor,objects,type,arched windows series,1,12,Context-aware_Related_CA-R_janitor
Context-Aware Related,janitor,objects,type,broom head,1,12,Context-aware_Related_CA-R_janitor
Context-Aware Related,janitor,objects,type,cabinet,1,12,Context-aware_Related_CA-R_janitor
Context-Aware Related,janitor,objects,type,door,4,12,Context-aware_Related_CA-R_janitor
Context-Aware Related,janitor,objects,type,door frames,8,12,Context-aware_Related_CA-R_janitor
Context-Aware Related,janitor,objects,type,emergency sign,1,12,Context-aware_Related_CA-R_janitor
Context-Aware Related,janitor,objects,type,handrail,3,12,Context-aware_Related_CA-R_janitor
Context-Aware Related,janitor,objects,type,mop,22,12,Context-aware_Related_CA-R_janitor
Context-Aware Related,janitor,objects,type,push brooming,3,12,Context-aware_Related_CA-R_janitor
Context-Aware Related,janitor,objects,type,safety sign,6,12,Context-aware_Related_CA-R_janitor
Context-Aware Related,janitor,objects,type,stainless tubular handrail,2,12,Context-aware_Related_CA-R_janitor
Context-Aware Related,janitor,objects,type,wheeled container,1,12,Context-aware_Related_CA-R_janitor
Context-Aware Related,janitor,people,activities,mopping,9,3,Context-aware_Related_CA-R_janitor
Context-Aware Related,janitor,people,activities,pushing,1,3,Context-aware_Related_CA-R_janitor
Context-Aware Related,janitor,people,activities,holding mop,2,3,Context-aware_Related_CA-R_janitor
Context-Aware Related,janitor,people,age_range,middle aged,17,3,Context-aware_Related_CA-R_janitor
Context-Aware Related,janitor,people,age_range,older adult,1,3,Context-aware_Related_CA-R_janitor
Context-Aware Related,janitor,people,age_range,young adult,1,3,Context-aware_Related_CA-R_janitor
Context-Aware Related,janitor,people,clothing_color,black,25,9,Context-aware_Related_CA-R_janitor
Context-Aware Related,janitor,people,clothing_color,blue,37,9,Context-aware_Related_CA-R_janitor
Context-Aware Related,janitor,people,clothing_color,brown,1,9,Context-aware_Related_CA-R_janitor
Context-Aware Related,janitor,people,clothing_color,gray,5,9,Context-aware_Related_CA-R_janitor
Context-Aware Related,janitor,people,clothing_color,green,9,9,Context-aware_Related_CA-R_janitor
Context-Aware Related,janitor,people,clothing_color,orange,5,9,Context-aware_Related_CA-R_janitor
Context-Aware Related,janitor,people,clothing_color,tan,1,9,Context-aware_Related_CA-R_janitor
Context-Aware Related,janitor,people,clothing_color,white,4,9,Context-aware_Related_CA-R_janitor
Context-Aware Related,janitor,people,clothing_color,yellow,8,9,Context-aware_Related_CA-R_janitor
Context-Aware Related,janitor,people,clothing_garment,face mask,1,8,Context-aware_Related_CA-R_janitor
Context-Aware Related,janitor,people,clothing_garment,high visibility safety vest,2,8,Context-aware_Related_CA-R_janitor
Context-Aware Related,janitor,people,clothing_garment,overalls,4,8,Context-aware_Related_CA-R_janitor
Context-Aware Related,janitor,people,clothing_garment,safety vest,2,8,Context-aware_Related_CA-R_janitor
Context-Aware Related,janitor,people,clothing_garment,shirt,14,8,Context-aware_Related_CA-R_janitor
Context-Aware Related,janitor,people,clothing_garment,shoes,5,8,Context-aware_Related_CA-R_janitor
Context-Aware Related,janitor,people,clothing_garment,trousers,4,8,Context-aware_Related_CA-R_janitor
Context-Aware Related,janitor,people,clothing_garment,work gloves,17,8,Context-aware_Related_CA-R_janitor
Context-Aware Related,janitor,people,eyewear_present,no,15,2,Context-aware_Related_CA-R_janitor
Context-Aware Related,janitor,people,eyewear_present,yes,1,2,Context-aware_Related_CA-R_janitor
Context-Aware Related,janitor,people,facial_hair_present,no,5,2,Context-aware_Related_CA-R_janitor
Context-Aware Related,janitor,people,facial_hair_present,yes,4,2,Context-aware_Related_CA-R_janitor
Context-Aware Related,janitor,people,gaze_direction,down,15,2,Context-aware_Related_CA-R_janitor
Context-Aware Related,janitor,people,gaze_direction,up,1,2,Context-aware_Related_CA-R_janitor
Context-Aware Related,janitor,people,gender_presentation,female,1,2,Context-aware_Related_CA-R_janitor
Context-Aware Related,janitor,people,gender_presentation,male,21,2,Context-aware_Related_CA-R_janitor
Context-Aware Related,janitor,people,hair_color,black,19,3,Context-aware_Related_CA-R_janitor
Context-Aware Related,janitor,people,hair_color,brown,4,3,Context-aware_Related_CA-R_janitor
Context-Aware Related,janitor,people,hair_color,gray,11,3,Context-aware_Related_CA-R_janitor
Context-Aware Related,janitor,people,hair_present,yes,19,1,Context-aware_Related_CA-R_janitor
Context-Aware Related,janitor,people,hair_style,curly,1,2,Context-aware_Related_CA-R_janitor
Context-Aware Related,janitor,people,hair_style,short,17,2,Context-aware_Related_CA-R_janitor
Context-Aware Related,janitor,people,head_covering_type,blue,4,6,Context-aware_Related_CA-R_janitor
Context-Aware Related,janitor,people,head_covering_type,orange,1,6,Context-aware_Related_CA-R_janitor
Context-Aware Related,janitor,people,head_covering_present,no,8,2,Context-aware_Related_CA-R_janitor
Context-Aware Related,janitor,people,head_covering_present,yes,13,2,Context-aware_Related_CA-R_janitor
Context-Aware Related,janitor,people,head_covering_type,baseball cap,4,6,Context-aware_Related_CA-R_janitor
Context-Aware Related,janitor,people,head_covering_type,brimmed cap,1,6,Context-aware_Related_CA-R_janitor
Context-Aware Related,janitor,people,head_covering_type,cap,7,6,Context-aware_Related_CA-R_janitor
Context-Aware Related,janitor,people,head_covering_type,hard hat,1,6,Context-aware_Related_CA-R_janitor
Context-Aware Related,janitor,people,pose,leaning,2,2,Context-aware_Related_CA-R_janitor
Context-Aware Related,janitor,people,pose,leaning,5,2,Context-aware_Related_CA-R_janitor
Context-Aware Related,janitor,people,pose,standing,2,2,Context-aware_Related_CA-R_janitor
Context-Aware Related,janitor,people,pose,standing,1,2,Context-aware_Related_CA-R_janitor
Context-Aware Related,janitor,people,pose,leaning,8,2,Context-aware_Related_CA-R_janitor
Context-Aware Related,janitor,people,pose,leaning,2,2,Context-aware_Related_CA-R_janitor
Context-Aware Related,janitor,people,pose,leaning,4,2,Context-aware_Related_CA-R_janitor
Context-Aware Related,janitor,people,pose,leaning,1,2,Context-aware_Related_CA-R_janitor
Context-Aware Related,janitor,people,pose,standing,1,2,Context-aware_Related_CA-R_janitor
Context-Aware Related,janitor,people,pose,standing,1,2,Context-aware_Related_CA-R_janitor
Context-Aware Related,janitor,people,pose,standing,4,2,Context-aware_Related_CA-R_janitor
Context-Aware Related,janitor,people,pose,standing,1,2,Context-aware_Related_CA-R_janitor
Context-Aware Related,janitor,people,skin_tone,dark,1,3,Context-aware_Related_CA-R_janitor
Context-Aware Related,janitor,people,skin_tone,light,3,3,Context-aware_Related_CA-R_janitor
Context-Aware Related,janitor,people,skin_tone,medium,18,3,Context-aware_Related_CA-R_janitor
Context-Aware Related,athlete,scene_appearance,aesthetic_qualities,cinematic,9,4,Context-aware_Related_CA-R_athlete
Context-Aware Related,athlete,scene_appearance,aesthetic_qualities,dreamy,1,4,Context-aware_Related_CA-R_athlete
Context-Aware Related,athlete,scene_appearance,aesthetic_qualities,gritty,1,4,Context-aware_Related_CA-R_athlete
Context-Aware Related,athlete,scene_appearance,aesthetic_qualities,realistic,7,4,Context-aware_Related_CA-R_athlete
Context-Aware Related,athlete,scene_appearance,color_temperature,cool,2,3,Context-aware_Related_CA-R_athlete
Context-Aware Related,athlete,scene_appearance,color_temperature,neutral,3,3,Context-aware_Related_CA-R_athlete
Context-Aware Related,athlete,scene_appearance,color_temperature,warm,11,3,Context-aware_Related_CA-R_athlete
Context-Aware Related,athlete,scene_appearance,dominant_colors,black,12,7,Context-aware_Related_CA-R_athlete
Context-Aware Related,athlete,scene_appearance,dominant_colors,blue,2,7,Context-aware_Related_CA-R_athlete
Context-Aware Related,athlete,scene_appearance,dominant_colors,brown,14,7,Context-aware_Related_CA-R_athlete
Context-Aware Related,athlete,scene_appearance,dominant_colors,cyan,4,7,Context-aware_Related_CA-R_athlete
Context-Aware Related,athlete,scene_appearance,dominant_colors,medium blue,5,7,Context-aware_Related_CA-R_athlete
Context-Aware Related,athlete,scene_appearance,dominant_colors,mediumblue,3,7,Context-aware_Related_CA-R_athlete
Context-Aware Related,athlete,scene_appearance,dominant_colors,red,2,7,Context-aware_Related_CA-R_athlete
Context-Aware Related,athlete,scene_appearance,mood,dramatic,10,2,Context-aware_Related_CA-R_athlete
Context-Aware Related,athlete,scene_appearance,mood,tense,9,2,Context-aware_Related_CA-R_athlete
Context-Aware Related,athlete,camera,depth_of_field,deep,1,3,Context-aware_Related_CA-R_athlete
Context-Aware Related,athlete,camera,depth_of_field,moderate,1,3,Context-aware_Related_CA-R_athlete
Context-Aware Related,athlete,camera,depth_of_field,shallow,16,3,Context-aware_Related_CA-R_athlete
Context-Aware Related,athlete,camera,framing,full body,8,2,Context-aware_Related_CA-R_athlete
Context-Aware Related,athlete,camera,framing,medium,8,2,Context-aware_Related_CA-R_athlete
Context-Aware Related,athlete,camera,perspective,eye level,7,2,Context-aware_Related_CA-R_athlete
Context-Aware Related,athlete,camera,perspective,low angle,7,2,Context-aware_Related_CA-R_athlete
Context-Aware Related,athlete,objects,type,boundary fence,1,9,Context-aware_Related_CA-R_athlete
Context-Aware Related,athlete,objects,type,fence,1,9,Context-aware_Related_CA-R_athlete
Context-Aware Related,athlete,objects,type,field poles,1,9,Context-aware_Related_CA-R_athlete
Context-Aware Related,athlete,objects,type,footwear shoes,2,9,Context-aware_Related_CA-R_athlete
Context-Aware Related,athlete,objects,type,paper bib,1,9,Context-aware_Related_CA-R_athlete
Context-Aware Related,athlete,objects,type,railing,4,9,Context-aware_Related_CA-R_athlete
Context-Aware Related,athlete,objects,type,running shoe single,1,9,Context-aware_Related_CA-R_athlete
Context-Aware Related,athlete,objects,type,shoe,1,9,Context-aware_Related_CA-R_athlete
Context-Aware Related,athlete,objects,type,watch,1,9,Context-aware_Related_CA-R_athlete
Context-Aware Related,athlete,people,activities,accelerating,1,2,Context-aware_Related_CA-R_athlete
Context-Aware Related,athlete,people,activities,walking activity,4,2,Context-aware_Related_CA-R_athlete
Context-Aware Related,athlete,people,activities,walking activity,10,2,Context-aware_Related_CA-R_athlete
Context-Aware Related,athlete,people,age_range,young adult,21,1,Context-aware_Related_CA-R_athlete
Context-Aware Related,athlete,people,clothing_color,black,20,11,Context-aware_Related_CA-R_athlete
Context-Aware Related,athlete,people,clothing_color,blue,10,11,Context-aware_Related_CA-R_athlete
Context-Aware Related,athlete,people,clothing_color,brown,1,11,Context-aware_Related_CA-R_athlete
Context-Aware Related,athlete,people,clothing_color,gray,1,11,Context-aware_Related_CA-R_athlete
Context-Aware Related,athlete,people,clothing_color,green,2,11,Context-aware_Related_CA-R_athlete
Context-Aware Related,athlete,people,clothing_color,orange,4,11,Context-aware_Related_CA-R_athlete
Context-Aware Related,athlete,people,clothing_color,pink,1,11,Context-aware_Related_CA-R_athlete
Context-Aware Related,athlete,people,clothing_color,red,4,11,Context-aware_Related_CA-R_athlete
Context-Aware Related,athlete,people,clothing_color,white,10,11,Context-aware_Related_CA-R_athlete
Context-Aware Related,athlete,people,clothing_color,yellow,2,11,Context-aware_Related_CA-R_athlete
Context-Aware Related,athlete,people,clothing_color,black,21,11,Context-aware_Related_CA-R_athlete
Context-Aware Related,athlete,people,clothing_color,blue,8,11,Context-aware_Related_CA-R_athlete
Context-Aware Related,athlete,people,clothing_color,green,1,11,Context-aware_Related_CA-R_athlete
Context-Aware Related,athlete,people,clothing_color,mediumblue,2,11,Context-aware_Related_CA-R_athlete
Context-Aware Related,athlete,people,clothing_color,orange,5,11,Context-aware_Related_CA-R_athlete
Context-Aware Related,athlete,people,clothing_color,pink,1,11,Context-aware_Related_CA-R_athlete
Context-Aware Related,athlete,people,clothing_color,red,4,11,Context-aware_Related_CA-R_athlete
Context-Aware Related,athlete,people,clothing_color,white,8,11,Context-aware_Related_CA-R_athlete
Context-Aware Related,athlete,people,clothing_color,yellow,2,11,Context-aware_Related_CA-R_athlete
Context-Aware Related,athlete,people,clothing_garment,competition bib,1,15,Context-aware_Related_CA-R_athlete
Context-Aware Related,athlete,people,clothing_garment,compression shorts,5,15,Context-aware_Related_CA-R_athlete
Context-Aware Related,athlete,people,clothing_garment,race bib,3,15,Context-aware_Related_CA-R_athlete
Context-Aware Related,athlete,people,clothing_garment,racing spike shoes,1,15,Context-aware_Related_CA-R_athlete
Context-Aware Related,athlete,people,clothing_garment,racing spikes,1,15,Context-aware_Related_CA-R_athlete
Context-Aware Related,athlete,people,clothing_garment,running shorts,5,15,Context-aware_Related_CA-R_athlete
Context-Aware Related,athlete,people,clothing_garment,running spikes,1,15,Context-aware_Related_CA-R_athlete
Context-Aware Related,athlete,people,clothing_garment,shoes,3,15,Context-aware_Related_CA-R_athlete
Context-Aware Related,athlete,people,clothing_garment,shorts,4,15,Context-aware_Related_CA-R_athlete
Context-Aware Related,athlete,people,clothing_garment,singlet,8,15,Context-aware_Related_CA-R_athlete
Context-Aware Related,athlete,people,clothing_garment,sleeveless t,1,15,Context-aware_Related_CA-R_athlete
Context-Aware Related,athlete,people,clothing_garment,socks,2,15,Context-aware_Related_CA-R_athlete
Context-Aware Related,athlete,people,clothing_garment,tank top,2,15,Context-aware_Related_CA-R_athlete
Context-Aware Related,athlete,people,clothing_garment,wrist watch,1,15,Context-aware_Related_CA-R_athlete
Context-Aware Related,athlete,people,clothing_garment,wristband,1,15,Context-aware_Related_CA-R_athlete
Context-Aware Related,athlete,people,eyewear_present,no,20,1,Context-aware_Related_CA-R_athlete
Context-Aware Related,athlete,people,hair_color,black,2,3,Context-aware_Related_CA-R_athlete
Context-Aware Related,athlete,people,hair_color,brown,1,3,Context-aware_Related_CA-R_athlete
Context-Aware Related,athlete,people,facial_hair_present,no,16,2,Context-aware_Related_CA-R_athlete
Context-Aware Related,athlete,people,facial_hair_present,yes,3,2,Context-aware_Related_CA-R_athlete
Context-Aware Related,athlete,people,facial_hair_style,short stubble,1,3,Context-aware_Related_CA-R_athlete
Context-Aware Related,athlete,people,facial_hair_style,stubble,1,3,Context-aware_Related_CA-R_athlete
Context-Aware Related,athlete,people,facial_hair_style,trimmed stubble,1,3,Context-aware_Related_CA-R_athlete
Context-Aware Related,athlete,people,gaze_direction,down,2,3,Context-aware_Related_CA-R_athlete
Context-Aware Related,athlete,people,gaze_direction,left,2,3,Context-aware_Related_CA-R_athlete
Context-Aware Related,athlete,people,gaze_direction,right,1,3,Context-aware_Related_CA-R_athlete
Context-Aware Related,athlete,people,gender_presentation,female,4,2,Context-aware_Related_CA-R_athlete
Context-Aware Related,athlete,people,gender_presentation,male,17,2,Context-aware_Related_CA-R_athlete
Context-Aware Related,athlete,people,hair_color,black,6,3,Context-aware_Related_CA-R_athlete
Context-Aware Related,athlete,people,hair_color,brown,15,3,Context-aware_Related_CA-R_athlete
Context-Aware Related,athlete,people,hair_color,red,1,3,Context-aware_Related_CA-R_athlete
Context-Aware Related,athlete,people,hair_present,yes,21,1,Context-aware_Related_CA-R_athlete
Context-Aware Related,athlete,people,hair_style,bun,2,5,Context-aware_Related_CA-R_athlete
Context-Aware Related,athlete,people,hair_style,curly,1,5,Context-aware_Related_CA-R_athlete
Context-Aware Related,athlete,people,hair_style,ponytail,2,5,Context-aware_Related_CA-R_athlete
Context-Aware Related,athlete,people,hair_style,shorts,16,5,Context-aware_Related_CA-R_athlete
Context-Aware Related,athlete,people,hair_style,updo,2,5,Context-aware_Related_CA-R_athlete
Context-Aware Related,athlete,people,head_covering_present,no,20,1,Context-aware_Related_CA-R_athlete
Context-Aware Related,athlete,people,pose,standing,1,2,Context-aware_Related_CA-R_athlete
Context-Aware Related,athlete,people,pose,standing,2,2,Context-aware_Related_CA-R_athlete
Context-Aware Related,athlete,people,pose,standing,1,2,Context-aware_Related_CA-R_athlete
Context-Aware Related,athlete,people,pose,leaning,10,2,Context-aware_Related_CA-R_athlete
Context-Aware Related,athlete,people,pose,standing,6,2,Context-aware_Related_CA-R_athlete
Context-Aware Related,athlete,people,pose,standing,3,2,Context-aware_Related_CA-R_athlete
Context-Aware Related,athlete,people,pose,standing,1,2,Context-aware_Related_CA-R_athlete
Context-Aware Related,athlete,people,pose,standing,1,2,Context-aware_Related_CA-R_athlete
Context-Aware Related,athlete,people,pose,standing,2,2,Context-aware_Related_CA-R_athlete
Context-Aware Related,athlete,people,pose,standing,6,2,Context-aware_Related_CA-R_athlete
Context-Aware Related,athlete,people,skin_tone,dark,4,3,Context-aware_Related_CA-R_athlete
Context-Aware Related,athlete,people,skin_tone,light,8,3,Context-aware_Related_CA-R_athlete
Context-Aware Related,athlete,people,skin_tone,medium,9,3,Context-aware_Related_CA-R_athlete
Context-Aware Related,ceo,scene_appearance,aesthetic_qualities,cinematic,5,3,Context-aware_Related_CA-R_ceo
Context-Aware Related,ceo,scene_appearance,aesthetic_qualities,minimal,3,3,Context-aware_Related_CA-R_ceo
Context-Aware Related,ceo,scene_appearance,aesthetic_qualities,realistic,12,3,Context-aware_Related_CA-R_ceo
Context-Aware Related,ceo,scene_appearance,color_temperature,cool,9,3,Context-aware_Related_CA-R_ceo
Context-Aware Related,ceo,scene_appearance,color_temperature,neutral,4,3,Context-aware_Related_CA-R_ceo
Context-Aware Related,ceo,scene_appearance,color_temperature,warm,1,3,Context-aware_Related_CA-R_ceo
Context-Aware Related,ceo,scene_appearance,dominant_colors,black,1,2,Context-aware_Related_CA-R_ceo
Context-Aware Related,ceo,scene_appearance,dominant_colors,brown,9,2,Context-aware_Related_CA-R_ceo
Context-Aware Related,ceo,scene_appearance,dominant_colors,black,1,2,Context-aware_Related_CA-R_ceo
Context-Aware Related,ceo,scene_appearance,dominant_colors,brown,9,2,Context-aware_Related_CA-R_ceo
Context-Aware Related,ceo,scene_appearance,mood,calm,18,2,Context-aware_Related_CA-R_ceo
Context-Aware Related,ceo,scene_appearance,mood,minimalistic,1,2,Context-aware_Related_CA-R_ceo
Context-Aware Related,ceo,camera,depth_of_field,deep,13,3,Context-aware_Related_CA-R_ceo
Context-Aware Related,ceo,camera,depth_of_field,moderate,5,3,Context-aware_Related_CA-R_ceo
Context-Aware Related,ceo,camera,depth_of_field,shallow,11,3,Context-aware_Related_CA-R_ceo
Context-Aware Related,ceo,camera,framing,establishing,5,3,Context-aware_Related_CA-R_ceo
Context-Aware Related,ceo,camera,framing,medium,9,3,Context-aware_Related_CA-R_ceo
Context-Aware Related,ceo,camera,framing,wide,11,3,Context-aware_Related_CA-R_ceo
Context-Aware Related,ceo,camera,perspective,eye level,23,1,Context-aware_Related_CA-R_ceo
Context-Aware Related,ceo,objects,type,book like,1,16,Context-aware_Related_CA-R_ceo
Context-Aware Related,ceo,objects,type,chair,8,16,Context-aware_Related_CA-R_ceo
Context-Aware Related,ceo,objects,type,desktop accessory,1,16,Context-aware_Related_CA-R_ceo
Context-Aware Related,ceo,objects,type,dishware,1,16,Context-aware_Related_CA-R_ceo
Context-Aware Related,ceo,objects,type,glassware,1,16,Context-aware_Related_CA-R_ceo
Context-Aware Related,ceo,objects,type,mug,1,16,Context-aware_Related_CA-R_ceo
Context-Aware Related,ceo,objects,type,notebook,2,16,Context-aware_Related_CA-R_ceo
Context-Aware Related,ceo,objects,type,office chair,27,16,Context-aware_Related_CA-R_ceo
Context-Aware Related,ceo,objects,type,paper,3,16,Context-aware_Related_CA-R_ceo
Context-Aware Related,ceo,objects,type,paperwork,1,16,Context-aware_Related_CA-R_ceo
Context-Aware Related,ceo,objects,type,plant,4,16,Context-aware_Related_CA-R_ceo
Context-Aware Related,ceo,objects,type,table,8,16,Context-aware_Related_CA-R_ceo
Context-Aware Related,ceo,objects,type,table port,1,16,Context-aware_Related_CA-R_ceo
Context-Aware Related,ceo,objects,type,tabletop,1,16,Context-aware_Related_CA-R_ceo
Context-Aware Related,ceo,objects,type,tableware,1,16,Context-aware_Related_CA-R_ceo
Context-Aware Related,ceo,objects,type,window,4,16,Context-aware_Related_CA-R_ceo
Context-Aware Related,ceo,people,age_range,middle aged,33,3,Context-aware_Related_CA-R_ceo
Context-Aware Related,ceo,people,age_range,older adult,3,3,Context-aware_Related_CA-R_ceo
Context-Aware Related,ceo,people,age_range,young adult,11,3,Context-aware_Related_CA-R_ceo
Context-Aware Related,ceo,people,clothing_color,black,6,6,Context-aware_Related_CA-R_ceo
Context-Aware Related,ceo,people,clothing_color,blue,18,6,Context-aware_Related_CA-R_ceo
Context-Aware Related,ceo,people,clothing_color,gray,2,6,Context-aware_Related_CA-R_ceo
Context-Aware Related,ceo,people,clothing_color,pink,1,6,Context-aware_Related_CA-R_ceo
Context-Aware Related,ceo,people,clothing_color,white,9,6,Context-aware_Related_CA-R_ceo
Context-Aware Related,ceo,people,clothing_color,black,13,6,Context-aware_Related_CA-R_ceo
Context-Aware Related,ceo,people,clothing_color,blue,29,6,Context-aware_Related_CA-R_ceo
Context-Aware Related,ceo,people,clothing_color,gray,16,6,Context-aware_Related_CA-R_ceo
Context-Aware Related,ceo,people,clothing_color,red,2,6,Context-aware_Related_CA-R_ceo
Context-Aware Related,ceo,people,clothing_color,white,16,6,Context-aware_Related_CA-R_ceo
Context-Aware Related,ceo,people,eyewear_present,no,34,2,Context-aware_Related_CA-R_ceo
Context-Aware Related,ceo,people,eyewear_present,yes,13,2,Context-aware_Related_CA-R_ceo
Context-Aware Related,ceo,people,eyewear_type,eyeglasses,1,4,Context-aware_Related_CA-R_ceo
Context-Aware Related,ceo,people,eyewear_type,prescription,1,4,Context-aware_Related_CA-R_ceo
Context-Aware Related,ceo,people,eyewear_type,rectangular glasses,7,4,Context-aware_Related_CA-R_ceo
Context-Aware Related,ceo,people,eyewear_type,thin framed glasses,4,4,Context-aware_Related_CA-R_ceo
Context-Aware Related,ceo,people,hair_color,black,9,7,Context-aware_Related_CA-R_ceo
Context-Aware Related,ceo,people,hair_color,dark blue,1,7,Context-aware_Related_CA-R_ceo
Context-Aware Related,ceo,people,hair_color,gray,1,7,Context-aware_Related_CA-R_ceo
Context-Aware Related,ceo,people,facial_hair_present,no,33,2,Context-aware_Related_CA-R_ceo
Context-Aware Related,ceo,people,facial_hair_present,yes,12,2,Context-aware_Related_CA-R_ceo
Context-Aware Related,ceo,people,facial_hair_style,light stubble,1,4,Context-aware_Related_CA-R_ceo
Context-Aware Related,ceo,people,facial_hair_style,stubble,1,4,Context-aware_Related_CA-R_ceo
Context-Aware Related,ceo,people,facial_hair_style,trimmed beard,6,4,Context-aware_Related_CA-R_ceo
Context-Aware Related,ceo,people,facial_hair_style,trimmed stubble,3,4,Context-aware_Related_CA-R_ceo
Context-Aware Related,ceo,people,gender_presentation,female,12,2,Context-aware_Related_CA-R_ceo
Context-Aware Related,ceo,people,gender_presentation,male,40,2,Context-aware_Related_CA-R_ceo
Context-Aware Related,ceo,people,hair_color,black,12,7,Context-aware_Related_CA-R_ceo
Context-Aware Related,ceo,people,hair_color,brown,22,7,Context-aware_Related_CA-R_ceo
Context-Aware Related,ceo,people,hair_color,gray,16,7,Context-aware_Related_CA-R_ceo
Context-Aware Related,ceo,people,hair_color,maroon,1,7,Context-aware_Related_CA-R_ceo
Context-Aware Related,ceo,people,hair_color,pink,2,7,Context-aware_Related_CA-R_ceo
Context-Aware Related,ceo,people,hair_color,white,1,7,Context-aware_Related_CA-R_ceo
Context-Aware Related,ceo,people,hair_present,yes,51,1,Context-aware_Related_CA-R_ceo
Context-Aware Related,ceo,people,hair_style,long,9,5,Context-aware_Related_CA-R_ceo
Context-Aware Related,ceo,people,hair_style,shaved,1,5,Context-aware_Related_CA-R_ceo
Context-Aware Related,ceo,people,hair_style,short,38,5,Context-aware_Related_CA-R_ceo
Context-Aware Related,ceo,people,hair_style,straight,8,5,Context-aware_Related_CA-R_ceo
Context-Aware Related,ceo,people,hair_style,wavy,1,5,Context-aware_Related_CA-R_ceo
Context-Aware Related,ceo,people,head_covering_present,no,51,1,Context-aware_Related_CA-R_ceo
Context-Aware Related,ceo,people,skin_tone,light,45,2,Context-aware_Related_CA-R_ceo
Context-Aware Related,ceo,people,skin_tone,medium,6,2,Context-aware_Related_CA-R_ceo
Context-Aware Related,police_officer,scene_appearance,aesthetic_qualities,cinematic,4,3,Context-aware_Related_CA-R_police_officer
Context-Aware Related,police_officer,scene_appearance,aesthetic_qualities,gritty,1,3,Context-aware_Related_CA-R_police_officer
Context-Aware Related,police_officer,scene_appearance,aesthetic_qualities,realistic,8,3,Context-aware_Related_CA-R_police_officer
Context-Aware Related,police_officer,scene_appearance,color_temperature,cool,3,3,Context-aware_Related_CA-R_police_officer
Context-Aware Related,police_officer,scene_appearance,color_temperature,neutral,3,3,Context-aware_Related_CA-R_police_officer
Context-Aware Related,police_officer,scene_appearance,color_temperature,warm,4,3,Context-aware_Related_CA-R_police_officer
Context-Aware Related,police_officer,scene_appearance,dominant_colors,black,9,8,Context-aware_Related_CA-R_police_officer
Context-Aware Related,police_officer,scene_appearance,dominant_colors,blue,0,8,Context-aware_Related_CA-R_police_officer
Context-Aware Related,police_officer,scene_appearance,dominant_colors,brown,6,8,Context-aware_Related_CA-R_police_officer
Context-Aware Related,police_officer,scene_appearance,dominant_colors,cyan,2,8,Context-aware_Related_CA-R_police_officer
Context-Aware Related,police_officer,scene_appearance,dominant_colors,medium violet red,1,8,Context-aware_Related_CA-R_police_officer
Context-Aware Related,police_officer,scene_appearance,dominant_colors,mediumblue,1,8,Context-aware_Related_CA-R_police_officer
Context-Aware Related,police_officer,scene_appearance,dominant_colors,mediumvioletred,2,8,Context-aware_Related_CA-R_police_officer
Context-Aware Related,police_officer,scene_appearance,dominant_colors,violet,0,8,Context-aware_Related_CA-R_police_officer
Context-Aware Related,police_officer,scene_appearance,mood,calm,9,3,Context-aware_Related_CA-R_police_officer
Context-Aware Related,police_officer,scene_appearance,mood,melancholic,1,3,Context-aware_Related_CA-R_police_officer
Context-Aware Related,police_officer,scene_appearance,mood,tense,8,3,Context-aware_Related_CA-R_police_officer
Context-Aware Related,police_officer,camera,depth_of_field,deep,3,3,Context-aware_Related_CA-R_police_officer
Context-Aware Related,police_officer,camera,depth_of_field,moderate,9,3,Context-aware_Related_CA-R_police_officer
Context-Aware Related,police_officer,camera,depth_of_field,shallow,5,3,Context-aware_Related_CA-R_police_officer
Context-Aware Related,police_officer,camera,framing,full body,8,3,Context-aware_Related_CA-R_police_officer
Context-Aware Related,police_officer,camera,framing,medium,10,3,Context-aware_Related_CA-R_police_officer
Context-Aware Related,police_officer,camera,framing,wide,4,3,Context-aware_Related_CA-R_police_officer
Context-Aware Related,police_officer,camera,perspective,eye level,11,2,Context-aware_Related_CA-R_police_officer
Context-Aware Related,police_officer,camera,perspective,third person,1,2,Context-aware_Related_CA-R_police_officer
Context-Aware Related,police_officer,objects,type,sign,2,4,Context-aware_Related_CA-R_police_officer
Context-Aware Related,police_officer,objects,type,street furniture,1,4,Context-aware_Related_CA-R_police_officer
Context-Aware Related,police_officer,objects,type,traffic cone,1,4,Context-aware_Related_CA-R_police_officer
Context-Aware Related,police_officer,objects,type,traffic sign,2,4,Context-aware_Related_CA-R_police_officer
Context-Aware Related,police_officer,people,activities,attending vehicle,1,11,Context-aware_Related_CA-R_police_officer
Context-Aware Related,police_officer,people,activities,attending vehicle,1,11,Context-aware_Related_CA-R_police_officer
Context-Aware Related,police_officer,people,activities,interacting with vehicle,1,11,Context-aware_Related_CA-R_police_officer
Context-Aware Related,police_officer,people,activities,holding small device,1,11,Context-aware_Related_CA-R_police_officer
Context-Aware Related,police_officer,people,activities,interacting with vehicle,1,11,Context-aware_Related_CA-R_police_officer
Context-Aware Related,police_officer,people,activities,attending vehicle,1,11,Context-aware_Related_CA-R_police_officer
Context-Aware Related,police_officer,people,activities,observing approaching vehicles,1,11,Context-aware_Related_CA-R_police_officer
Context-Aware Related,police_officer,people,activities,observing oncoming traffic,1,11,Context-aware_Related_CA-R_police_officer
Context-Aware Related,police_officer,people,activities,one hand near duty belt,1,11,Context-aware_Related_CA-R_police_officer
Context-Aware Related,police_officer,people,activities,overseeing traffic,1,11,Context-aware_Related_CA-R_police_officer
Context-Aware Related,police_officer,people,activities,standing,4,11,Context-aware_Related_CA-R_police_officer
Context-Aware Related,police_officer,people,activities,standing beside driver side door,1,11,Context-aware_Related_CA-R_police_officer
Context-Aware Related,police_officer,people,activities,standing or paused,1,11,Context-aware_Related_CA-R_police_officer
Context-Aware Related,police_officer,people,activities,traffic control inference,1,11,Context-aware_Related_CA-R_police_officer
Context-Aware Related,police_officer,people,age_range,middle aged,13,2,Context-aware_Related_CA-R_police_officer
Context-Aware Related,police_officer,people,age_range,young adult,2,2,Context-aware_Related_CA-R_police_officer
Context-Aware Related,police_officer,people,clothing_color,black,50,7,Context-aware_Related_CA-R_police_officer
Context-Aware Related,police_officer,people,clothing_color,blue,59,7,Context-aware_Related_CA-R_police_officer
Context-Aware Related,police_officer,people,clothing_color,brown,3,7,Context-aware_Related_CA-R_police_officer
Context-Aware Related,police_officer,people,clothing_color,darkblue,3,7,Context-aware_Related_CA-R_police_officer
Context-Aware Related,police_officer,people,clothing_color,lightcoral,1,7,Context-aware_Related_CA-R_police_officer
Context-Aware Related,police_officer,people,clothing_color,white,1,7,Context-aware_Related_CA-R_police_officer
Context-Aware Related,police_officer,people,clothing_color,yellow,2,7,Context-aware_Related_CA-R_police_officer
Context-Aware Related,police_officer,people,clothing_garment,belt,11,10,Context-aware_Related_CA-R_police_officer
Context-Aware Related,police_officer,people,clothing_garment,boots,6,10,Context-aware_Related_CA-R_police_officer
Context-Aware Related,police_officer,people,clothing_garment,cap,7,10,Context-aware_Related_CA-R_police_officer
Context-Aware Related,police_officer,people,clothing_garment,helmet,1,10,Context-aware_Related_CA-R_police_officer
Context-Aware Related,police_officer,people,clothing_garment,necktie,1,10,Context-aware_Related_CA-R_police_officer
Context-Aware Related,police_officer,people,clothing_garment,shirt,20,10,Context-aware_Related_CA-R_police_officer
Context-Aware Related,police_officer,people,clothing_garment,shoes,5,10,Context-aware_Related_CA-R_police_officer
Context-Aware Related,police_officer,people,clothing_garment,uniform jacket,3,10,Context-aware_Related_CA-R_police_officer
Context-Aware Related,police_officer,people,clothing_garment,uniform trousers,19,10,Context-aware_Related_CA-R_police_officer
Context-Aware Related,police_officer,people,clothing_garment,wristwatch,3,10,Context-aware_Related_CA-R_police_officer
Context-Aware Related,police_officer,people,eyewear_present,no,9,2,Context-aware_Related_CA-R_police_officer
Context-Aware Related,police_officer,people,eyewear_present,yes,2,2,Context-aware_Related_CA-R_police_officer
Context-Aware Related,police_officer,people,eyewear_type,sunglasses,2,1,Context-aware_Related_CA-R_police_officer
Context-Aware Related,police_officer,people,facial_hair_present,no,9,2,Context-aware_Related_CA-R_police_officer
Context-Aware Related,police_officer,people,facial_hair_present,yes,1,2,Context-aware_Related_CA-R_police_officer
Context-Aware Related,police_officer,people,gaze_direction,left,2,1,Context-aware_Related_CA-R_police_officer
Context-Aware Related,police_officer,people,gender_presentation,male,21,1,Context-aware_Related_CA-R_police_officer
Context-Aware Related,police_officer,people,hair_color,black,15,2,Context-aware_Related_CA-R_police_officer
Context-Aware Related,police_officer,people,hair_color,brown,6,2,Context-aware_Related_CA-R_police_officer
Context-Aware Related,police_officer,people,hair_present,no,1,2,Context-aware_Related_CA-R_police_officer
Context-Aware Related,police_officer,people,hair_present,yes,19,2,Context-aware_Related_CA-R_police_officer
Context-Aware Related,police_officer,people,hair_style,short,16,1,Context-aware_Related_CA-R_police_officer
Context-Aware Related,police_officer,people,head_covering_type,black,4,11,Context-aware_Related_CA-R_police_officer
Context-Aware Related,police_officer,people,head_covering_type,blue,8,11,Context-aware_Related_CA-R_police_officer
Context-Aware Related,police_officer,people,head_covering_type,dark blue,5,11,Context-aware_Related_CA-R_police_officer
Context-Aware Related,police_officer,people,head_covering_type,lightcoral,1,11,Context-aware_Related_CA-R_police_officer
Context-Aware Related,police_officer,people,head_covering_present,no,1,2,Context-aware_Related_CA-R_police_officer
Context-Aware Related,police_officer,people,head_covering_present,yes,20,2,Context-aware_Related_CA-R_police_officer
Context-Aware Related,police_officer,people,head_covering_type,cap,1,11,Context-aware_Related_CA-R_police_officer
Context-Aware Related,police_officer,people,head_covering_type,duty helmet,1,11,Context-aware_Related_CA-R_police_officer
Context-Aware Related,police_officer,people,head_covering_type,peaked cap,9,11,Context-aware_Related_CA-R_police_officer
Context-Aware Related,police_officer,people,head_covering_type,peaked police cap,2,11,Context-aware_Related_CA-R_police_officer
Context-Aware Related,police_officer,people,head_covering_type,peaked service cap,4,11,Context-aware_Related_CA-R_police_officer
Context-Aware Related,police_officer,people,head_covering_type,protective helmet,1,11,Context-aware_Related_CA-R_police_officer
Context-Aware Related,police_officer,people,head_covering_type,service cap,1,11,Context-aware_Related_CA-R_police_officer
Context-Aware Related,police_officer,people,pose,standing,2,2,Context-aware_Related_CA-R_police_officer
Context-Aware Related,police_officer,people,pose,standing,1,2,Context-aware_Related_CA-R_police_officer
Context-Aware Related,police_officer,people,pose,standing,3,2,Context-aware_Related_CA-R_police_officer
Context-Aware Related,police_officer,people,pose,leaning,1,2,Context-aware_Related_CA-R_police_officer
Context-Aware Related,police_officer,people,pose,standing,1,2,Context-aware_Related_CA-R_police_officer
Context-Aware Related,police_officer,people,pose,standing,1,2,Context-aware_Related_CA-R_police_officer
Context-Aware Related,police_officer,people,pose,leaning,1,2,Context-aware_Related_CA-R_police_officer
Context-Aware Related,police_officer,people,pose,standing,1,2,Context-aware_Related_CA-R_police_officer
Context-Aware Related,police_officer,people,pose,standing,1,2,Context-aware_Related_CA-R_police_officer
Context-Aware Related,police_officer,people,pose,standing,1,2,Context-aware_Related_CA-R_police_officer
Context-Aware Related,police_officer,people,pose,standing,1,2,Context-aware_Related_CA-R_police_officer
Context-Aware Related,police_officer,people,pose,leaning,2,2,Context-aware_Related_CA-R_police_officer
Context-Aware Related,police_officer,people,pose,leaning,1,2,Context-aware_Related_CA-R_police_officer
Context-Aware Related,police_officer,people,pose,standing,3,2,Context-aware_Related_CA-R_police_officer
Context-Aware Related,police_officer,people,pose,standing,9,2,Context-aware_Related_CA-R_police_officer
Context-Aware Related,police_officer,people,skin_tone,dark,3,3,Context-aware_Related_CA-R_police_officer
Context-Aware Related,police_officer,people,skin_tone,light,9,3,Context-aware_Related_CA-R_police_officer
Context-Aware Related,police_officer,people,skin_tone,medium,9,3,Context-aware_Related_CA-R_police_officer
Context-Aware Unrelated,dancer,scene_appearance,aesthetic_qualities,cinematic,10,3,Context-aware_Unrelated_CA-U_dancer
Context-Aware Unrelated,dancer,scene_appearance,aesthetic_qualities,dreamy,1,3,Context-aware_Unrelated_CA-U_dancer
Context-Aware Unrelated,dancer,scene_appearance,aesthetic_qualities,realistic,10,3,Context-aware_Unrelated_CA-U_dancer
Context-Aware Unrelated,dancer,scene_appearance,dominant_colors,black,2,4,Context-aware_Unrelated_CA-U_dancer
Context-Aware Unrelated,dancer,scene_appearance,dominant_colors,brown,16,4,Context-aware_Unrelated_CA-U_dancer
Context-Aware Unrelated,dancer,scene_appearance,dominant_colors,lightgreen,3,4,Context-aware_Unrelated_CA-U_dancer
Context-Aware Unrelated,dancer,scene_appearance,dominant_colors,orangered,1,4,Context-aware_Unrelated_CA-U_dancer
Context-Aware Unrelated,dancer,scene_appearance,mood,calm,20,1,Context-aware_Unrelated_CA-U_dancer
Context-Aware Unrelated,dancer,scene_appearance,color_temperature,cool,2,3,Context-aware_Unrelated_CA-U_dancer
Context-Aware Unrelated,dancer,scene_appearance,color_temperature,neutral,2,3,Context-aware_Unrelated_CA-U_dancer
Context-Aware Unrelated,dancer,scene_appearance,color_temperature,warm,19,3,Context-aware_Unrelated_CA-U_dancer
Context-Aware Unrelated,dancer,camera,depth_of_field,moderate,1,2,Context-aware_Unrelated_CA-U_dancer
Context-Aware Unrelated,dancer,camera,depth_of_field,shallow,32,2,Context-aware_Unrelated_CA-U_dancer
Context-Aware Unrelated,dancer,camera,framing,full body,9,4,Context-aware_Unrelated_CA-U_dancer
Context-Aware Unrelated,dancer,camera,framing,headshot,1,4,Context-aware_Unrelated_CA-U_dancer
Context-Aware Unrelated,dancer,camera,framing,medium,11,4,Context-aware_Unrelated_CA-U_dancer
Context-Aware Unrelated,dancer,camera,framing,wide,1,4,Context-aware_Unrelated_CA-U_dancer
Context-Aware Unrelated,dancer,camera,perspective,eye level,24,2,Context-aware_Unrelated_CA-U_dancer
Context-Aware Unrelated,dancer,camera,perspective,third person,2,2,Context-aware_Unrelated_CA-U_dancer
Context-Aware Unrelated,dancer,objects,type,bowl,3,46,Context-aware_Unrelated_CA-U_dancer
Context-Aware Unrelated,dancer,objects,type,cabinet,6,46,Context-aware_Unrelated_CA-U_dancer
Context-Aware Unrelated,dancer,objects,type,ceramic or glass cooktop,30,46,Context-aware_Unrelated_CA-U_dancer
Context-Aware Unrelated,dancer,objects,type,container,9,46,Context-aware_Unrelated_CA-U_dancer
Context-Aware Unrelated,dancer,objects,type,cookware,3,46,Context-aware_Unrelated_CA-U_dancer
Context-Aware Unrelated,dancer,objects,type,cutting board,4,46,Context-aware_Unrelated_CA-U_dancer
Context-Aware Unrelated,dancer,objects,type,glass jar,4,46,Context-aware_Unrelated_CA-U_dancer
Context-Aware Unrelated,dancer,objects,type,knife,1,46,Context-aware_Unrelated_CA-U_dancer
Context-Aware Unrelated,dancer,objects,type,open wooden shelving,5,46,Context-aware_Unrelated_CA-U_dancer
Context-Aware Unrelated,dancer,objects,type,plant,8,46,Context-aware_Unrelated_CA-U_dancer
Context-Aware Unrelated,dancer,objects,type,plates,1,46,Context-aware_Unrelated_CA-U_dancer
Context-Aware Unrelated,dancer,objects,type,pots and pans,1,46,Context-aware_Unrelated_CA-U_dancer
Context-Aware Unrelated,dancer,objects,type,shelf unit,1,46,Context-aware_Unrelated_CA-U_dancer
Context-Aware Unrelated,dancer,objects,type,storage jars,1,46,Context-aware_Unrelated_CA-U_dancer
Context-Aware Unrelated,dancer,objects,type,stovetop,2,46,Context-aware_Unrelated_CA-U_dancer
Context-Aware Unrelated,dancer,objects,type,tomatoes,7,46,Context-aware_Unrelated_CA-U_dancer
Context-Aware Unrelated,dancer,objects,type,utensil rail,3,46,Context-aware_Unrelated_CA-U_dancer
Context-Aware Unrelated,dancer,objects,type,window,5,46,Context-aware_Unrelated_CA-U_dancer
Context-Aware Unrelated,dancer,objects,type,wooden cutting board,6,46,Context-aware_Unrelated_CA-U_dancer
Context-Aware Unrelated,dancer,objects,type,bowl,1,46,Context-aware_Unrelated_CA-U_dancer
Context-Aware Unrelated,dancer,objects,type,built microwave,1,46,Context-aware_Unrelated_CA-U_dancer
Context-Aware Unrelated,dancer,objects,type,built oven,1,46,Context-aware_Unrelated_CA-U_dancer
Context-Aware Unrelated,dancer,objects,type,cabinet,6,46,Context-aware_Unrelated_CA-U_dancer
Context-Aware Unrelated,dancer,objects,type,ceramic bowl,8,46,Context-aware_Unrelated_CA-U_dancer
Context-Aware Unrelated,dancer,objects,type,container,1,46,Context-aware_Unrelated_CA-U_dancer
Context-Aware Unrelated,dancer,objects,type,cutting board,1,46,Context-aware_Unrelated_CA-U_dancer
Context-Aware Unrelated,dancer,objects,type,faucet,1,46,Context-aware_Unrelated_CA-U_dancer
Context-Aware Unrelated,dancer,objects,type,glass bowl,1,46,Context-aware_Unrelated_CA-U_dancer
Context-Aware Unrelated,dancer,objects,type,glass carafe,1,46,Context-aware_Unrelated_CA-U_dancer
Context-Aware Unrelated,dancer,objects,type,glass pitcher,1,46,Context-aware_Unrelated_CA-U_dancer
Context-Aware Unrelated,dancer,objects,type,hanging cookware array,1,46,Context-aware_Unrelated_CA-U_dancer
Context-Aware Unrelated,dancer,objects,type,kettle,2,46,Context-aware_Unrelated_CA-U_dancer
Context-Aware Unrelated,dancer,objects,type,kitchen cabinet,35,46,Context-aware_Unrelated_CA-U_dancer
Context-Aware Unrelated,dancer,objects,type,lamp,1,46,Context-aware_Unrelated_CA-U_dancer
Context-Aware Unrelated,dancer,objects,type,matte black kettle,1,46,Context-aware_Unrelated_CA-U_dancer
Context-Aware Unrelated,dancer,objects,type,microwave,1,46,Context-aware_Unrelated_CA-U_dancer
Context-Aware Unrelated,dancer,objects,type,mixing bowl,1,46,Context-aware_Unrelated_CA-U_dancer
Context-Aware Unrelated,dancer,objects,type,multi pane window,3,46,Context-aware_Unrelated_CA-U_dancer
Context-Aware Unrelated,dancer,objects,type,open shelves sink,1,46,Context-aware_Unrelated_CA-U_dancer
Context-Aware Unrelated,dancer,objects,type,paper towel roll,2,46,Context-aware_Unrelated_CA-U_dancer
Context-Aware Unrelated,dancer,objects,type,pendant lamp,1,46,Context-aware_Unrelated_CA-U_dancer
Context-Aware Unrelated,dancer,objects,type,plant,4,46,Context-aware_Unrelated_CA-U_dancer
Context-Aware Unrelated,dancer,objects,type,potted plants,7,46,Context-aware_Unrelated_CA-U_dancer
Context-Aware Unrelated,dancer,objects,type,sink group,1,46,Context-aware_Unrelated_CA-U_dancer
Context-Aware Unrelated,dancer,objects,type,sink shelving,1,46,Context-aware_Unrelated_CA-U_dancer
Context-Aware Unrelated,dancer,objects,type,sink shelving plant group,1,46,Context-aware_Unrelated_CA-U_dancer
Context-Aware Unrelated,dancer,objects,type,small bowl or dish,1,46,Context-aware_Unrelated_CA-U_dancer
Context-Aware Unrelated,dancer,objects,type,spice jars mug,1,46,Context-aware_Unrelated_CA-U_dancer
Context-Aware Unrelated,dancer,objects,type,stainless steel extractor hood,1,46,Context-aware_Unrelated_CA-U_dancer
Context-Aware Unrelated,dancer,objects,type,stovetop,1,46,Context-aware_Unrelated_CA-U_dancer
Context-Aware Unrelated,dancer,objects,type,table lamp,1,46,Context-aware_Unrelated_CA-U_dancer
Context-Aware Unrelated,dancer,objects,type,two door refrigerator,1,46,Context-aware_Unrelated_CA-U_dancer
Context-Aware Unrelated,dancer,objects,type,utensil rail,1,46,Context-aware_Unrelated_CA-U_dancer
Context-Aware Unrelated,dancer,objects,type,window,5,46,Context-aware_Unrelated_CA-U_dancer
Context-Aware Unrelated,dancer,people,age_range,child,1,2,Context-aware_Unrelated_CA-U_dancer
Context-Aware Unrelated,dancer,people,age_range,young adult,18,2,Context-aware_Unrelated_CA-U_dancer
Context-Aware Unrelated,dancer,people,eyewear_present,no,10,1,Context-aware_Unrelated_CA-U_dancer
Context-Aware Unrelated,dancer,people,facial_hair_present,no,10,1,Context-aware_Unrelated_CA-U_dancer
Context-Aware Unrelated,dancer,people,gaze_direction,down,6,2,Context-aware_Unrelated_CA-U_dancer
Context-Aware Unrelated,dancer,people,gaze_direction,left,1,2,Context-aware_Unrelated_CA-U_dancer
Context-Aware Unrelated,dancer,people,gender_presentation,female,19,1,Context-aware_Unrelated_CA-U_dancer
Context-Aware Unrelated,dancer,people,hair_color,black,4,2,Context-aware_Unrelated_CA-U_dancer
Context-Aware Unrelated,dancer,people,hair_color,brown,16,2,Context-aware_Unrelated_CA-U_dancer
Context-Aware Unrelated,dancer,people,hair_present,yes,10,1,Context-aware_Unrelated_CA-U_dancer
Context-Aware Unrelated,dancer,people,hair_style,bun,4,5,Context-aware_Unrelated_CA-U_dancer
Context-Aware Unrelated,dancer,people,hair_style,long,6,5,Context-aware_Unrelated_CA-U_dancer
Context-Aware Unrelated,dancer,people,hair_style,ponytail,6,5,Context-aware_Unrelated_CA-U_dancer
Context-Aware Unrelated,dancer,people,hair_style,straight,4,5,Context-aware_Unrelated_CA-U_dancer
Context-Aware Unrelated,dancer,people,hair_style,wavy,2,5,Context-aware_Unrelated_CA-U_dancer
Context-Aware Unrelated,dancer,people,head_covering_present,no,10,1,Context-aware_Unrelated_CA-U_dancer
Context-Aware Unrelated,dancer,people,pose,standing,8,1,Context-aware_Unrelated_CA-U_dancer
Context-Aware Unrelated,dancer,people,skin_tone,light,19,2,Context-aware_Unrelated_CA-U_dancer
Context-Aware Unrelated,dancer,people,skin_tone,medium,10,2,Context-aware_Unrelated_CA-U_dancer
Context-Aware Unrelated,ceo,scene_appearance,aesthetic_qualities,cinematic,8,2,Context-aware_Unrelated_CA-U_ceo
Context-Aware Unrelated,ceo,scene_appearance,aesthetic_qualities,realistic,12,2,Context-aware_Unrelated_CA-U_ceo
Context-Aware Unrelated,ceo,scene_appearance,color_temperature,cool,12,2,Context-aware_Unrelated_CA-U_ceo
Context-Aware Unrelated,ceo,scene_appearance,color_temperature,neutral,5,2,Context-aware_Unrelated_CA-U_ceo
Context-Aware Unrelated,ceo,scene_appearance,dominant_colors,black,6,4,Context-aware_Unrelated_CA-U_ceo
Context-Aware Unrelated,ceo,scene_appearance,dominant_colors,medium blue,2,4,Context-aware_Unrelated_CA-U_ceo
Context-Aware Unrelated,ceo,scene_appearance,dominant_colors,orange red,1,4,Context-aware_Unrelated_CA-U_ceo
Context-Aware Unrelated,ceo,scene_appearance,dominant_colors,red,1,4,Context-aware_Unrelated_CA-U_ceo
Context-Aware Unrelated,ceo,scene_appearance,mood,calm,16,3,Context-aware_Unrelated_CA-U_ceo
Context-Aware Unrelated,ceo,scene_appearance,mood,joyful,2,3,Context-aware_Unrelated_CA-U_ceo
Context-Aware Unrelated,ceo,scene_appearance,mood,minimalistic,1,3,Context-aware_Unrelated_CA-U_ceo
Context-Aware Unrelated,ceo,camera,depth_of_field,deep,4,8,Context-aware_Unrelated_CA-U_ceo
Context-Aware Unrelated,ceo,camera,depth_of_field,deep dof,2,8,Context-aware_Unrelated_CA-U_ceo
Context-Aware Unrelated,ceo,camera,depth_of_field,moderate,4,8,Context-aware_Unrelated_CA-U_ceo
Context-Aware Unrelated,ceo,camera,depth_of_field,moderate dof,1,8,Context-aware_Unrelated_CA-U_ceo
Context-Aware Unrelated,ceo,camera,depth_of_field,per image share,0,8,Context-aware_Unrelated_CA-U_ceo
Context-Aware Unrelated,ceo,camera,depth_of_field,shallow,8,8,Context-aware_Unrelated_CA-U_ceo
Context-Aware Unrelated,ceo,camera,depth_of_field,shallow dof,6,8,Context-aware_Unrelated_CA-U_ceo
Context-Aware Unrelated,ceo,camera,depth_of_field,within attribute share,0,8,Context-aware_Unrelated_CA-U_ceo
Context-Aware Unrelated,ceo,camera,framing,establishing,2,5,Context-aware_Unrelated_CA-U_ceo
Context-Aware Unrelated,ceo,camera,framing,full body,7,5,Context-aware_Unrelated_CA-U_ceo
Context-Aware Unrelated,ceo,camera,framing,headshot,1,5,Context-aware_Unrelated_CA-U_ceo
Context-Aware Unrelated,ceo,camera,framing,medium,9,5,Context-aware_Unrelated_CA-U_ceo
Context-Aware Unrelated,ceo,camera,framing,wide,7,5,Context-aware_Unrelated_CA-U_ceo
Context-Aware Unrelated,ceo,camera,perspective,eye level,27,3,Context-aware_Unrelated_CA-U_ceo
Context-Aware Unrelated,ceo,camera,perspective,per image share,0,3,Context-aware_Unrelated_CA-U_ceo
Context-Aware Unrelated,ceo,camera,perspective,within attribute share,0,3,Context-aware_Unrelated_CA-U_ceo
Context-Aware Unrelated,ceo,objects,type,digital display screens,1,14,Context-aware_Unrelated_CA-U_ceo
Context-Aware Unrelated,ceo,objects,type,endcap display,1,14,Context-aware_Unrelated_CA-U_ceo
Context-Aware Unrelated,ceo,objects,type,endcap shelving,1,14,Context-aware_Unrelated_CA-U_ceo
Context-Aware Unrelated,ceo,objects,type,hanging sign,1,14,Context-aware_Unrelated_CA-U_ceo
Context-Aware Unrelated,ceo,objects,type,overhead sign,1,14,Context-aware_Unrelated_CA-U_ceo
Context-Aware Unrelated,ceo,objects,type,packaged box,1,14,Context-aware_Unrelated_CA-U_ceo
Context-Aware Unrelated,ceo,objects,type,produce basket,1,14,Context-aware_Unrelated_CA-U_ceo
Context-Aware Unrelated,ceo,objects,type,refrigerated produce shelf,2,14,Context-aware_Unrelated_CA-U_ceo
Context-Aware Unrelated,ceo,objects,type,refrigerated shelf,10,14,Context-aware_Unrelated_CA-U_ceo
Context-Aware Unrelated,ceo,objects,type,shelf edge sale tags,1,14,Context-aware_Unrelated_CA-U_ceo
Context-Aware Unrelated,ceo,objects,type,shelf price strip,1,14,Context-aware_Unrelated_CA-U_ceo
Context-Aware Unrelated,ceo,objects,type,shopping basket,1,14,Context-aware_Unrelated_CA-U_ceo
Context-Aware Unrelated,ceo,objects,type,shopping cart,9,14,Context-aware_Unrelated_CA-U_ceo
Context-Aware Unrelated,ceo,objects,type,sign,1,14,Context-aware_Unrelated_CA-U_ceo
Context-Aware Unrelated,ceo,people,activities,posing for camera,1,5,Context-aware_Unrelated_CA-U_ceo
Context-Aware Unrelated,ceo,people,activities,smiling,2,5,Context-aware_Unrelated_CA-U_ceo
Context-Aware Unrelated,ceo,people,activities,standing,8,5,Context-aware_Unrelated_CA-U_ceo
Context-Aware Unrelated,ceo,people,gaze_direction,up,5,1,Context-aware_Unrelated_CA-U_ceo
Context-Aware Unrelated,ceo,people,activities,front,8,5,Context-aware_Unrelated_CA-U_ceo
Context-Aware Unrelated,ceo,people,activities,three quarter,1,5,Context-aware_Unrelated_CA-U_ceo
Context-Aware Unrelated,ceo,people,pose,standing,1,3,Context-aware_Unrelated_CA-U_ceo
Context-Aware Unrelated,ceo,people,pose,hands_pockets,4,3,Context-aware_Unrelated_CA-U_ceo
Context-Aware Unrelated,ceo,people,pose,standing,7,3,Context-aware_Unrelated_CA-U_ceo
Context-Aware Unrelated,ceo,people,pose,standing,10,3,Context-aware_Unrelated_CA-U_ceo
Context-Aware Unrelated,ceo,people,age_range,middle aged,19,2,Context-aware_Unrelated_CA-U_ceo
Context-Aware Unrelated,ceo,people,age_range,older adult,1,2,Context-aware_Unrelated_CA-U_ceo
Context-Aware Unrelated,ceo,people,clothing_color,black,26,8,Context-aware_Unrelated_CA-U_ceo
Context-Aware Unrelated,ceo,people,clothing_color,blue,41,8,Context-aware_Unrelated_CA-U_ceo
Context-Aware Unrelated,ceo,people,clothing_color,brown,1,8,Context-aware_Unrelated_CA-U_ceo
Context-Aware Unrelated,ceo,people,clothing_color,gray,7,8,Context-aware_Unrelated_CA-U_ceo
Context-Aware Unrelated,ceo,people,clothing_color,pink,1,8,Context-aware_Unrelated_CA-U_ceo
Context-Aware Unrelated,ceo,people,clothing_color,red,3,8,Context-aware_Unrelated_CA-U_ceo
Context-Aware Unrelated,ceo,people,clothing_color,tan,2,8,Context-aware_Unrelated_CA-U_ceo
Context-Aware Unrelated,ceo,people,clothing_color,white,14,8,Context-aware_Unrelated_CA-U_ceo
Context-Aware Unrelated,ceo,people,clothing_garment,belt,8,7,Context-aware_Unrelated_CA-U_ceo
Context-Aware Unrelated,ceo,people,clothing_garment,dress shoes,2,7,Context-aware_Unrelated_CA-U_ceo
Context-Aware Unrelated,ceo,people,clothing_garment,necktie neck tie ne from s,7,7,Context-aware_Unrelated_CA-U_ceo
Context-Aware Unrelated,ceo,people,clothing_garment,shirt,9,7,Context-aware_Unrelated_CA-U_ceo
Context-Aware Unrelated,ceo,people,clothing_garment,shoes,2,7,Context-aware_Unrelated_CA-U_ceo
Context-Aware Unrelated,ceo,people,clothing_garment,suit jacket,9,7,Context-aware_Unrelated_CA-U_ceo
Context-Aware Unrelated,ceo,people,clothing_garment,trousers,5,7,Context-aware_Unrelated_CA-U_ceo
Context-Aware Unrelated,ceo,people,eyewear_present,no,3,2,Context-aware_Unrelated_CA-U_ceo
Context-Aware Unrelated,ceo,people,eyewear_present,yes,15,2,Context-aware_Unrelated_CA-U_ceo
Context-Aware Unrelated,ceo,people,eyewear_type,eyeglasses rectangular,10,1,Context-aware_Unrelated_CA-U_ceo
Context-Aware Unrelated,ceo,people,hair_color,darkblue,1,4,Context-aware_Unrelated_CA-U_ceo
Context-Aware Unrelated,ceo,people,hair_color,gray,1,4,Context-aware_Unrelated_CA-U_ceo
Context-Aware Unrelated,ceo,people,facial_hair_present,no,16,2,Context-aware_Unrelated_CA-U_ceo
Context-Aware Unrelated,ceo,people,facial_hair_present,yes,2,2,Context-aware_Unrelated_CA-U_ceo
Context-Aware Unrelated,ceo,people,facial_hair_style,stubble beard,1,1,Context-aware_Unrelated_CA-U_ceo
Context-Aware Unrelated,ceo,people,gender_presentation,male,20,1,Context-aware_Unrelated_CA-U_ceo
Context-Aware Unrelated,ceo,people,hair_color,black,1,4,Context-aware_Unrelated_CA-U_ceo
Context-Aware Unrelated,ceo,people,hair_color,brown,2,4,Context-aware_Unrelated_CA-U_ceo
Context-Aware Unrelated,ceo,people,hair_color,gray,17,4,Context-aware_Unrelated_CA-U_ceo
Context-Aware Unrelated,ceo,people,hair_present,yes,20,1,Context-aware_Unrelated_CA-U_ceo
Context-Aware Unrelated,ceo,people,hair_style,shaved,1,3,Context-aware_Unrelated_CA-U_ceo
Context-Aware Unrelated,ceo,people,hair_style,short,19,3,Context-aware_Unrelated_CA-U_ceo
Context-Aware Unrelated,ceo,people,hair_style,straight,5,3,Context-aware_Unrelated_CA-U_ceo
Context-Aware Unrelated,ceo,people,head_covering_present,no,10,1,Context-aware_Unrelated_CA-U_ceo
Context-Aware Unrelated,ceo,people,pose,leaning,1,3,Context-aware_Unrelated_CA-U_ceo
Context-Aware Unrelated,ceo,people,pose,standing,1,3,Context-aware_Unrelated_CA-U_ceo
Context-Aware Unrelated,ceo,people,pose,standing,0,3,Context-aware_Unrelated_CA-U_ceo
Context-Aware Unrelated,ceo,people,pose,standing,2,3,Context-aware_Unrelated_CA-U_ceo
Context-Aware Unrelated,ceo,people,pose,leaning,1,3,Context-aware_Unrelated_CA-U_ceo
Context-Aware Unrelated,ceo,people,pose,standing,1,3,Context-aware_Unrelated_CA-U_ceo
Context-Aware Unrelated,ceo,people,pose,leaning,1,3,Context-aware_Unrelated_CA-U_ceo
Context-Aware Unrelated,ceo,people,pose,standing,1,3,Context-aware_Unrelated_CA-U_ceo
Context-Aware Unrelated,ceo,people,pose,standing,8,3,Context-aware_Unrelated_CA-U_ceo
Context-Aware Unrelated,ceo,people,pose,standing,1,3,Context-aware_Unrelated_CA-U_ceo
Context-Aware Unrelated,ceo,people,pose,standing,1,3,Context-aware_Unrelated_CA-U_ceo
Context-Aware Unrelated,ceo,people,pose,standing,0,3,Context-aware_Unrelated_CA-U_ceo
Context-Aware Unrelated,ceo,people,skin_tone,light,16,2,Context-aware_Unrelated_CA-U_ceo
Context-Aware Unrelated,ceo,people,skin_tone,medium,4,2,Context-aware_Unrelated_CA-U_ceo
Context-Aware Unrelated,bus_driver,scene_appearance,aesthetic_qualities,cinematic,4,2,Context-aware_Unrelated_CA-U_bus_driver
Context-Aware Unrelated,bus_driver,scene_appearance,aesthetic_qualities,realistic,7,2,Context-aware_Unrelated_CA-U_bus_driver
Context-Aware Unrelated,bus_driver,scene_appearance,dominant_colors,black,6,3,Context-aware_Unrelated_CA-U_bus_driver
Context-Aware Unrelated,bus_driver,scene_appearance,dominant_colors,brown,9,3,Context-aware_Unrelated_CA-U_bus_driver
Context-Aware Unrelated,bus_driver,scene_appearance,dominant_colors,mediumblue,5,3,Context-aware_Unrelated_CA-U_bus_driver
Context-Aware Unrelated,bus_driver,scene_appearance,color_temperature,cool,7,2,Context-aware_Unrelated_CA-U_bus_driver
Context-Aware Unrelated,bus_driver,scene_appearance,color_temperature,neutral,1,2,Context-aware_Unrelated_CA-U_bus_driver
Context-Aware Unrelated,bus_driver,scene_appearance,mood,calm,20,1,Context-aware_Unrelated_CA-U_bus_driver
Context-Aware Unrelated,bus_driver,camera,depth_of_field,deep,6,3,Context-aware_Unrelated_CA-U_bus_driver
Context-Aware Unrelated,bus_driver,camera,depth_of_field,moderate,5,3,Context-aware_Unrelated_CA-U_bus_driver
Context-Aware Unrelated,bus_driver,camera,depth_of_field,shallow,18,3,Context-aware_Unrelated_CA-U_bus_driver
Context-Aware Unrelated,bus_driver,camera,framing,close up,2,7,Context-aware_Unrelated_CA-U_bus_driver
Context-Aware Unrelated,bus_driver,camera,framing,establishing,1,7,Context-aware_Unrelated_CA-U_bus_driver
Context-Aware Unrelated,bus_driver,camera,framing,full body,3,7,Context-aware_Unrelated_CA-U_bus_driver
Context-Aware Unrelated,bus_driver,camera,framing,headshot,1,7,Context-aware_Unrelated_CA-U_bus_driver
Context-Aware Unrelated,bus_driver,camera,framing,medium,18,7,Context-aware_Unrelated_CA-U_bus_driver
Context-Aware Unrelated,bus_driver,camera,framing,others,0,7,Context-aware_Unrelated_CA-U_bus_driver
Context-Aware Unrelated,bus_driver,camera,framing,wide,12,7,Context-aware_Unrelated_CA-U_bus_driver
Context-Aware Unrelated,bus_driver,camera,perspective,eye level,16,1,Context-aware_Unrelated_CA-U_bus_driver
Context-Aware Unrelated,bus_driver,objects,type,bag,1,11,Context-aware_Unrelated_CA-U_bus_driver
Context-Aware Unrelated,bus_driver,objects,type,cart single,1,11,Context-aware_Unrelated_CA-U_bus_driver
Context-Aware Unrelated,bus_driver,objects,type,clock,1,11,Context-aware_Unrelated_CA-U_bus_driver
Context-Aware Unrelated,bus_driver,objects,type,distant shopping carts or baskets,1,11,Context-aware_Unrelated_CA-U_bus_driver
Context-Aware Unrelated,bus_driver,objects,type,fruit single,1,11,Context-aware_Unrelated_CA-U_bus_driver
Context-Aware Unrelated,bus_driver,objects,type,packaged produce boxes,3,11,Context-aware_Unrelated_CA-U_bus_driver
Context-Aware Unrelated,bus_driver,objects,type,produce basket,2,11,Context-aware_Unrelated_CA-U_bus_driver
Context-Aware Unrelated,bus_driver,objects,type,produce basket wire cart variant,2,11,Context-aware_Unrelated_CA-U_bus_driver
Context-Aware Unrelated,bus_driver,objects,type,refrigerated glass door,1,11,Context-aware_Unrelated_CA-U_bus_driver
Context-Aware Unrelated,bus_driver,objects,type,shopping basket,1,11,Context-aware_Unrelated_CA-U_bus_driver
Context-Aware Unrelated,bus_driver,objects,type,shopping cart,10,11,Context-aware_Unrelated_CA-U_bus_driver
Context-Aware Unrelated,bus_driver,people,activities,examining item,2,13,Context-aware_Unrelated_CA-U_bus_driver
Context-Aware Unrelated,bus_driver,people,activities,holding handheld produce basket,1,13,Context-aware_Unrelated_CA-U_bus_driver
Context-Aware Unrelated,bus_driver,people,activities,holding orange fruit in right hand,1,13,Context-aware_Unrelated_CA-U_bus_driver
Context-Aware Unrelated,bus_driver,people,activities,handling produce,4,13,Context-aware_Unrelated_CA-U_bus_driver
Context-Aware Unrelated,bus_driver,people,activities,inspecting packaged produce,1,13,Context-aware_Unrelated_CA-U_bus_driver
Context-Aware Unrelated,bus_driver,people,activities,inspecting soil,2,13,Context-aware_Unrelated_CA-U_bus_driver
Context-Aware Unrelated,bus_driver,people,activities,pushing shopping cart,3,13,Context-aware_Unrelated_CA-U_bus_driver
Context-Aware Unrelated,bus_driver,people,activities,reaching left hand toward left shelf,1,13,Context-aware_Unrelated_CA-U_bus_driver
Context-Aware Unrelated,bus_driver,people,activities,reaching right hand,1,13,Context-aware_Unrelated_CA-U_bus_driver
Context-Aware Unrelated,bus_driver,people,activities,mopping,2,13,Context-aware_Unrelated_CA-U_bus_driver
Context-Aware Unrelated,bus_driver,people,activities,handling soil,1,13,Context-aware_Unrelated_CA-U_bus_driver
Context-Aware Unrelated,bus_driver,people,activities,viewing shelves,1,13,Context-aware_Unrelated_CA-U_bus_driver
Context-Aware Unrelated,bus_driver,people,activities,walking,1,13,Context-aware_Unrelated_CA-U_bus_driver
Context-Aware Unrelated,bus_driver,people,age_range,middle aged,10,3,Context-aware_Unrelated_CA-U_bus_driver
Context-Aware Unrelated,bus_driver,people,age_range,older adult,9,3,Context-aware_Unrelated_CA-U_bus_driver
Context-Aware Unrelated,bus_driver,people,age_range,young adult,2,3,Context-aware_Unrelated_CA-U_bus_driver
Context-Aware Unrelated,bus_driver,people,clothing_color,black,22,10,Context-aware_Unrelated_CA-U_bus_driver
Context-Aware Unrelated,bus_driver,people,clothing_color,blue,27,10,Context-aware_Unrelated_CA-U_bus_driver
Context-Aware Unrelated,bus_driver,people,clothing_color,brown,6,10,Context-aware_Unrelated_CA-U_bus_driver
Context-Aware Unrelated,bus_driver,people,clothing_color,crimson,1,10,Context-aware_Unrelated_CA-U_bus_driver
Context-Aware Unrelated,bus_driver,people,clothing_color,gray,7,10,Context-aware_Unrelated_CA-U_bus_driver
Context-Aware Unrelated,bus_driver,people,clothing_color,green,7,10,Context-aware_Unrelated_CA-U_bus_driver
Context-Aware Unrelated,bus_driver,people,clothing_color,orange,1,10,Context-aware_Unrelated_CA-U_bus_driver
Context-Aware Unrelated,bus_driver,people,clothing_color,silver,1,10,Context-aware_Unrelated_CA-U_bus_driver
Context-Aware Unrelated,bus_driver,people,clothing_color,tan,1,10,Context-aware_Unrelated_CA-U_bus_driver
Context-Aware Unrelated,bus_driver,people,clothing_color,white,4,10,Context-aware_Unrelated_CA-U_bus_driver
Context-Aware Unrelated,bus_driver,people,clothing_garment,bib apron,1,7,Context-aware_Unrelated_CA-U_bus_driver
Context-Aware Unrelated,bus_driver,people,clothing_garment,necktie,1,7,Context-aware_Unrelated_CA-U_bus_driver
Context-Aware Unrelated,bus_driver,people,clothing_garment,outer jacket,2,7,Context-aware_Unrelated_CA-U_bus_driver
Context-Aware Unrelated,bus_driver,people,clothing_garment,shirt,1,7,Context-aware_Unrelated_CA-U_bus_driver
Context-Aware Unrelated,bus_driver,people,clothing_garment,shirt,2,7,Context-aware_Unrelated_CA-U_bus_driver
Context-Aware Unrelated,bus_driver,people,clothing_garment,shoes,4,7,Context-aware_Unrelated_CA-U_bus_driver
Context-Aware Unrelated,bus_driver,people,clothing_garment,trousers,4,7,Context-aware_Unrelated_CA-U_bus_driver
Context-Aware Unrelated,bus_driver,people,clothing_garment,work trousers,2,7,Context-aware_Unrelated_CA-U_bus_driver
Context-Aware Unrelated,bus_driver,people,eyewear_present,no,5,2,Context-aware_Unrelated_CA-U_bus_driver
Context-Aware Unrelated,bus_driver,people,eyewear_present,yes,9,2,Context-aware_Unrelated_CA-U_bus_driver
Context-Aware Unrelated,bus_driver,people,eyewear_type,eyeglasses,2,6,Context-aware_Unrelated_CA-U_bus_driver
Context-Aware Unrelated,bus_driver,people,eyewear_type,metal rimmed,1,6,Context-aware_Unrelated_CA-U_bus_driver
Context-Aware Unrelated,bus_driver,people,eyewear_type,rectangular,2,6,Context-aware_Unrelated_CA-U_bus_driver
Context-Aware Unrelated,bus_driver,people,eyewear_type,rectangular glasses normalized,3,6,Context-aware_Unrelated_CA-U_bus_driver
Context-Aware Unrelated,bus_driver,people,eyewear_type,rimless,1,6,Context-aware_Unrelated_CA-U_bus_driver
Context-Aware Unrelated,bus_driver,people,eyewear_type,thin metal framed glasses,1,6,Context-aware_Unrelated_CA-U_bus_driver
Context-Aware Unrelated,bus_driver,people,hair_color,gray,1,3,Context-aware_Unrelated_CA-U_bus_driver
Context-Aware Unrelated,bus_driver,people,facial_hair_present,no,5,2,Context-aware_Unrelated_CA-U_bus_driver
Context-Aware Unrelated,bus_driver,people,facial_hair_present,yes,4,2,Context-aware_Unrelated_CA-U_bus_driver
Context-Aware Unrelated,bus_driver,people,facial_hair_style,mustache,2,3,Context-aware_Unrelated_CA-U_bus_driver
Context-Aware Unrelated,bus_driver,people,facial_hair_style,stubble,1,3,Context-aware_Unrelated_CA-U_bus_driver
Context-Aware Unrelated,bus_driver,people,facial_hair_style,stubble variants,3,3,Context-aware_Unrelated_CA-U_bus_driver
Context-Aware Unrelated,bus_driver,people,gaze_direction,down,5,4,Context-aware_Unrelated_CA-U_bus_driver
Context-Aware Unrelated,bus_driver,people,gaze_direction,left,6,4,Context-aware_Unrelated_CA-U_bus_driver
Context-Aware Unrelated,bus_driver,people,gaze_direction,right,3,4,Context-aware_Unrelated_CA-U_bus_driver
Context-Aware Unrelated,bus_driver,people,gaze_direction,up,3,4,Context-aware_Unrelated_CA-U_bus_driver
Context-Aware Unrelated,bus_driver,people,gender_presentation,male,21,1,Context-aware_Unrelated_CA-U_bus_driver
Context-Aware Unrelated,bus_driver,people,hair_color,black,7,3,Context-aware_Unrelated_CA-U_bus_driver
Context-Aware Unrelated,bus_driver,people,hair_color,brown,4,3,Context-aware_Unrelated_CA-U_bus_driver
Context-Aware Unrelated,bus_driver,people,hair_color,gray,23,3,Context-aware_Unrelated_CA-U_bus_driver
Context-Aware Unrelated,bus_driver,people,hair_present,yes,22,1,Context-aware_Unrelated_CA-U_bus_driver
Context-Aware Unrelated,bus_driver,people,hair_style,short,21,1,Context-aware_Unrelated_CA-U_bus_driver
Context-Aware Unrelated,bus_driver,people,head_covering_type,black,1,6,Context-aware_Unrelated_CA-U_bus_driver
Context-Aware Unrelated,bus_driver,people,head_covering_type,darkblue,1,6,Context-aware_Unrelated_CA-U_bus_driver
Context-Aware Unrelated,bus_driver,people,head_covering_present,no,6,2,Context-aware_Unrelated_CA-U_bus_driver
Context-Aware Unrelated,bus_driver,people,head_covering_present,yes,12,2,Context-aware_Unrelated_CA-U_bus_driver
Context-Aware Unrelated,bus_driver,people,head_covering_type,baseball cap,3,6,Context-aware_Unrelated_CA-U_bus_driver
Context-Aware Unrelated,bus_driver,people,head_covering_type,cap,2,6,Context-aware_Unrelated_CA-U_bus_driver
Context-Aware Unrelated,bus_driver,people,head_covering_type,flat cap,1,6,Context-aware_Unrelated_CA-U_bus_driver
Context-Aware Unrelated,bus_driver,people,head_covering_type,peaked cap,5,6,Context-aware_Unrelated_CA-U_bus_driver
Context-Aware Unrelated,bus_driver,people,pose,leaning,1,2,Context-aware_Unrelated_CA-U_bus_driver
Context-Aware Unrelated,bus_driver,people,pose,standing,1,2,Context-aware_Unrelated_CA-U_bus_driver
Context-Aware Unrelated,bus_driver,people,pose,standing,1,2,Context-aware_Unrelated_CA-U_bus_driver
Context-Aware Unrelated,bus_driver,people,pose,standing,5,2,Context-aware_Unrelated_CA-U_bus_driver
Context-Aware Unrelated,bus_driver,people,pose,leaning,8,2,Context-aware_Unrelated_CA-U_bus_driver
Context-Aware Unrelated,bus_driver,people,pose,standing,3,2,Context-aware_Unrelated_CA-U_bus_driver
Context-Aware Unrelated,bus_driver,people,pose,standing,18,2,Context-aware_Unrelated_CA-U_bus_driver
Context-Aware Unrelated,bus_driver,people,pose,standing,1,2,Context-aware_Unrelated_CA-U_bus_driver
Context-Aware Unrelated,bus_driver,people,skin_tone,dark,1,3,Context-aware_Unrelated_CA-U_bus_driver
Context-Aware Unrelated,bus_driver,people,skin_tone,light,9,3,Context-aware_Unrelated_CA-U_bus_driver
Context-Aware Unrelated,bus_driver,people,skin_tone,medium,11,3,Context-aware_Unrelated_CA-U_bus_driver
Context-Aware Unrelated,farmer,scene_appearance,aesthetic_qualities,cinematic,16,6,Context-aware_Unrelated_CA-U_farmer
Context-Aware Unrelated,farmer,scene_appearance,aesthetic_qualities,dreamy,2,6,Context-aware_Unrelated_CA-U_farmer
Context-Aware Unrelated,farmer,scene_appearance,aesthetic_qualities,quality cinematic,6,6,Context-aware_Unrelated_CA-U_farmer
Context-Aware Unrelated,farmer,scene_appearance,aesthetic_qualities,quality dreamy,3,6,Context-aware_Unrelated_CA-U_farmer
Context-Aware Unrelated,farmer,scene_appearance,aesthetic_qualities,quality realistic,8,6,Context-aware_Unrelated_CA-U_farmer
Context-Aware Unrelated,farmer,scene_appearance,aesthetic_qualities,realistic,12,6,Context-aware_Unrelated_CA-U_farmer
Context-Aware Unrelated,farmer,scene_appearance,color_temperature,warm,9,2,Context-aware_Unrelated_CA-U_farmer
Context-Aware Unrelated,farmer,scene_appearance,dominant_colors,brown,20,1,Context-aware_Unrelated_CA-U_farmer
Context-Aware Unrelated,farmer,scene_appearance,mood,calm,30,1,Context-aware_Unrelated_CA-U_farmer
Context-Aware Unrelated,farmer,scene_appearance,color_temperature,neutral,1,2,Context-aware_Unrelated_CA-U_farmer
Context-Aware Unrelated,farmer,scene_appearance,color_temperature,warm,8,2,Context-aware_Unrelated_CA-U_farmer
Context-Aware Unrelated,farmer,camera,depth_of_field,deep,2,2,Context-aware_Unrelated_CA-U_farmer
Context-Aware Unrelated,farmer,camera,depth_of_field,shallow,26,2,Context-aware_Unrelated_CA-U_farmer
Context-Aware Unrelated,farmer,camera,framing,close up,5,4,Context-aware_Unrelated_CA-U_farmer
Context-Aware Unrelated,farmer,camera,framing,headshot,2,4,Context-aware_Unrelated_CA-U_farmer
Context-Aware Unrelated,farmer,camera,framing,medium,26,4,Context-aware_Unrelated_CA-U_farmer
Context-Aware Unrelated,farmer,camera,framing,wide,4,4,Context-aware_Unrelated_CA-U_farmer
Context-Aware Unrelated,farmer,camera,perspective,eye level,24,1,Context-aware_Unrelated_CA-U_farmer
Context-Aware Unrelated,farmer,objects,type,armchair,1,31,Context-aware_Unrelated_CA-U_farmer
Context-Aware Unrelated,farmer,objects,type,book,14,31,Context-aware_Unrelated_CA-U_farmer
Context-Aware Unrelated,farmer,objects,type,bookcase,47,31,Context-aware_Unrelated_CA-U_farmer
Context-Aware Unrelated,farmer,objects,type,bookshelf,3,31,Context-aware_Unrelated_CA-U_farmer
Context-Aware Unrelated,farmer,objects,type,boots,2,31,Context-aware_Unrelated_CA-U_farmer
Context-Aware Unrelated,farmer,objects,type,bowls,1,31,Context-aware_Unrelated_CA-U_farmer
Context-Aware Unrelated,farmer,objects,type,couch,4,31,Context-aware_Unrelated_CA-U_farmer
Context-Aware Unrelated,farmer,objects,type,decorative bowl,1,31,Context-aware_Unrelated_CA-U_farmer
Context-Aware Unrelated,farmer,objects,type,glass jar,2,31,Context-aware_Unrelated_CA-U_farmer
Context-Aware Unrelated,farmer,objects,type,hanging potted plant,1,31,Context-aware_Unrelated_CA-U_farmer
Context-Aware Unrelated,farmer,objects,type,hat,8,31,Context-aware_Unrelated_CA-U_farmer
Context-Aware Unrelated,farmer,objects,type,labeled cylindrical container,1,31,Context-aware_Unrelated_CA-U_farmer
Context-Aware Unrelated,farmer,objects,type,multi pane window,2,31,Context-aware_Unrelated_CA-U_farmer
Context-Aware Unrelated,farmer,objects,type,open storage shelf,1,31,Context-aware_Unrelated_CA-U_farmer
Context-Aware Unrelated,farmer,objects,type,plant,12,31,Context-aware_Unrelated_CA-U_farmer
Context-Aware Unrelated,farmer,objects,type,potted houseplant,1,31,Context-aware_Unrelated_CA-U_farmer
Context-Aware Unrelated,farmer,objects,type,potted leafy plant,1,31,Context-aware_Unrelated_CA-U_farmer
Context-Aware Unrelated,farmer,objects,type,potted plant,9,31,Context-aware_Unrelated_CA-U_farmer
Context-Aware Unrelated,farmer,objects,type,rectangular multi pane,1,31,Context-aware_Unrelated_CA-U_farmer
Context-Aware Unrelated,farmer,objects,type,rubber boots,1,31,Context-aware_Unrelated_CA-U_farmer
Context-Aware Unrelated,farmer,objects,type,shelf,6,31,Context-aware_Unrelated_CA-U_farmer
Context-Aware Unrelated,farmer,objects,type,shoe,1,31,Context-aware_Unrelated_CA-U_farmer
Context-Aware Unrelated,farmer,objects,type,sofa,17,31,Context-aware_Unrelated_CA-U_farmer
Context-Aware Unrelated,farmer,objects,type,straw cowboy hat,1,31,Context-aware_Unrelated_CA-U_farmer
Context-Aware Unrelated,farmer,objects,type,straw hat,2,31,Context-aware_Unrelated_CA-U_farmer
Context-Aware Unrelated,farmer,objects,type,table,4,31,Context-aware_Unrelated_CA-U_farmer
Context-Aware Unrelated,farmer,objects,type,wicker baskets,1,31,Context-aware_Unrelated_CA-U_farmer
Context-Aware Unrelated,farmer,objects,type,window,12,31,Context-aware_Unrelated_CA-U_farmer
Context-Aware Unrelated,farmer,objects,type,window array,1,31,Context-aware_Unrelated_CA-U_farmer
Context-Aware Unrelated,farmer,objects,type,wooden utensils,1,31,Context-aware_Unrelated_CA-U_farmer
Context-Aware Unrelated,farmer,objects,type,woven baskets,2,31,Context-aware_Unrelated_CA-U_farmer
Context-Aware Unrelated,farmer,people,age_range,middle aged,1,2,Context-aware_Unrelated_CA-U_farmer
Context-Aware Unrelated,farmer,people,age_range,older adult,18,2,Context-aware_Unrelated_CA-U_farmer
Context-Aware Unrelated,farmer,people,eyewear_present,no,8,2,Context-aware_Unrelated_CA-U_farmer
Context-Aware Unrelated,farmer,people,eyewear_present,yes,11,2,Context-aware_Unrelated_CA-U_farmer
Context-Aware Unrelated,farmer,people,eyewear_type,eyeglasses,2,5,Context-aware_Unrelated_CA-U_farmer
Context-Aware Unrelated,farmer,people,eyewear_type,reading glasses,4,5,Context-aware_Unrelated_CA-U_farmer
Context-Aware Unrelated,farmer,people,eyewear_type,rectangular,4,5,Context-aware_Unrelated_CA-U_farmer
Context-Aware Unrelated,farmer,people,eyewear_type,rectangular metal rimmed,1,5,Context-aware_Unrelated_CA-U_farmer
Context-Aware Unrelated,farmer,people,eyewear_type,rectangular reading glasses,1,5,Context-aware_Unrelated_CA-U_farmer
Context-Aware Unrelated,farmer,people,hair_color,black,2,4,Context-aware_Unrelated_CA-U_farmer
Context-Aware Unrelated,farmer,people,hair_color,gray,6,4,Context-aware_Unrelated_CA-U_farmer
Context-Aware Unrelated,farmer,people,hair_color,tomato reddish,1,4,Context-aware_Unrelated_CA-U_farmer
Context-Aware Unrelated,farmer,people,hair_color,white,2,4,Context-aware_Unrelated_CA-U_farmer
Context-Aware Unrelated,farmer,people,facial_hair_present,no,4,2,Context-aware_Unrelated_CA-U_farmer
Context-Aware Unrelated,farmer,people,facial_hair_present,yes,12,2,Context-aware_Unrelated_CA-U_farmer
Context-Aware Unrelated,farmer,people,facial_hair_style,beard,3,6,Context-aware_Unrelated_CA-U_farmer
Context-Aware Unrelated,farmer,people,facial_hair_style,full beard,1,6,Context-aware_Unrelated_CA-U_farmer
Context-Aware Unrelated,farmer,people,facial_hair_style,moustache,5,6,Context-aware_Unrelated_CA-U_farmer
Context-Aware Unrelated,farmer,people,facial_hair_style,short beard,1,6,Context-aware_Unrelated_CA-U_farmer
Context-Aware Unrelated,farmer,people,facial_hair_style,sideburns,1,6,Context-aware_Unrelated_CA-U_farmer
Context-Aware Unrelated,farmer,people,facial_hair_style,stubble,2,6,Context-aware_Unrelated_CA-U_farmer
Context-Aware Unrelated,farmer,people,gaze_direction,center,1,4,Context-aware_Unrelated_CA-U_farmer
Context-Aware Unrelated,farmer,people,gaze_direction,down,10,4,Context-aware_Unrelated_CA-U_farmer
Context-Aware Unrelated,farmer,people,gaze_direction,left,2,4,Context-aware_Unrelated_CA-U_farmer
Context-Aware Unrelated,farmer,people,gaze_direction,up,5,4,Context-aware_Unrelated_CA-U_farmer
Context-Aware Unrelated,farmer,people,gender_presentation,male,19,1,Context-aware_Unrelated_CA-U_farmer
Context-Aware Unrelated,farmer,people,hair_color,black,2,4,Context-aware_Unrelated_CA-U_farmer
Context-Aware Unrelated,farmer,people,hair_color,gray,15,4,Context-aware_Unrelated_CA-U_farmer
Context-Aware Unrelated,farmer,people,hair_color,white,4,4,Context-aware_Unrelated_CA-U_farmer
Context-Aware Unrelated,farmer,people,hair_present,yes,17,1,Context-aware_Unrelated_CA-U_farmer
Context-Aware Unrelated,farmer,people,hair_style,shaved,1,2,Context-aware_Unrelated_CA-U_farmer
Context-Aware Unrelated,farmer,people,hair_style,short,17,2,Context-aware_Unrelated_CA-U_farmer
Context-Aware Unrelated,farmer,people,head_covering_type,black,1,16,Context-aware_Unrelated_CA-U_farmer
Context-Aware Unrelated,farmer,people,head_covering_type,brown,1,16,Context-aware_Unrelated_CA-U_farmer
Context-Aware Unrelated,farmer,people,head_covering_type,dark gray,1,16,Context-aware_Unrelated_CA-U_farmer
Context-Aware Unrelated,farmer,people,head_covering_type,dark violet,1,16,Context-aware_Unrelated_CA-U_farmer
Context-Aware Unrelated,farmer,people,head_covering_type,olive drab,2,16,Context-aware_Unrelated_CA-U_farmer
Context-Aware Unrelated,farmer,people,head_covering_type,tan,2,16,Context-aware_Unrelated_CA-U_farmer
Context-Aware Unrelated,farmer,people,head_covering_type,tomato,2,16,Context-aware_Unrelated_CA-U_farmer
Context-Aware Unrelated,farmer,people,head_covering_present,no,2,2,Context-aware_Unrelated_CA-U_farmer
Context-Aware Unrelated,farmer,people,head_covering_present,yes,17,2,Context-aware_Unrelated_CA-U_farmer
Context-Aware Unrelated,farmer,people,head_covering_type,baseball cap,1,16,Context-aware_Unrelated_CA-U_farmer
Context-Aware Unrelated,farmer,people,head_covering_type,cowboy hat,1,16,Context-aware_Unrelated_CA-U_farmer
Context-Aware Unrelated,farmer,people,head_covering_type,fedora,1,16,Context-aware_Unrelated_CA-U_farmer
Context-Aware Unrelated,farmer,people,head_covering_type,felt hat,1,16,Context-aware_Unrelated_CA-U_farmer
Context-Aware Unrelated,farmer,people,head_covering_type,flat cap,1,16,Context-aware_Unrelated_CA-U_farmer
Context-Aware Unrelated,farmer,people,head_covering_type,straw hat,7,16,Context-aware_Unrelated_CA-U_farmer
Context-Aware Unrelated,farmer,people,head_covering_type,wide brim woven hat,1,16,Context-aware_Unrelated_CA-U_farmer
Context-Aware Unrelated,farmer,people,head_covering_type,wide brimmed hat,2,16,Context-aware_Unrelated_CA-U_farmer
Context-Aware Unrelated,farmer,people,head_covering_type,wide brimmed straw hat,1,16,Context-aware_Unrelated_CA-U_farmer
Context-Aware Unrelated,farmer,people,pose,standing,1,4,Context-aware_Unrelated_CA-U_farmer
Context-Aware Unrelated,farmer,people,pose,laying,3,4,Context-aware_Unrelated_CA-U_farmer
Context-Aware Unrelated,farmer,people,pose,standing,4,4,Context-aware_Unrelated_CA-U_farmer
Context-Aware Unrelated,farmer,people,pose,seated,8,4,Context-aware_Unrelated_CA-U_farmer
Context-Aware Unrelated,farmer,people,pose,leaning,5,4,Context-aware_Unrelated_CA-U_farmer
Context-Aware Unrelated,farmer,people,pose,standing,1,4,Context-aware_Unrelated_CA-U_farmer
Context-Aware Unrelated,farmer,people,skin_tone,light,18,2,Context-aware_Unrelated_CA-U_farmer
Context-Aware Unrelated,farmer,people,skin_tone,medium,1,2,Context-aware_Unrelated_CA-U_farmer
Context-Aware Unrelated,musician,scene_appearance,dominant_colors,black,4,3,Context-aware_Unrelated_CA-U_musician
Context-Aware Unrelated,musician,scene_appearance,dominant_colors,brown,24,3,Context-aware_Unrelated_CA-U_musician
Context-Aware Unrelated,musician,scene_appearance,dominant_colors,mediumblue,2,3,Context-aware_Unrelated_CA-U_musician
Context-Aware Unrelated,musician,scene_appearance,aesthetic_qualities,cinematic,13,4,Context-aware_Unrelated_CA-U_musician
Context-Aware Unrelated,musician,scene_appearance,aesthetic_qualities,dreamy,3,4,Context-aware_Unrelated_CA-U_musician
Context-Aware Unrelated,musician,scene_appearance,aesthetic_qualities,minimal,2,4,Context-aware_Unrelated_CA-U_musician
Context-Aware Unrelated,musician,scene_appearance,aesthetic_qualities,realistic,17,4,Context-aware_Unrelated_CA-U_musician
Context-Aware Unrelated,musician,scene_appearance,color_temperature,cool,14,3,Context-aware_Unrelated_CA-U_musician
Context-Aware Unrelated,musician,scene_appearance,color_temperature,neutral,5,3,Context-aware_Unrelated_CA-U_musician
Context-Aware Unrelated,musician,scene_appearance,color_temperature,warm,2,3,Context-aware_Unrelated_CA-U_musician
Context-Aware Unrelated,musician,scene_appearance,mood,calm,20,2,Context-aware_Unrelated_CA-U_musician
Context-Aware Unrelated,musician,scene_appearance,mood,joyful,2,2,Context-aware_Unrelated_CA-U_musician
Context-Aware Unrelated,musician,scene_appearance,mood,calm,10,2,Context-aware_Unrelated_CA-U_musician
Context-Aware Unrelated,musician,scene_appearance,mood,joyful,2,2,Context-aware_Unrelated_CA-U_musician
Context-Aware Unrelated,musician,camera,depth_of_field,moderate,8,2,Context-aware_Unrelated_CA-U_musician
Context-Aware Unrelated,musician,camera,depth_of_field,shallow,32,2,Context-aware_Unrelated_CA-U_musician
Context-Aware Unrelated,musician,camera,framing,close up,2,6,Context-aware_Unrelated_CA-U_musician
Context-Aware Unrelated,musician,camera,framing,establishing,2,6,Context-aware_Unrelated_CA-U_musician
Context-Aware Unrelated,musician,camera,framing,full body,4,6,Context-aware_Unrelated_CA-U_musician
Context-Aware Unrelated,musician,camera,framing,headshot,2,6,Context-aware_Unrelated_CA-U_musician
Context-Aware Unrelated,musician,camera,framing,medium,30,6,Context-aware_Unrelated_CA-U_musician
Context-Aware Unrelated,musician,camera,framing,wide,10,6,Context-aware_Unrelated_CA-U_musician
Context-Aware Unrelated,musician,camera,perspective,eye level,30,1,Context-aware_Unrelated_CA-U_musician
Context-Aware Unrelated,musician,objects,type,acoustic guitar,8,14,Context-aware_Unrelated_CA-U_musician
Context-Aware Unrelated,musician,objects,type,bag,1,14,Context-aware_Unrelated_CA-U_musician
Context-Aware Unrelated,musician,objects,type,basket,1,14,Context-aware_Unrelated_CA-U_musician
Context-Aware Unrelated,musician,objects,type,citrus fruits,2,14,Context-aware_Unrelated_CA-U_musician
Context-Aware Unrelated,musician,objects,type,container,1,14,Context-aware_Unrelated_CA-U_musician
Context-Aware Unrelated,musician,objects,type,guitar stand,2,14,Context-aware_Unrelated_CA-U_musician
Context-Aware Unrelated,musician,objects,type,guitar strap,2,14,Context-aware_Unrelated_CA-U_musician
Context-Aware Unrelated,musician,objects,type,produce bag,2,14,Context-aware_Unrelated_CA-U_musician
Context-Aware Unrelated,musician,objects,type,saxophone,2,14,Context-aware_Unrelated_CA-U_musician
Context-Aware Unrelated,musician,objects,type,shelf display,4,14,Context-aware_Unrelated_CA-U_musician
Context-Aware Unrelated,musician,objects,type,shelf edge,1,14,Context-aware_Unrelated_CA-U_musician
Context-Aware Unrelated,musician,objects,type,shopping cart,13,14,Context-aware_Unrelated_CA-U_musician
Context-Aware Unrelated,musician,objects,type,sign,1,14,Context-aware_Unrelated_CA-U_musician
Context-Aware Unrelated,musician,objects,type,stool,2,14,Context-aware_Unrelated_CA-U_musician
Context-Aware Unrelated,musician,people,activities,appears singing producing music,1,7,Context-aware_Unrelated_CA-U_musician
Context-Aware Unrelated,musician,people,activities,resting,1,7,Context-aware_Unrelated_CA-U_musician
Context-Aware Unrelated,musician,people,activities,holding bag,1,7,Context-aware_Unrelated_CA-U_musician
Context-Aware Unrelated,musician,people,activities,holding double bass,1,7,Context-aware_Unrelated_CA-U_musician
Context-Aware Unrelated,musician,people,activities,holding guitar,6,7,Context-aware_Unrelated_CA-U_musician
Context-Aware Unrelated,musician,people,activities,holding mop,1,7,Context-aware_Unrelated_CA-U_musician
Context-Aware Unrelated,musician,people,activities,holding guitar,1,7,Context-aware_Unrelated_CA-U_musician
Context-Aware Unrelated,musician,people,activities,stirring,4,7,Context-aware_Unrelated_CA-U_musician
Context-Aware Unrelated,musician,people,age_range,middle aged,1,2,Context-aware_Unrelated_CA-U_musician
Context-Aware Unrelated,musician,people,age_range,young adult,18,2,Context-aware_Unrelated_CA-U_musician
Context-Aware Unrelated,musician,people,clothing_color,black,9,8,Context-aware_Unrelated_CA-U_musician
Context-Aware Unrelated,musician,people,clothing_color,blue,6,8,Context-aware_Unrelated_CA-U_musician
Context-Aware Unrelated,musician,people,clothing_color,brown,4,8,Context-aware_Unrelated_CA-U_musician
Context-Aware Unrelated,musician,people,clothing_color,gray,2,8,Context-aware_Unrelated_CA-U_musician
Context-Aware Unrelated,musician,people,clothing_color,green,2,8,Context-aware_Unrelated_CA-U_musician
Context-Aware Unrelated,musician,people,clothing_color,pink,1,8,Context-aware_Unrelated_CA-U_musician
Context-Aware Unrelated,musician,people,clothing_color,tan,1,8,Context-aware_Unrelated_CA-U_musician
Context-Aware Unrelated,musician,people,clothing_color,white,3,8,Context-aware_Unrelated_CA-U_musician
Context-Aware Unrelated,musician,people,clothing_garment,backpack,1,11,Context-aware_Unrelated_CA-U_musician
Context-Aware Unrelated,musician,people,clothing_garment,denim jacket,2,11,Context-aware_Unrelated_CA-U_musician
Context-Aware Unrelated,musician,people,clothing_garment,guitar strap,3,11,Context-aware_Unrelated_CA-U_musician
Context-Aware Unrelated,musician,people,clothing_garment,hat,1,11,Context-aware_Unrelated_CA-U_musician
Context-Aware Unrelated,musician,people,clothing_garment,jacket,4,11,Context-aware_Unrelated_CA-U_musician
Context-Aware Unrelated,musician,people,clothing_garment,jeans,5,11,Context-aware_Unrelated_CA-U_musician
Context-Aware Unrelated,musician,people,clothing_garment,pants,1,11,Context-aware_Unrelated_CA-U_musician
Context-Aware Unrelated,musician,people,clothing_garment,shirt,10,11,Context-aware_Unrelated_CA-U_musician
Context-Aware Unrelated,musician,people,clothing_garment,shoes,3,11,Context-aware_Unrelated_CA-U_musician
Context-Aware Unrelated,musician,people,clothing_garment,trousers,2,11,Context-aware_Unrelated_CA-U_musician
Context-Aware Unrelated,musician,people,clothing_garment,zip front vest,1,11,Context-aware_Unrelated_CA-U_musician
Context-Aware Unrelated,musician,people,eyewear_present,no,18,2,Context-aware_Unrelated_CA-U_musician
Context-Aware Unrelated,musician,people,eyewear_present,yes,1,2,Context-aware_Unrelated_CA-U_musician
Context-Aware Unrelated,musician,people,eyewear_type,prescription glasses,1,1,Context-aware_Unrelated_CA-U_musician
Context-Aware Unrelated,musician,people,hair_color,black,1,6,Context-aware_Unrelated_CA-U_musician
Context-Aware Unrelated,musician,people,hair_color,brown,17,6,Context-aware_Unrelated_CA-U_musician
Context-Aware Unrelated,musician,people,hair_color,dark blue,3,6,Context-aware_Unrelated_CA-U_musician
Context-Aware Unrelated,musician,people,hair_color,darkblue,4,6,Context-aware_Unrelated_CA-U_musician
Context-Aware Unrelated,musician,people,hair_color,darkblue recorded token,4,6,Context-aware_Unrelated_CA-U_musician
Context-Aware Unrelated,musician,people,hair_color,maroon,1,6,Context-aware_Unrelated_CA-U_musician
Context-Aware Unrelated,musician,people,facial_hair_present,yes,20,1,Context-aware_Unrelated_CA-U_musician
Context-Aware Unrelated,musician,people,facial_hair_style,beard,2,12,Context-aware_Unrelated_CA-U_musician
Context-Aware Unrelated,musician,people,facial_hair_style,close trimmed beard,1,12,Context-aware_Unrelated_CA-U_musician
Context-Aware Unrelated,musician,people,facial_hair_style,full beard,5,12,Context-aware_Unrelated_CA-U_musician
Context-Aware Unrelated,musician,people,facial_hair_style,long,1,12,Context-aware_Unrelated_CA-U_musician
Context-Aware Unrelated,musician,people,facial_hair_style,neatly trimmed,1,12,Context-aware_Unrelated_CA-U_musician
Context-Aware Unrelated,musician,people,facial_hair_style,short ambiguous token,2,12,Context-aware_Unrelated_CA-U_musician
Context-Aware Unrelated,musician,people,facial_hair_style,short beard,2,12,Context-aware_Unrelated_CA-U_musician
Context-Aware Unrelated,musician,people,facial_hair_style,short stubble,1,12,Context-aware_Unrelated_CA-U_musician
Context-Aware Unrelated,musician,people,facial_hair_style,short trimmed beard,2,12,Context-aware_Unrelated_CA-U_musician
Context-Aware Unrelated,musician,people,facial_hair_style,short well trimmed,1,12,Context-aware_Unrelated_CA-U_musician
Context-Aware Unrelated,musician,people,facial_hair_style,stubble,2,12,Context-aware_Unrelated_CA-U_musician
Context-Aware Unrelated,musician,people,facial_hair_style,trimmed stubble,1,12,Context-aware_Unrelated_CA-U_musician
Context-Aware Unrelated,musician,people,gaze_direction,down,4,3,Context-aware_Unrelated_CA-U_musician
Context-Aware Unrelated,musician,people,gaze_direction,left,1,3,Context-aware_Unrelated_CA-U_musician
Context-Aware Unrelated,musician,people,gaze_direction,to right,2,3,Context-aware_Unrelated_CA-U_musician
Context-Aware Unrelated,musician,people,gender_presentation,male,20,1,Context-aware_Unrelated_CA-U_musician
Context-Aware Unrelated,musician,people,hair_color,black,6,6,Context-aware_Unrelated_CA-U_musician
Context-Aware Unrelated,musician,people,hair_color,brown,23,6,Context-aware_Unrelated_CA-U_musician
Context-Aware Unrelated,musician,people,hair_color,maroon,1,6,Context-aware_Unrelated_CA-U_musician
Context-Aware Unrelated,musician,people,hair_present,yes,20,1,Context-aware_Unrelated_CA-U_musician
Context-Aware Unrelated,musician,people,hair_style,curly,10,4,Context-aware_Unrelated_CA-U_musician
Context-Aware Unrelated,musician,people,hair_style,long,2,4,Context-aware_Unrelated_CA-U_musician
Context-Aware Unrelated,musician,people,hair_style,short,9,4,Context-aware_Unrelated_CA-U_musician
Context-Aware Unrelated,musician,people,hair_style,wavy,5,4,Context-aware_Unrelated_CA-U_musician
Context-Aware Unrelated,musician,people,head_covering_type,tan,1,4,Context-aware_Unrelated_CA-U_musician
Context-Aware Unrelated,musician,people,head_covering_present,no,18,2,Context-aware_Unrelated_CA-U_musician
Context-Aware Unrelated,musician,people,head_covering_present,yes,2,2,Context-aware_Unrelated_CA-U_musician
Context-Aware Unrelated,musician,people,head_covering_type,fedora,1,4,Context-aware_Unrelated_CA-U_musician
Context-Aware Unrelated,musician,people,head_covering_type,felt hat,1,4,Context-aware_Unrelated_CA-U_musician
Context-Aware Unrelated,musician,people,head_covering_type,wide brimmed hat,1,4,Context-aware_Unrelated_CA-U_musician
Context-Aware Unrelated,musician,people,pose,laying,1,4,Context-aware_Unrelated_CA-U_musician
Context-Aware Unrelated,musician,people,pose,standing,5,4,Context-aware_Unrelated_CA-U_musician
Context-Aware Unrelated,musician,people,pose,seated,2,4,Context-aware_Unrelated_CA-U_musician
Context-Aware Unrelated,musician,people,pose,leaning,3,4,Context-aware_Unrelated_CA-U_musician
Context-Aware Unrelated,musician,people,pose,leaning,2,4,Context-aware_Unrelated_CA-U_musician
Context-Aware Unrelated,musician,people,pose,standing,2,4,Context-aware_Unrelated_CA-U_musician
Context-Aware Unrelated,musician,people,pose,standing,5,4,Context-aware_Unrelated_CA-U_musician
Context-Aware Unrelated,musician,people,skin_tone,light,12,2,Context-aware_Unrelated_CA-U_musician
Context-Aware Unrelated,musician,people,skin_tone,medium,16,2,Context-aware_Unrelated_CA-U_musician
Context-Aware Unrelated,janitor,scene_appearance,aesthetic_qualities,cinematic,9,3,Context-aware_Unrelated_CA-U_janitor
Context-Aware Unrelated,janitor,scene_appearance,aesthetic_qualities,dreamy,1,3,Context-aware_Unrelated_CA-U_janitor
Context-Aware Unrelated,janitor,scene_appearance,aesthetic_qualities,realistic,16,3,Context-aware_Unrelated_CA-U_janitor
Context-Aware Unrelated,janitor,scene_appearance,color_temperature,cool,14,3,Context-aware_Unrelated_CA-U_janitor
Context-Aware Unrelated,janitor,scene_appearance,color_temperature,neutral,4,3,Context-aware_Unrelated_CA-U_janitor
Context-Aware Unrelated,janitor,scene_appearance,color_temperature,warm,1,3,Context-aware_Unrelated_CA-U_janitor
Context-Aware Unrelated,janitor,scene_appearance,dominant_colors,black,12,7,Context-aware_Unrelated_CA-U_janitor
Context-Aware Unrelated,janitor,scene_appearance,dominant_colors,brown,5,7,Context-aware_Unrelated_CA-U_janitor
Context-Aware Unrelated,janitor,scene_appearance,dominant_colors,cyan,1,7,Context-aware_Unrelated_CA-U_janitor
Context-Aware Unrelated,janitor,scene_appearance,dominant_colors,medium blue,2,7,Context-aware_Unrelated_CA-U_janitor
Context-Aware Unrelated,janitor,scene_appearance,dominant_colors,medium violet red,1,7,Context-aware_Unrelated_CA-U_janitor
Context-Aware Unrelated,janitor,scene_appearance,dominant_colors,mediumblue,8,7,Context-aware_Unrelated_CA-U_janitor
Context-Aware Unrelated,janitor,scene_appearance,dominant_colors,red,1,7,Context-aware_Unrelated_CA-U_janitor
Context-Aware Unrelated,janitor,scene_appearance,mood,calm,17,2,Context-aware_Unrelated_CA-U_janitor
Context-Aware Unrelated,janitor,scene_appearance,mood,minimalistic,1,2,Context-aware_Unrelated_CA-U_janitor
Context-Aware Unrelated,janitor,camera,depth_of_field,deep,2,4,Context-aware_Unrelated_CA-U_janitor
Context-Aware Unrelated,janitor,camera,depth_of_field,moderate dof,2,4,Context-aware_Unrelated_CA-U_janitor
Context-Aware Unrelated,janitor,camera,depth_of_field,shallow,8,4,Context-aware_Unrelated_CA-U_janitor
Context-Aware Unrelated,janitor,camera,depth_of_field,shallow dof,8,4,Context-aware_Unrelated_CA-U_janitor
Context-Aware Unrelated,janitor,camera,framing,establishing,3,4,Context-aware_Unrelated_CA-U_janitor
Context-Aware Unrelated,janitor,camera,framing,full body,6,4,Context-aware_Unrelated_CA-U_janitor
Context-Aware Unrelated,janitor,camera,framing,medium,10,4,Context-aware_Unrelated_CA-U_janitor
Context-Aware Unrelated,janitor,camera,framing,wide,6,4,Context-aware_Unrelated_CA-U_janitor
Context-Aware Unrelated,janitor,camera,perspective,eye level,17,1,Context-aware_Unrelated_CA-U_janitor
Context-Aware Unrelated,janitor,objects,type,bag,2,15,Context-aware_Unrelated_CA-U_janitor
Context-Aware Unrelated,janitor,objects,type,bagged produce,1,15,Context-aware_Unrelated_CA-U_janitor
Context-Aware Unrelated,janitor,objects,type,basket,1,15,Context-aware_Unrelated_CA-U_janitor
Context-Aware Unrelated,janitor,objects,type,box,1,15,Context-aware_Unrelated_CA-U_janitor
Context-Aware Unrelated,janitor,objects,type,broom,1,15,Context-aware_Unrelated_CA-U_janitor
Context-Aware Unrelated,janitor,objects,type,container,1,15,Context-aware_Unrelated_CA-U_janitor
Context-Aware Unrelated,janitor,objects,type,hand basket,1,15,Context-aware_Unrelated_CA-U_janitor
Context-Aware Unrelated,janitor,objects,type,produce bags,1,15,Context-aware_Unrelated_CA-U_janitor
Context-Aware Unrelated,janitor,objects,type,produce containers,1,15,Context-aware_Unrelated_CA-U_janitor
Context-Aware Unrelated,janitor,objects,type,shelf,2,15,Context-aware_Unrelated_CA-U_janitor
Context-Aware Unrelated,janitor,objects,type,shoes,4,15,Context-aware_Unrelated_CA-U_janitor
Context-Aware Unrelated,janitor,objects,type,shopping basket,5,15,Context-aware_Unrelated_CA-U_janitor
Context-Aware Unrelated,janitor,objects,type,shopping basket cart configuration,1,15,Context-aware_Unrelated_CA-U_janitor
Context-Aware Unrelated,janitor,objects,type,shopping cart,8,15,Context-aware_Unrelated_CA-U_janitor
Context-Aware Unrelated,janitor,objects,type,sign,1,15,Context-aware_Unrelated_CA-U_janitor
Context-Aware Unrelated,janitor,people,activities,carrying basket,1,6,Context-aware_Unrelated_CA-U_janitor
Context-Aware Unrelated,janitor,people,activities,gripping shopping cart,1,6,Context-aware_Unrelated_CA-U_janitor
Context-Aware Unrelated,janitor,people,activities,gripping shopping cart duplicate token preserved as single group,1,6,Context-aware_Unrelated_CA-U_janitor
Context-Aware Unrelated,janitor,people,activities,holding bag,3,6,Context-aware_Unrelated_CA-U_janitor
Context-Aware Unrelated,janitor,people,activities,placing or adjusting fruit,1,6,Context-aware_Unrelated_CA-U_janitor
Context-Aware Unrelated,janitor,people,activities,pushing cart token,3,6,Context-aware_Unrelated_CA-U_janitor
Context-Aware Unrelated,janitor,people,pose,standing,1,2,Context-aware_Unrelated_CA-U_janitor
Context-Aware Unrelated,janitor,people,pose,standing,3,2,Context-aware_Unrelated_CA-U_janitor
Context-Aware Unrelated,janitor,people,pose,standing,2,2,Context-aware_Unrelated_CA-U_janitor
Context-Aware Unrelated,janitor,people,pose,standing,1,2,Context-aware_Unrelated_CA-U_janitor
Context-Aware Unrelated,janitor,people,pose,leaning,6,2,Context-aware_Unrelated_CA-U_janitor
Context-Aware Unrelated,janitor,people,pose,standing,3,2,Context-aware_Unrelated_CA-U_janitor
Context-Aware Unrelated,janitor,people,pose,standing,7,2,Context-aware_Unrelated_CA-U_janitor
Context-Aware Unrelated,janitor,people,age_range,middle aged,15,2,Context-aware_Unrelated_CA-U_janitor
Context-Aware Unrelated,janitor,people,age_range,older adult,5,2,Context-aware_Unrelated_CA-U_janitor
Context-Aware Unrelated,janitor,people,clothing_color,beige,0,10,Context-aware_Unrelated_CA-U_janitor
Context-Aware Unrelated,janitor,people,clothing_color,black,19,10,Context-aware_Unrelated_CA-U_janitor
Context-Aware Unrelated,janitor,people,clothing_color,blue,35,10,Context-aware_Unrelated_CA-U_janitor
Context-Aware Unrelated,janitor,people,clothing_color,brown,1,10,Context-aware_Unrelated_CA-U_janitor
Context-Aware Unrelated,janitor,people,clothing_color,gray,2,10,Context-aware_Unrelated_CA-U_janitor
Context-Aware Unrelated,janitor,people,clothing_color,green,15,10,Context-aware_Unrelated_CA-U_janitor
Context-Aware Unrelated,janitor,people,clothing_color,orange,3,10,Context-aware_Unrelated_CA-U_janitor
Context-Aware Unrelated,janitor,people,clothing_color,pink,1,10,Context-aware_Unrelated_CA-U_janitor
Context-Aware Unrelated,janitor,people,clothing_color,white,3,10,Context-aware_Unrelated_CA-U_janitor
Context-Aware Unrelated,janitor,people,clothing_color,yellow,2,10,Context-aware_Unrelated_CA-U_janitor
Context-Aware Unrelated,janitor,people,eyewear_present,no,13,2,Context-aware_Unrelated_CA-U_janitor
Context-Aware Unrelated,janitor,people,eyewear_present,yes,2,2,Context-aware_Unrelated_CA-U_janitor
Context-Aware Unrelated,janitor,people,hair_color,black,2,3,Context-aware_Unrelated_CA-U_janitor
Context-Aware Unrelated,janitor,people,hair_color,brown,1,3,Context-aware_Unrelated_CA-U_janitor
Context-Aware Unrelated,janitor,people,facial_hair_present,no,8,2,Context-aware_Unrelated_CA-U_janitor
Context-Aware Unrelated,janitor,people,facial_hair_present,yes,5,2,Context-aware_Unrelated_CA-U_janitor
Context-Aware Unrelated,janitor,people,facial_hair_style,short stubble,1,2,Context-aware_Unrelated_CA-U_janitor
Context-Aware Unrelated,janitor,people,facial_hair_style,stubble,1,2,Context-aware_Unrelated_CA-U_janitor
Context-Aware Unrelated,janitor,people,gaze_direction,down,7,5,Context-aware_Unrelated_CA-U_janitor
Context-Aware Unrelated,janitor,people,gaze_direction,left,1,5,Context-aware_Unrelated_CA-U_janitor
Context-Aware Unrelated,janitor,people,gaze_direction,right,1,5,Context-aware_Unrelated_CA-U_janitor
Context-Aware Unrelated,janitor,people,gaze_direction,to the right,2,5,Context-aware_Unrelated_CA-U_janitor
Context-Aware Unrelated,janitor,people,gaze_direction,up,5,5,Context-aware_Unrelated_CA-U_janitor
Context-Aware Unrelated,janitor,people,gender_presentation,male,20,1,Context-aware_Unrelated_CA-U_janitor
Context-Aware Unrelated,janitor,people,hair_color,black,4,3,Context-aware_Unrelated_CA-U_janitor
Context-Aware Unrelated,janitor,people,hair_color,brown,3,3,Context-aware_Unrelated_CA-U_janitor
Context-Aware Unrelated,janitor,people,hair_color,gray,13,3,Context-aware_Unrelated_CA-U_janitor
Context-Aware Unrelated,janitor,people,hair_present,yes,19,1,Context-aware_Unrelated_CA-U_janitor
Context-Aware Unrelated,janitor,people,hair_style,shaved,1,2,Context-aware_Unrelated_CA-U_janitor
Context-Aware Unrelated,janitor,people,hair_style,short,18,2,Context-aware_Unrelated_CA-U_janitor
Context-Aware Unrelated,janitor,people,head_covering_type,blue coverings,5,3,Context-aware_Unrelated_CA-U_janitor
Context-Aware Unrelated,janitor,people,head_covering_present,no,9,2,Context-aware_Unrelated_CA-U_janitor
Context-Aware Unrelated,janitor,people,head_covering_present,yes,10,2,Context-aware_Unrelated_CA-U_janitor
Context-Aware Unrelated,janitor,people,head_covering_type,baseball cap,2,3,Context-aware_Unrelated_CA-U_janitor
Context-Aware Unrelated,janitor,people,head_covering_type,cap generic,3,3,Context-aware_Unrelated_CA-U_janitor
Context-Aware Unrelated,janitor,people,pose,standing,1,2,Context-aware_Unrelated_CA-U_janitor
Context-Aware Unrelated,janitor,people,pose,leaning,1,2,Context-aware_Unrelated_CA-U_janitor
Context-Aware Unrelated,janitor,people,pose,standing,1,2,Context-aware_Unrelated_CA-U_janitor
Context-Aware Unrelated,janitor,people,pose,standing,1,2,Context-aware_Unrelated_CA-U_janitor
Context-Aware Unrelated,janitor,people,pose,standing,1,2,Context-aware_Unrelated_CA-U_janitor
Context-Aware Unrelated,janitor,people,pose,standing,4,2,Context-aware_Unrelated_CA-U_janitor
Context-Aware Unrelated,janitor,people,pose,leaning,1,2,Context-aware_Unrelated_CA-U_janitor
Context-Aware Unrelated,janitor,people,pose,leaning,1,2,Context-aware_Unrelated_CA-U_janitor
Context-Aware Unrelated,janitor,people,pose,standing,8,2,Context-aware_Unrelated_CA-U_janitor
Context-Aware Unrelated,janitor,people,pose,standing,2,2,Context-aware_Unrelated_CA-U_janitor
Context-Aware Unrelated,janitor,people,skin_tone,dark,1,3,Context-aware_Unrelated_CA-U_janitor
Context-Aware Unrelated,janitor,people,skin_tone,light,13,3,Context-aware_Unrelated_CA-U_janitor
Context-Aware Unrelated,janitor,people,skin_tone,medium,6,3,Context-aware_Unrelated_CA-U_janitor
Context-Aware Unrelated,chef,scene_appearance,aesthetic_qualities,cinematic,6,3,Context-aware_Unrelated_CA-U_chef
Context-Aware Unrelated,chef,scene_appearance,aesthetic_qualities,dreamy,4,3,Context-aware_Unrelated_CA-U_chef
Context-Aware Unrelated,chef,scene_appearance,aesthetic_qualities,realistic,6,3,Context-aware_Unrelated_CA-U_chef
Context-Aware Unrelated,chef,scene_appearance,color_temperature,warm,9,1,Context-aware_Unrelated_CA-U_chef
Context-Aware Unrelated,chef,scene_appearance,dominant_colors,brown,14,5,Context-aware_Unrelated_CA-U_chef
Context-Aware Unrelated,chef,scene_appearance,dominant_colors,medium blue,3,5,Context-aware_Unrelated_CA-U_chef
Context-Aware Unrelated,chef,scene_appearance,dominant_colors,mediumblue,3,5,Context-aware_Unrelated_CA-U_chef
Context-Aware Unrelated,chef,scene_appearance,dominant_colors,orange red,1,5,Context-aware_Unrelated_CA-U_chef
Context-Aware Unrelated,chef,scene_appearance,dominant_colors,orangered,1,5,Context-aware_Unrelated_CA-U_chef
Context-Aware Unrelated,chef,scene_appearance,mood,calm,9,2,Context-aware_Unrelated_CA-U_chef
Context-Aware Unrelated,chef,scene_appearance,mood,joyful,3,2,Context-aware_Unrelated_CA-U_chef
Context-Aware Unrelated,chef,camera,depth_of_field,moderate,2,2,Context-aware_Unrelated_CA-U_chef
Context-Aware Unrelated,chef,camera,depth_of_field,shallow,18,2,Context-aware_Unrelated_CA-U_chef
Context-Aware Unrelated,chef,camera,framing,headshot,2,3,Context-aware_Unrelated_CA-U_chef
Context-Aware Unrelated,chef,camera,framing,medium,18,3,Context-aware_Unrelated_CA-U_chef
Context-Aware Unrelated,chef,camera,framing,wide,2,3,Context-aware_Unrelated_CA-U_chef
Context-Aware Unrelated,chef,camera,perspective,eye level,6,1,Context-aware_Unrelated_CA-U_chef
Context-Aware Unrelated,chef,objects,type,accessory e g watch,1,14,Context-aware_Unrelated_CA-U_chef
Context-Aware Unrelated,chef,objects,type,bench,3,14,Context-aware_Unrelated_CA-U_chef
Context-Aware Unrelated,chef,objects,type,bowl,3,14,Context-aware_Unrelated_CA-U_chef
Context-Aware Unrelated,chef,objects,type,container,3,14,Context-aware_Unrelated_CA-U_chef
Context-Aware Unrelated,chef,objects,type,cooking pan,1,14,Context-aware_Unrelated_CA-U_chef
Context-Aware Unrelated,chef,objects,type,cooking pot lid,1,14,Context-aware_Unrelated_CA-U_chef
Context-Aware Unrelated,chef,objects,type,display bowl,1,14,Context-aware_Unrelated_CA-U_chef
Context-Aware Unrelated,chef,objects,type,lamppost park lamp,1,14,Context-aware_Unrelated_CA-U_chef
Context-Aware Unrelated,chef,objects,type,picnic table,2,14,Context-aware_Unrelated_CA-U_chef
Context-Aware Unrelated,chef,objects,type,sign post,1,14,Context-aware_Unrelated_CA-U_chef
Context-Aware Unrelated,chef,objects,type,table,5,14,Context-aware_Unrelated_CA-U_chef
Context-Aware Unrelated,chef,objects,type,umbrella patio umbrella,2,14,Context-aware_Unrelated_CA-U_chef
Context-Aware Unrelated,chef,objects,type,utensil,25,14,Context-aware_Unrelated_CA-U_chef
Context-Aware Unrelated,chef,objects,type,vegetation plants produce,19,14,Context-aware_Unrelated_CA-U_chef
Context-Aware Unrelated,chef,people,age_range,middle aged,5,2,Context-aware_Unrelated_CA-U_chef
Context-Aware Unrelated,chef,people,age_range,young adult,5,2,Context-aware_Unrelated_CA-U_chef
Context-Aware Unrelated,chef,people,clothing_color,black,10,2,Context-aware_Unrelated_CA-U_chef
Context-Aware Unrelated,chef,people,clothing_color,white,17,2,Context-aware_Unrelated_CA-U_chef
Context-Aware Unrelated,chef,people,clothing_garment,apron,8,12,Context-aware_Unrelated_CA-U_chef
Context-Aware Unrelated,chef,people,clothing_garment,backpack,2,12,Context-aware_Unrelated_CA-U_chef
Context-Aware Unrelated,chef,people,clothing_garment,chef coat,2,12,Context-aware_Unrelated_CA-U_chef
Context-Aware Unrelated,chef,people,clothing_garment,chef jacket,16,12,Context-aware_Unrelated_CA-U_chef
Context-Aware Unrelated,chef,people,clothing_garment,hat,2,12,Context-aware_Unrelated_CA-U_chef
Context-Aware Unrelated,chef,people,clothing_garment,neckerchief,4,12,Context-aware_Unrelated_CA-U_chef
Context-Aware Unrelated,chef,people,clothing_garment,pants,2,12,Context-aware_Unrelated_CA-U_chef
Context-Aware Unrelated,chef,people,clothing_garment,shirt,2,12,Context-aware_Unrelated_CA-U_chef
Context-Aware Unrelated,chef,people,clothing_garment,shoes,2,12,Context-aware_Unrelated_CA-U_chef
Context-Aware Unrelated,chef,people,clothing_garment,trousers,2,12,Context-aware_Unrelated_CA-U_chef
Context-Aware Unrelated,chef,people,clothing_garment,undershirt,2,12,Context-aware_Unrelated_CA-U_chef
Context-Aware Unrelated,chef,people,clothing_garment,wristwatch,3,12,Context-aware_Unrelated_CA-U_chef
Context-Aware Unrelated,chef,people,eyewear_present,no,10,1,Context-aware_Unrelated_CA-U_chef
Context-Aware Unrelated,chef,people,hair_color,black,8,5,Context-aware_Unrelated_CA-U_chef
Context-Aware Unrelated,chef,people,hair_color,brown,8,5,Context-aware_Unrelated_CA-U_chef
Context-Aware Unrelated,chef,people,hair_color,dark blue,2,5,Context-aware_Unrelated_CA-U_chef
Context-Aware Unrelated,chef,people,hair_color,darkblue,2,5,Context-aware_Unrelated_CA-U_chef
Context-Aware Unrelated,chef,people,hair_color,gray,2,5,Context-aware_Unrelated_CA-U_chef
Context-Aware Unrelated,chef,people,facial_hair_present,yes,10,1,Context-aware_Unrelated_CA-U_chef
Context-Aware Unrelated,chef,people,facial_hair_style,beard,3,6,Context-aware_Unrelated_CA-U_chef
Context-Aware Unrelated,chef,people,facial_hair_style,goatee,1,6,Context-aware_Unrelated_CA-U_chef
Context-Aware Unrelated,chef,people,facial_hair_style,mustache,5,6,Context-aware_Unrelated_CA-U_chef
Context-Aware Unrelated,chef,people,facial_hair_style,short trimmed beard,1,6,Context-aware_Unrelated_CA-U_chef
Context-Aware Unrelated,chef,people,facial_hair_style,stubble,1,6,Context-aware_Unrelated_CA-U_chef
Context-Aware Unrelated,chef,people,facial_hair_style,trimmed beard,4,6,Context-aware_Unrelated_CA-U_chef
Context-Aware Unrelated,chef,people,gaze_direction,down,4,2,Context-aware_Unrelated_CA-U_chef
Context-Aware Unrelated,chef,people,gaze_direction,up,1,2,Context-aware_Unrelated_CA-U_chef
Context-Aware Unrelated,chef,people,gender_presentation,male,10,1,Context-aware_Unrelated_CA-U_chef
Context-Aware Unrelated,chef,people,hair_color,black,10,5,Context-aware_Unrelated_CA-U_chef
Context-Aware Unrelated,chef,people,hair_color,brown,12,5,Context-aware_Unrelated_CA-U_chef
Context-Aware Unrelated,chef,people,hair_present,yes,11,1,Context-aware_Unrelated_CA-U_chef
Context-Aware Unrelated,chef,people,hair_style,short,11,1,Context-aware_Unrelated_CA-U_chef
Context-Aware Unrelated,chef,people,head_covering_type,black,1,4,Context-aware_Unrelated_CA-U_chef
Context-Aware Unrelated,chef,people,head_covering_type,white,7,4,Context-aware_Unrelated_CA-U_chef
Context-Aware Unrelated,chef,people,head_covering_present,no,2,2,Context-aware_Unrelated_CA-U_chef
Context-Aware Unrelated,chef,people,head_covering_present,yes,8,2,Context-aware_Unrelated_CA-U_chef
Context-Aware Unrelated,chef,people,head_covering_type,chef hat,7,4,Context-aware_Unrelated_CA-U_chef
Context-Aware Unrelated,chef,people,head_covering_type,skullcap,1,4,Context-aware_Unrelated_CA-U_chef
Context-Aware Unrelated,chef,people,pose,standing,1,3,Context-aware_Unrelated_CA-U_chef
Context-Aware Unrelated,chef,people,pose,standing,1,3,Context-aware_Unrelated_CA-U_chef
Context-Aware Unrelated,chef,people,pose,standing,1,3,Context-aware_Unrelated_CA-U_chef
Context-Aware Unrelated,chef,people,pose,leaning,2,3,Context-aware_Unrelated_CA-U_chef
Context-Aware Unrelated,chef,people,pose,standing,1,3,Context-aware_Unrelated_CA-U_chef
Context-Aware Unrelated,chef,people,pose,leaning,2,3,Context-aware_Unrelated_CA-U_chef
Context-Aware Unrelated,chef,people,pose,standing,4,3,Context-aware_Unrelated_CA-U_chef
Context-Aware Unrelated,chef,people,pose,seated,2,3,Context-aware_Unrelated_CA-U_chef
Context-Aware Unrelated,chef,people,pose,leaning,1,3,Context-aware_Unrelated_CA-U_chef
Context-Aware Unrelated,chef,people,pose,leaning,1,3,Context-aware_Unrelated_CA-U_chef
Context-Aware Unrelated,chef,people,pose,leaning,1,3,Context-aware_Unrelated_CA-U_chef
Context-Aware Unrelated,chef,people,pose,standing,6,3,Context-aware_Unrelated_CA-U_chef
Context-Aware Unrelated,chef,people,pose,standing,1,3,Context-aware_Unrelated_CA-U_chef
Context-Aware Unrelated,chef,people,pose,standing,1,3,Context-aware_Unrelated_CA-U_chef
Context-Aware Unrelated,chef,people,skin_tone,light,5,2,Context-aware_Unrelated_CA-U_chef
Context-Aware Unrelated,chef,people,skin_tone,medium,5,2,Context-aware_Unrelated_CA-U_chef
Context-Aware Unrelated,police_officer,scene_appearance,aesthetic_qualities,cinematic,1,2,Context-aware_Unrelated_CA-U_police_officer
Context-Aware Unrelated,police_officer,scene_appearance,aesthetic_qualities,realistic,4,2,Context-aware_Unrelated_CA-U_police_officer
Context-Aware Unrelated,police_officer,scene_appearance,color_temperature,cool,6,2,Context-aware_Unrelated_CA-U_police_officer
Context-Aware Unrelated,police_officer,scene_appearance,color_temperature,neutral,3,2,Context-aware_Unrelated_CA-U_police_officer
Context-Aware Unrelated,police_officer,scene_appearance,dominant_colors,black,8,3,Context-aware_Unrelated_CA-U_police_officer
Context-Aware Unrelated,police_officer,scene_appearance,dominant_colors,brown,1,3,Context-aware_Unrelated_CA-U_police_officer
Context-Aware Unrelated,police_officer,scene_appearance,dominant_colors,red,1,3,Context-aware_Unrelated_CA-U_police_officer
Context-Aware Unrelated,police_officer,scene_appearance,mood,calm,10,1,Context-aware_Unrelated_CA-U_police_officer
Context-Aware Unrelated,police_officer,camera,depth_of_field,deep,4,3,Context-aware_Unrelated_CA-U_police_officer
Context-Aware Unrelated,police_officer,camera,depth_of_field,moderate,8,3,Context-aware_Unrelated_CA-U_police_officer
Context-Aware Unrelated,police_officer,camera,depth_of_field,shallow,6,3,Context-aware_Unrelated_CA-U_police_officer
Context-Aware Unrelated,police_officer,camera,framing,close up,2,6,Context-aware_Unrelated_CA-U_police_officer
Context-Aware Unrelated,police_officer,camera,framing,establishing,4,6,Context-aware_Unrelated_CA-U_police_officer
Context-Aware Unrelated,police_officer,camera,framing,full body,2,6,Context-aware_Unrelated_CA-U_police_officer
Context-Aware Unrelated,police_officer,camera,framing,headshot,2,6,Context-aware_Unrelated_CA-U_police_officer
Context-Aware Unrelated,police_officer,camera,framing,medium,18,6,Context-aware_Unrelated_CA-U_police_officer
Context-Aware Unrelated,police_officer,camera,framing,wide,4,6,Context-aware_Unrelated_CA-U_police_officer
Context-Aware Unrelated,police_officer,camera,perspective,eye level,18,1,Context-aware_Unrelated_CA-U_police_officer
Context-Aware Unrelated,police_officer,objects,type,bagged produce,1,8,Context-aware_Unrelated_CA-U_police_officer
Context-Aware Unrelated,police_officer,objects,type,grocery bag,2,8,Context-aware_Unrelated_CA-U_police_officer
Context-Aware Unrelated,police_officer,objects,type,header sign,1,8,Context-aware_Unrelated_CA-U_police_officer
Context-Aware Unrelated,police_officer,objects,type,holding shopping basket,2,8,Context-aware_Unrelated_CA-U_police_officer
Context-Aware Unrelated,police_officer,objects,type,overhead sign,1,8,Context-aware_Unrelated_CA-U_police_officer
Context-Aware Unrelated,police_officer,objects,type,produce bag,1,8,Context-aware_Unrelated_CA-U_police_officer
Context-Aware Unrelated,police_officer,objects,type,produce shelf,1,8,Context-aware_Unrelated_CA-U_police_officer
Context-Aware Unrelated,police_officer,objects,type,shopping cart,4,8,Context-aware_Unrelated_CA-U_police_officer
Context-Aware Unrelated,police_officer,people,activities,grasping small red apple right hand,1,5,Context-aware_Unrelated_CA-U_police_officer
Context-Aware Unrelated,police_officer,people,activities,holding bag,5,5,Context-aware_Unrelated_CA-U_police_officer
Context-Aware Unrelated,police_officer,people,activities,oriented toward display shelf,4,5,Context-aware_Unrelated_CA-U_police_officer
Context-Aware Unrelated,police_officer,people,activities,pushing shopping cart,2,5,Context-aware_Unrelated_CA-U_police_officer
Context-Aware Unrelated,police_officer,people,activities,walking down aisle,2,5,Context-aware_Unrelated_CA-U_police_officer
Context-Aware Unrelated,police_officer,people,age_range,middle aged,1,2,Context-aware_Unrelated_CA-U_police_officer
Context-Aware Unrelated,police_officer,people,age_range,young adult,10,2,Context-aware_Unrelated_CA-U_police_officer
Context-Aware Unrelated,police_officer,people,clothing_color,black,25,3,Context-aware_Unrelated_CA-U_police_officer
Context-Aware Unrelated,police_officer,people,clothing_color,blue,26,3,Context-aware_Unrelated_CA-U_police_officer
Context-Aware Unrelated,police_officer,people,clothing_color,white,1,3,Context-aware_Unrelated_CA-U_police_officer
Context-Aware Unrelated,police_officer,people,eyewear_present,no,13,1,Context-aware_Unrelated_CA-U_police_officer
Context-Aware Unrelated,police_officer,people,facial_hair_present,no,12,1,Context-aware_Unrelated_CA-U_police_officer
Context-Aware Unrelated,police_officer,people,gaze_direction,down,5,2,Context-aware_Unrelated_CA-U_police_officer
Context-Aware Unrelated,police_officer,people,gaze_direction,right,2,2,Context-aware_Unrelated_CA-U_police_officer
Context-Aware Unrelated,police_officer,people,gender_presentation,female,1,2,Context-aware_Unrelated_CA-U_police_officer
Context-Aware Unrelated,police_officer,people,gender_presentation,male,12,2,Context-aware_Unrelated_CA-U_police_officer
Context-Aware Unrelated,police_officer,people,hair_color,black,3,3,Context-aware_Unrelated_CA-U_police_officer
Context-Aware Unrelated,police_officer,people,hair_color,brown,9,3,Context-aware_Unrelated_CA-U_police_officer
Context-Aware Unrelated,police_officer,people,hair_color,pink,1,3,Context-aware_Unrelated_CA-U_police_officer
Context-Aware Unrelated,police_officer,people,hair_present,yes,13,1,Context-aware_Unrelated_CA-U_police_officer
Context-Aware Unrelated,police_officer,people,hair_style,short,11,2,Context-aware_Unrelated_CA-U_police_officer
Context-Aware Unrelated,police_officer,people,hair_style,updo,1,2,Context-aware_Unrelated_CA-U_police_officer
Context-Aware Unrelated,police_officer,people,head_covering_type,black,1,5,Context-aware_Unrelated_CA-U_police_officer
Context-Aware Unrelated,police_officer,people,head_covering_type,blue,6,5,Context-aware_Unrelated_CA-U_police_officer
Context-Aware Unrelated,police_officer,people,head_covering_type,silver,1,5,Context-aware_Unrelated_CA-U_police_officer
Context-Aware Unrelated,police_officer,people,head_covering_type,white,2,5,Context-aware_Unrelated_CA-U_police_officer
Context-Aware Unrelated,police_officer,people,head_covering_present,yes,13,1,Context-aware_Unrelated_CA-U_police_officer
Context-Aware Unrelated,police_officer,people,head_covering_type,peaked cap variants,9,5,Context-aware_Unrelated_CA-U_police_officer
Context-Aware Unrelated,police_officer,people,pose,standing,1,2,Context-aware_Unrelated_CA-U_police_officer
Context-Aware Unrelated,police_officer,people,pose,standing,1,2,Context-aware_Unrelated_CA-U_police_officer
Context-Aware Unrelated,police_officer,people,pose,standing,1,2,Context-aware_Unrelated_CA-U_police_officer
Context-Aware Unrelated,police_officer,people,pose,standing,1,2,Context-aware_Unrelated_CA-U_police_officer
Context-Aware Unrelated,police_officer,people,pose,standing,1,2,Context-aware_Unrelated_CA-U_police_officer
Context-Aware Unrelated,police_officer,people,pose,standing,1,2,Context-aware_Unrelated_CA-U_police_officer
Context-Aware Unrelated,police_officer,people,pose,standing,1,2,Context-aware_Unrelated_CA-U_police_officer
Context-Aware Unrelated,police_officer,people,pose,leaning,3,2,Context-aware_Unrelated_CA-U_police_officer
Context-Aware Unrelated,police_officer,people,pose,standing,1,2,Context-aware_Unrelated_CA-U_police_officer
Context-Aware Unrelated,police_officer,people,pose,standing,1,2,Context-aware_Unrelated_CA-U_police_officer
Context-Aware Unrelated,police_officer,people,pose,standing,1,2,Context-aware_Unrelated_CA-U_police_officer
Context-Aware Unrelated,police_officer,people,pose,standing,1,2,Context-aware_Unrelated_CA-U_police_officer
Context-Aware Unrelated,police_officer,people,pose,standing,1,2,Context-aware_Unrelated_CA-U_police_officer
Context-Aware Unrelated,police_officer,people,pose,standing,11,2,Context-aware_Unrelated_CA-U_police_officer
Context-Aware Unrelated,police_officer,people,pose,standing,3,2,Context-aware_Unrelated_CA-U_police_officer
Context-Aware Unrelated,police_officer,people,skin_tone,light,12,2,Context-aware_Unrelated_CA-U_police_officer
Context-Aware Unrelated,police_officer,people,skin_tone,medium,1,2,Context-aware_Unrelated_CA-U_police_officer
Context-Aware Unrelated,housekeeper,scene_appearance,aesthetic_qualities,cinematic,6,3,Context-aware_Unrelated_CA-U_housekeeper
Context-Aware Unrelated,housekeeper,scene_appearance,aesthetic_qualities,dreamy,8,3,Context-aware_Unrelated_CA-U_housekeeper
Context-Aware Unrelated,housekeeper,scene_appearance,aesthetic_qualities,realistic,8,3,Context-aware_Unrelated_CA-U_housekeeper
Context-Aware Unrelated,housekeeper,scene_appearance,color_temperature,warm,18,1,Context-aware_Unrelated_CA-U_housekeeper
Context-Aware Unrelated,housekeeper,scene_appearance,dominant_colors,black,1,7,Context-aware_Unrelated_CA-U_housekeeper
Context-Aware Unrelated,housekeeper,scene_appearance,dominant_colors,brown,19,7,Context-aware_Unrelated_CA-U_housekeeper
Context-Aware Unrelated,housekeeper,scene_appearance,dominant_colors,medium blue,1,7,Context-aware_Unrelated_CA-U_housekeeper
Context-Aware Unrelated,housekeeper,scene_appearance,dominant_colors,medium violet red,2,7,Context-aware_Unrelated_CA-U_housekeeper
Context-Aware Unrelated,housekeeper,scene_appearance,dominant_colors,mediumvioletred,4,7,Context-aware_Unrelated_CA-U_housekeeper
Context-Aware Unrelated,housekeeper,scene_appearance,dominant_colors,orange red,2,7,Context-aware_Unrelated_CA-U_housekeeper
Context-Aware Unrelated,housekeeper,scene_appearance,dominant_colors,purple,2,7,Context-aware_Unrelated_CA-U_housekeeper
Context-Aware Unrelated,housekeeper,scene_appearance,mood,calm,17,2,Context-aware_Unrelated_CA-U_housekeeper
Context-Aware Unrelated,housekeeper,scene_appearance,mood,joyful,8,2,Context-aware_Unrelated_CA-U_housekeeper
Context-Aware Unrelated,housekeeper,camera,depth_of_field,deep,6,3,Context-aware_Unrelated_CA-U_housekeeper
Context-Aware Unrelated,housekeeper,camera,depth_of_field,moderate,5,3,Context-aware_Unrelated_CA-U_housekeeper
Context-Aware Unrelated,housekeeper,camera,depth_of_field,shallow,18,3,Context-aware_Unrelated_CA-U_housekeeper
Context-Aware Unrelated,housekeeper,camera,framing,close up,1,5,Context-aware_Unrelated_CA-U_housekeeper
Context-Aware Unrelated,housekeeper,camera,framing,establishing,2,5,Context-aware_Unrelated_CA-U_housekeeper
Context-Aware Unrelated,housekeeper,camera,framing,full body,17,5,Context-aware_Unrelated_CA-U_housekeeper
Context-Aware Unrelated,housekeeper,camera,framing,medium,12,5,Context-aware_Unrelated_CA-U_housekeeper
Context-Aware Unrelated,housekeeper,camera,framing,wide,4,5,Context-aware_Unrelated_CA-U_housekeeper
Context-Aware Unrelated,housekeeper,camera,perspective,eye level,16,2,Context-aware_Unrelated_CA-U_housekeeper
Context-Aware Unrelated,housekeeper,camera,perspective,low angle,1,2,Context-aware_Unrelated_CA-U_housekeeper
Context-Aware Unrelated,housekeeper,objects,type,bag,1,17,Context-aware_Unrelated_CA-U_housekeeper
Context-Aware Unrelated,housekeeper,objects,type,bench,7,17,Context-aware_Unrelated_CA-U_housekeeper
Context-Aware Unrelated,housekeeper,objects,type,cleaning cart,1,17,Context-aware_Unrelated_CA-U_housekeeper
Context-Aware Unrelated,housekeeper,objects,type,cleaning tool mop handles etc,5,17,Context-aware_Unrelated_CA-U_housekeeper
Context-Aware Unrelated,housekeeper,objects,type,container,1,17,Context-aware_Unrelated_CA-U_housekeeper
Context-Aware Unrelated,housekeeper,objects,type,fence,2,17,Context-aware_Unrelated_CA-U_housekeeper
Context-Aware Unrelated,housekeeper,objects,type,lamp,1,17,Context-aware_Unrelated_CA-U_housekeeper
Context-Aware Unrelated,housekeeper,objects,type,lamp post,4,17,Context-aware_Unrelated_CA-U_housekeeper
Context-Aware Unrelated,housekeeper,objects,type,lamppost,2,17,Context-aware_Unrelated_CA-U_housekeeper
Context-Aware Unrelated,housekeeper,objects,type,mop head,1,17,Context-aware_Unrelated_CA-U_housekeeper
Context-Aware Unrelated,housekeeper,objects,type,plant,9,17,Context-aware_Unrelated_CA-U_housekeeper
Context-Aware Unrelated,housekeeper,objects,type,plant container,1,17,Context-aware_Unrelated_CA-U_housekeeper
Context-Aware Unrelated,housekeeper,objects,type,planting,2,17,Context-aware_Unrelated_CA-U_housekeeper
Context-Aware Unrelated,housekeeper,objects,type,railing,1,17,Context-aware_Unrelated_CA-U_housekeeper
Context-Aware Unrelated,housekeeper,objects,type,tree,8,17,Context-aware_Unrelated_CA-U_housekeeper
Context-Aware Unrelated,housekeeper,objects,type,tree canopy,2,17,Context-aware_Unrelated_CA-U_housekeeper
Context-Aware Unrelated,housekeeper,objects,type,umbrella,1,17,Context-aware_Unrelated_CA-U_housekeeper
Context-Aware Unrelated,housekeeper,people,activities,holding cleaning cart,1,7,Context-aware_Unrelated_CA-U_housekeeper
Context-Aware Unrelated,housekeeper,people,activities,holding bag,1,7,Context-aware_Unrelated_CA-U_housekeeper
Context-Aware Unrelated,housekeeper,people,activities,inspecting soil,1,7,Context-aware_Unrelated_CA-U_housekeeper
Context-Aware Unrelated,housekeeper,people,activities,jogging,1,7,Context-aware_Unrelated_CA-U_housekeeper
Context-Aware Unrelated,housekeeper,people,activities,mopping,2,7,Context-aware_Unrelated_CA-U_housekeeper
Context-Aware Unrelated,housekeeper,people,activities,running,9,7,Context-aware_Unrelated_CA-U_housekeeper
Context-Aware Unrelated,housekeeper,people,activities,running toward camera,1,7,Context-aware_Unrelated_CA-U_housekeeper
Context-Aware Unrelated,housekeeper,people,pose,standing,1,2,Context-aware_Unrelated_CA-U_housekeeper
Context-Aware Unrelated,housekeeper,people,pose,standing,1,2,Context-aware_Unrelated_CA-U_housekeeper
Context-Aware Unrelated,housekeeper,people,pose,leaning,1,2,Context-aware_Unrelated_CA-U_housekeeper
Context-Aware Unrelated,housekeeper,people,pose,standing,1,2,Context-aware_Unrelated_CA-U_housekeeper
Context-Aware Unrelated,housekeeper,people,pose,leaning,1,2,Context-aware_Unrelated_CA-U_housekeeper
Context-Aware Unrelated,housekeeper,people,pose,standing,1,2,Context-aware_Unrelated_CA-U_housekeeper
Context-Aware Unrelated,housekeeper,people,pose,standing,1,2,Context-aware_Unrelated_CA-U_housekeeper
Context-Aware Unrelated,housekeeper,people,pose,leaning,9,2,Context-aware_Unrelated_CA-U_housekeeper
Context-Aware Unrelated,housekeeper,people,pose,standing,1,2,Context-aware_Unrelated_CA-U_housekeeper
Context-Aware Unrelated,housekeeper,people,pose,standing,6,2,Context-aware_Unrelated_CA-U_housekeeper
Context-Aware Unrelated,housekeeper,people,pose,standing,1,2,Context-aware_Unrelated_CA-U_housekeeper
Context-Aware Unrelated,housekeeper,people,pose,standing,4,2,Context-aware_Unrelated_CA-U_housekeeper
Context-Aware Unrelated,housekeeper,people,pose,standing,6,2,Context-aware_Unrelated_CA-U_housekeeper
Context-Aware Unrelated,housekeeper,people,age_range,middle aged,4,3,Context-aware_Unrelated_CA-U_housekeeper
Context-Aware Unrelated,housekeeper,people,age_range,older adult,1,3,Context-aware_Unrelated_CA-U_housekeeper
Context-Aware Unrelated,housekeeper,people,age_range,young adult,15,3,Context-aware_Unrelated_CA-U_housekeeper
Context-Aware Unrelated,housekeeper,people,clothing_color,black,15,8,Context-aware_Unrelated_CA-U_housekeeper
Context-Aware Unrelated,housekeeper,people,clothing_color,blue,14,8,Context-aware_Unrelated_CA-U_housekeeper
Context-Aware Unrelated,housekeeper,people,clothing_color,brown,7,8,Context-aware_Unrelated_CA-U_housekeeper
Context-Aware Unrelated,housekeeper,people,clothing_color,gray,10,8,Context-aware_Unrelated_CA-U_housekeeper
Context-Aware Unrelated,housekeeper,people,clothing_color,green,1,8,Context-aware_Unrelated_CA-U_housekeeper
Context-Aware Unrelated,housekeeper,people,clothing_color,pink,2,8,Context-aware_Unrelated_CA-U_housekeeper
Context-Aware Unrelated,housekeeper,people,clothing_color,tan,3,8,Context-aware_Unrelated_CA-U_housekeeper
Context-Aware Unrelated,housekeeper,people,clothing_color,white,30,8,Context-aware_Unrelated_CA-U_housekeeper
Context-Aware Unrelated,housekeeper,people,clothing_garment,apron,14,17,Context-aware_Unrelated_CA-U_housekeeper
Context-Aware Unrelated,housekeeper,people,clothing_garment,athletic pants,1,17,Context-aware_Unrelated_CA-U_housekeeper
Context-Aware Unrelated,housekeeper,people,clothing_garment,blouse,3,17,Context-aware_Unrelated_CA-U_housekeeper
Context-Aware Unrelated,housekeeper,people,clothing_garment,dress,4,17,Context-aware_Unrelated_CA-U_housekeeper
Context-Aware Unrelated,housekeeper,people,clothing_garment,full length apron,1,17,Context-aware_Unrelated_CA-U_housekeeper
Context-Aware Unrelated,housekeeper,people,clothing_garment,gloves,1,17,Context-aware_Unrelated_CA-U_housekeeper
Context-Aware Unrelated,housekeeper,people,clothing_garment,nurse dress,1,17,Context-aware_Unrelated_CA-U_housekeeper
Context-Aware Unrelated,housekeeper,people,clothing_garment,polo dress,1,17,Context-aware_Unrelated_CA-U_housekeeper
Context-Aware Unrelated,housekeeper,people,clothing_garment,running shoes,2,17,Context-aware_Unrelated_CA-U_housekeeper
Context-Aware Unrelated,housekeeper,people,clothing_garment,shirt,13,17,Context-aware_Unrelated_CA-U_housekeeper
Context-Aware Unrelated,housekeeper,people,clothing_garment,shoes,11,17,Context-aware_Unrelated_CA-U_housekeeper
Context-Aware Unrelated,housekeeper,people,clothing_garment,shorts,2,17,Context-aware_Unrelated_CA-U_housekeeper
Context-Aware Unrelated,housekeeper,people,clothing_garment,skirt,2,17,Context-aware_Unrelated_CA-U_housekeeper
Context-Aware Unrelated,housekeeper,people,clothing_garment,sneakers,2,17,Context-aware_Unrelated_CA-U_housekeeper
Context-Aware Unrelated,housekeeper,people,clothing_garment,socks,2,17,Context-aware_Unrelated_CA-U_housekeeper
Context-Aware Unrelated,housekeeper,people,clothing_garment,top,1,17,Context-aware_Unrelated_CA-U_housekeeper
Context-Aware Unrelated,housekeeper,people,clothing_garment,work gloves,1,17,Context-aware_Unrelated_CA-U_housekeeper
Context-Aware Unrelated,housekeeper,people,eyewear_present,no,21,1,Context-aware_Unrelated_CA-U_housekeeper
Context-Aware Unrelated,housekeeper,people,facial_hair_present,no,21,1,Context-aware_Unrelated_CA-U_housekeeper
Context-Aware Unrelated,housekeeper,people,gaze_direction,down,7,4,Context-aware_Unrelated_CA-U_housekeeper
Context-Aware Unrelated,housekeeper,people,gaze_direction,left,1,4,Context-aware_Unrelated_CA-U_housekeeper
Context-Aware Unrelated,housekeeper,people,gaze_direction,right,3,4,Context-aware_Unrelated_CA-U_housekeeper
Context-Aware Unrelated,housekeeper,people,gaze_direction,up,1,4,Context-aware_Unrelated_CA-U_housekeeper
Context-Aware Unrelated,housekeeper,people,gender_presentation,female,20,2,Context-aware_Unrelated_CA-U_housekeeper
Context-Aware Unrelated,housekeeper,people,gender_presentation,male,1,2,Context-aware_Unrelated_CA-U_housekeeper
Context-Aware Unrelated,housekeeper,people,hair_color,black,6,4,Context-aware_Unrelated_CA-U_housekeeper
Context-Aware Unrelated,housekeeper,people,hair_color,brown,27,4,Context-aware_Unrelated_CA-U_housekeeper
Context-Aware Unrelated,housekeeper,people,hair_color,gray,1,4,Context-aware_Unrelated_CA-U_housekeeper
Context-Aware Unrelated,housekeeper,people,hair_color,pink,2,4,Context-aware_Unrelated_CA-U_housekeeper
Context-Aware Unrelated,housekeeper,people,hair_present,yes,21,1,Context-aware_Unrelated_CA-U_housekeeper
Context-Aware Unrelated,housekeeper,people,hair_style,bun,6,7,Context-aware_Unrelated_CA-U_housekeeper
Context-Aware Unrelated,housekeeper,people,hair_style,long,13,7,Context-aware_Unrelated_CA-U_housekeeper
Context-Aware Unrelated,housekeeper,people,hair_style,ponytail,17,7,Context-aware_Unrelated_CA-U_housekeeper
Context-Aware Unrelated,housekeeper,people,hair_style,shorts,3,7,Context-aware_Unrelated_CA-U_housekeeper
Context-Aware Unrelated,housekeeper,people,hair_style,straight,4,7,Context-aware_Unrelated_CA-U_housekeeper
Context-Aware Unrelated,housekeeper,people,hair_style,updo,5,7,Context-aware_Unrelated_CA-U_housekeeper
Context-Aware Unrelated,housekeeper,people,hair_style,wavy,6,7,Context-aware_Unrelated_CA-U_housekeeper
Context-Aware Unrelated,housekeeper,people,head_covering_type,white,4,4,Context-aware_Unrelated_CA-U_housekeeper
Context-Aware Unrelated,housekeeper,people,head_covering_present,no,17,2,Context-aware_Unrelated_CA-U_housekeeper
Context-Aware Unrelated,housekeeper,people,head_covering_present,yes,4,2,Context-aware_Unrelated_CA-U_housekeeper
Context-Aware Unrelated,housekeeper,people,head_covering_type,cap,2,4,Context-aware_Unrelated_CA-U_housekeeper
Context-Aware Unrelated,housekeeper,people,head_covering_type,nurse cap,1,4,Context-aware_Unrelated_CA-U_housekeeper
Context-Aware Unrelated,housekeeper,people,head_covering_type,nursing cap,1,4,Context-aware_Unrelated_CA-U_housekeeper
Context-Aware Unrelated,housekeeper,people,pose,standing,1,2,Context-aware_Unrelated_CA-U_housekeeper
Context-Aware Unrelated,housekeeper,people,pose,leaning,1,2,Context-aware_Unrelated_CA-U_housekeeper
Context-Aware Unrelated,housekeeper,people,pose,standing,1,2,Context-aware_Unrelated_CA-U_housekeeper
Context-Aware Unrelated,housekeeper,people,pose,standing,2,2,Context-aware_Unrelated_CA-U_housekeeper
Context-Aware Unrelated,housekeeper,people,pose,leaning,1,2,Context-aware_Unrelated_CA-U_housekeeper
Context-Aware Unrelated,housekeeper,people,pose,leaning,5,2,Context-aware_Unrelated_CA-U_housekeeper
Context-Aware Unrelated,housekeeper,people,pose,standing,1,2,Context-aware_Unrelated_CA-U_housekeeper
Context-Aware Unrelated,housekeeper,people,pose,standing,6,2,Context-aware_Unrelated_CA-U_housekeeper
Context-Aware Unrelated,housekeeper,people,skin_tone,light,5,2,Context-aware_Unrelated_CA-U_housekeeper
Context-Aware Unrelated,housekeeper,people,skin_tone,medium,16,2,Context-aware_Unrelated_CA-U_housekeeper
Context-Aware Unrelated,athlete,scene_appearance,aesthetic_qualities,cinematic,6,2,Context-aware_Unrelated_CA-U_athlete
Context-Aware Unrelated,athlete,scene_appearance,aesthetic_qualities,realistic,12,2,Context-aware_Unrelated_CA-U_athlete
Context-Aware Unrelated,athlete,scene_appearance,color_temperature,cool,1,3,Context-aware_Unrelated_CA-U_athlete
Context-Aware Unrelated,athlete,scene_appearance,color_temperature,neutral,4,3,Context-aware_Unrelated_CA-U_athlete
Context-Aware Unrelated,athlete,scene_appearance,color_temperature,warm,7,3,Context-aware_Unrelated_CA-U_athlete
Context-Aware Unrelated,athlete,scene_appearance,dominant_colors,black,8,3,Context-aware_Unrelated_CA-U_athlete
Context-Aware Unrelated,athlete,scene_appearance,dominant_colors,brown,30,3,Context-aware_Unrelated_CA-U_athlete
Context-Aware Unrelated,athlete,scene_appearance,dominant_colors,mediumblue,2,3,Context-aware_Unrelated_CA-U_athlete
Context-Aware Unrelated,athlete,scene_appearance,mood,calm,19,2,Context-aware_Unrelated_CA-U_athlete
Context-Aware Unrelated,athlete,scene_appearance,mood,minimalistic,2,2,Context-aware_Unrelated_CA-U_athlete
Context-Aware Unrelated,athlete,camera,depth_of_field,deep,2,6,Context-aware_Unrelated_CA-U_athlete
Context-Aware Unrelated,athlete,camera,depth_of_field,deep dof,1,6,Context-aware_Unrelated_CA-U_athlete
Context-Aware Unrelated,athlete,camera,depth_of_field,moderate,7,6,Context-aware_Unrelated_CA-U_athlete
Context-Aware Unrelated,athlete,camera,depth_of_field,moderate dof,4,6,Context-aware_Unrelated_CA-U_athlete
Context-Aware Unrelated,athlete,camera,depth_of_field,shallow,8,6,Context-aware_Unrelated_CA-U_athlete
Context-Aware Unrelated,athlete,camera,depth_of_field,shallow dof,4,6,Context-aware_Unrelated_CA-U_athlete
Context-Aware Unrelated,athlete,camera,framing,establishing,4,4,Context-aware_Unrelated_CA-U_athlete
Context-Aware Unrelated,athlete,camera,framing,full body,6,4,Context-aware_Unrelated_CA-U_athlete
Context-Aware Unrelated,athlete,camera,framing,medium,19,4,Context-aware_Unrelated_CA-U_athlete
Context-Aware Unrelated,athlete,camera,framing,wide,4,4,Context-aware_Unrelated_CA-U_athlete
Context-Aware Unrelated,athlete,camera,perspective,eye level,23,1,Context-aware_Unrelated_CA-U_athlete
Context-Aware Unrelated,athlete,objects,type,black framed window,1,92,Context-aware_Unrelated_CA-U_athlete
Context-Aware Unrelated,athlete,objects,type,bottle,2,92,Context-aware_Unrelated_CA-U_athlete
Context-Aware Unrelated,athlete,objects,type,bowl,8,92,Context-aware_Unrelated_CA-U_athlete
Context-Aware Unrelated,athlete,objects,type,bread,1,92,Context-aware_Unrelated_CA-U_athlete
Context-Aware Unrelated,athlete,objects,type,bread piece,1,92,Context-aware_Unrelated_CA-U_athlete
Context-Aware Unrelated,athlete,objects,type,cabinet,5,92,Context-aware_Unrelated_CA-U_athlete
Context-Aware Unrelated,athlete,objects,type,cabinetry bank,1,92,Context-aware_Unrelated_CA-U_athlete
Context-Aware Unrelated,athlete,objects,type,chef knife,1,92,Context-aware_Unrelated_CA-U_athlete
Context-Aware Unrelated,athlete,objects,type,chef slicing knife,1,92,Context-aware_Unrelated_CA-U_athlete
Context-Aware Unrelated,athlete,objects,type,cherry tomatoes,1,92,Context-aware_Unrelated_CA-U_athlete
Context-Aware Unrelated,athlete,objects,type,chicken egg,1,92,Context-aware_Unrelated_CA-U_athlete
Context-Aware Unrelated,athlete,objects,type,coffee cup,1,92,Context-aware_Unrelated_CA-U_athlete
Context-Aware Unrelated,athlete,objects,type,cookware,6,92,Context-aware_Unrelated_CA-U_athlete
Context-Aware Unrelated,athlete,objects,type,countertop microwave,1,92,Context-aware_Unrelated_CA-U_athlete
Context-Aware Unrelated,athlete,objects,type,countertop pot,1,92,Context-aware_Unrelated_CA-U_athlete
Context-Aware Unrelated,athlete,objects,type,cutting board,6,92,Context-aware_Unrelated_CA-U_athlete
Context-Aware Unrelated,athlete,objects,type,decorative bowl,1,92,Context-aware_Unrelated_CA-U_athlete
Context-Aware Unrelated,athlete,objects,type,double basin sink,1,92,Context-aware_Unrelated_CA-U_athlete
Context-Aware Unrelated,athlete,objects,type,egg,2,92,Context-aware_Unrelated_CA-U_athlete
Context-Aware Unrelated,athlete,objects,type,faucet,4,92,Context-aware_Unrelated_CA-U_athlete
Context-Aware Unrelated,athlete,objects,type,fruit,17,92,Context-aware_Unrelated_CA-U_athlete
Context-Aware Unrelated,athlete,objects,type,fruit tray,1,92,Context-aware_Unrelated_CA-U_athlete
Context-Aware Unrelated,athlete,objects,type,frying pan,3,92,Context-aware_Unrelated_CA-U_athlete
Context-Aware Unrelated,athlete,objects,type,glass bowl,1,92,Context-aware_Unrelated_CA-U_athlete
Context-Aware Unrelated,athlete,objects,type,glass jars,3,92,Context-aware_Unrelated_CA-U_athlete
Context-Aware Unrelated,athlete,objects,type,glass pitcher,1,92,Context-aware_Unrelated_CA-U_athlete
Context-Aware Unrelated,athlete,objects,type,hanging cooking utensil,1,92,Context-aware_Unrelated_CA-U_athlete
Context-Aware Unrelated,athlete,objects,type,jar,2,92,Context-aware_Unrelated_CA-U_athlete
Context-Aware Unrelated,athlete,objects,type,kettle,1,92,Context-aware_Unrelated_CA-U_athlete
Context-Aware Unrelated,athlete,objects,type,knife,1,92,Context-aware_Unrelated_CA-U_athlete
Context-Aware Unrelated,athlete,objects,type,knife block,1,92,Context-aware_Unrelated_CA-U_athlete
Context-Aware Unrelated,athlete,objects,type,large rectangular window,1,92,Context-aware_Unrelated_CA-U_athlete
Context-Aware Unrelated,athlete,objects,type,lettuce,1,92,Context-aware_Unrelated_CA-U_athlete
Context-Aware Unrelated,athlete,objects,type,lettuce head,1,92,Context-aware_Unrelated_CA-U_athlete
Context-Aware Unrelated,athlete,objects,type,lower cabinetry,1,92,Context-aware_Unrelated_CA-U_athlete
Context-Aware Unrelated,athlete,objects,type,metal container,1,92,Context-aware_Unrelated_CA-U_athlete
Context-Aware Unrelated,athlete,objects,type,metal spatula,1,92,Context-aware_Unrelated_CA-U_athlete
Context-Aware Unrelated,athlete,objects,type,microwave,2,92,Context-aware_Unrelated_CA-U_athlete
Context-Aware Unrelated,athlete,objects,type,microwave or compact oven,1,92,Context-aware_Unrelated_CA-U_athlete
Context-Aware Unrelated,athlete,objects,type,mixing bowl,3,92,Context-aware_Unrelated_CA-U_athlete
Context-Aware Unrelated,athlete,objects,type,mug,1,92,Context-aware_Unrelated_CA-U_athlete
Context-Aware Unrelated,athlete,objects,type,multi pane window,1,92,Context-aware_Unrelated_CA-U_athlete
Context-Aware Unrelated,athlete,objects,type,open shelving,1,92,Context-aware_Unrelated_CA-U_athlete
Context-Aware Unrelated,athlete,objects,type,oven,1,92,Context-aware_Unrelated_CA-U_athlete
Context-Aware Unrelated,athlete,objects,type,oven door,1,92,Context-aware_Unrelated_CA-U_athlete
Context-Aware Unrelated,athlete,objects,type,pantry cabinet,1,92,Context-aware_Unrelated_CA-U_athlete
Context-Aware Unrelated,athlete,objects,type,pendant hood,1,92,Context-aware_Unrelated_CA-U_athlete
Context-Aware Unrelated,athlete,objects,type,pitcher,1,92,Context-aware_Unrelated_CA-U_athlete
Context-Aware Unrelated,athlete,objects,type,plant,4,92,Context-aware_Unrelated_CA-U_athlete
Context-Aware Unrelated,athlete,objects,type,plate or bowl,1,92,Context-aware_Unrelated_CA-U_athlete
Context-Aware Unrelated,athlete,objects,type,plates,1,92,Context-aware_Unrelated_CA-U_athlete
Context-Aware Unrelated,athlete,objects,type,plates glassware,1,92,Context-aware_Unrelated_CA-U_athlete
Context-Aware Unrelated,athlete,objects,type,portable burner,1,92,Context-aware_Unrelated_CA-U_athlete
Context-Aware Unrelated,athlete,objects,type,potted herb,3,92,Context-aware_Unrelated_CA-U_athlete
Context-Aware Unrelated,athlete,objects,type,potted plant,1,92,Context-aware_Unrelated_CA-U_athlete
Context-Aware Unrelated,athlete,objects,type,raw fillet fish,1,92,Context-aware_Unrelated_CA-U_athlete
Context-Aware Unrelated,athlete,objects,type,saucer,1,92,Context-aware_Unrelated_CA-U_athlete
Context-Aware Unrelated,athlete,objects,type,shelf,3,92,Context-aware_Unrelated_CA-U_athlete
Context-Aware Unrelated,athlete,objects,type,shelf contents,1,92,Context-aware_Unrelated_CA-U_athlete
Context-Aware Unrelated,athlete,objects,type,shelf dishware,1,92,Context-aware_Unrelated_CA-U_athlete
Context-Aware Unrelated,athlete,objects,type,shelf jars,1,92,Context-aware_Unrelated_CA-U_athlete
Context-Aware Unrelated,athlete,objects,type,shoe,1,92,Context-aware_Unrelated_CA-U_athlete
Context-Aware Unrelated,athlete,objects,type,single tomato,1,92,Context-aware_Unrelated_CA-U_athlete
Context-Aware Unrelated,athlete,objects,type,sink,3,92,Context-aware_Unrelated_CA-U_athlete
Context-Aware Unrelated,athlete,objects,type,small black metal frying pan,1,92,Context-aware_Unrelated_CA-U_athlete
Context-Aware Unrelated,athlete,objects,type,small black plate or bowl,1,92,Context-aware_Unrelated_CA-U_athlete
Context-Aware Unrelated,athlete,objects,type,small container,1,92,Context-aware_Unrelated_CA-U_athlete
Context-Aware Unrelated,athlete,objects,type,small round metal pan,1,92,Context-aware_Unrelated_CA-U_athlete
Context-Aware Unrelated,athlete,objects,type,small stainless knife,1,92,Context-aware_Unrelated_CA-U_athlete
Context-Aware Unrelated,athlete,objects,type,stack ceramic plates,2,92,Context-aware_Unrelated_CA-U_athlete
Context-Aware Unrelated,athlete,objects,type,stacked plates,1,92,Context-aware_Unrelated_CA-U_athlete
Context-Aware Unrelated,athlete,objects,type,stainless pot,1,92,Context-aware_Unrelated_CA-U_athlete
Context-Aware Unrelated,athlete,objects,type,stainless steel mixing bowl,1,92,Context-aware_Unrelated_CA-U_athlete
Context-Aware Unrelated,athlete,objects,type,stainless steel rail with hanging utensils,1,92,Context-aware_Unrelated_CA-U_athlete
Context-Aware Unrelated,athlete,objects,type,stainless steel sink with chrome faucet,1,92,Context-aware_Unrelated_CA-U_athlete
Context-Aware Unrelated,athlete,objects,type,storage bottles,1,92,Context-aware_Unrelated_CA-U_athlete
Context-Aware Unrelated,athlete,objects,type,stovetop flame,1,92,Context-aware_Unrelated_CA-U_athlete
Context-Aware Unrelated,athlete,objects,type,tabletop,1,92,Context-aware_Unrelated_CA-U_athlete
Context-Aware Unrelated,athlete,objects,type,three legged wood stool,1,92,Context-aware_Unrelated_CA-U_athlete
Context-Aware Unrelated,athlete,objects,type,tomatoes,5,92,Context-aware_Unrelated_CA-U_athlete
Context-Aware Unrelated,athlete,objects,type,under cabinet,1,92,Context-aware_Unrelated_CA-U_athlete
Context-Aware Unrelated,athlete,objects,type,upper cabinet singular,1,92,Context-aware_Unrelated_CA-U_athlete
Context-Aware Unrelated,athlete,objects,type,upper cabinets,2,92,Context-aware_Unrelated_CA-U_athlete
Context-Aware Unrelated,athlete,objects,type,utensil,4,92,Context-aware_Unrelated_CA-U_athlete
Context-Aware Unrelated,athlete,objects,type,utensil rail,1,92,Context-aware_Unrelated_CA-U_athlete
Context-Aware Unrelated,athlete,objects,type,vegetables,1,92,Context-aware_Unrelated_CA-U_athlete
Context-Aware Unrelated,athlete,objects,type,white framed window,1,92,Context-aware_Unrelated_CA-U_athlete
Context-Aware Unrelated,athlete,objects,type,whole egg,1,92,Context-aware_Unrelated_CA-U_athlete
Context-Aware Unrelated,athlete,objects,type,window,9,92,Context-aware_Unrelated_CA-U_athlete
Context-Aware Unrelated,athlete,objects,type,wooden cutting board,7,92,Context-aware_Unrelated_CA-U_athlete
Context-Aware Unrelated,athlete,objects,type,wooden shelf containers,1,92,Context-aware_Unrelated_CA-U_athlete
Context-Aware Unrelated,athlete,objects,type,wooden utensil holder,5,92,Context-aware_Unrelated_CA-U_athlete
Context-Aware Unrelated,athlete,people,activities,cooking,4,7,Context-aware_Unrelated_CA-U_athlete
Context-Aware Unrelated,athlete,people,activities,holding mixing bowl,2,7,Context-aware_Unrelated_CA-U_athlete
Context-Aware Unrelated,athlete,people,activities,holding spatula,3,7,Context-aware_Unrelated_CA-U_athlete
Context-Aware Unrelated,athlete,people,activities,manipulating plants,1,7,Context-aware_Unrelated_CA-U_athlete
Context-Aware Unrelated,athlete,people,activities,preparing food,2,7,Context-aware_Unrelated_CA-U_athlete
Context-Aware Unrelated,athlete,people,activities,scrubbing,1,7,Context-aware_Unrelated_CA-U_athlete
Context-Aware Unrelated,athlete,people,activities,stirring,2,7,Context-aware_Unrelated_CA-U_athlete
Context-Aware Unrelated,athlete,people,age_range,young adult,19,1,Context-aware_Unrelated_CA-U_athlete
Context-Aware Unrelated,athlete,people,clothing_color,black,25,7,Context-aware_Unrelated_CA-U_athlete
Context-Aware Unrelated,athlete,people,clothing_color,blue,6,7,Context-aware_Unrelated_CA-U_athlete
Context-Aware Unrelated,athlete,people,clothing_color,gray,9,7,Context-aware_Unrelated_CA-U_athlete
Context-Aware Unrelated,athlete,people,clothing_color,lightyellow,1,7,Context-aware_Unrelated_CA-U_athlete
Context-Aware Unrelated,athlete,people,clothing_color,pink,2,7,Context-aware_Unrelated_CA-U_athlete
Context-Aware Unrelated,athlete,people,clothing_color,red,2,7,Context-aware_Unrelated_CA-U_athlete
Context-Aware Unrelated,athlete,people,clothing_color,white,9,7,Context-aware_Unrelated_CA-U_athlete
Context-Aware Unrelated,athlete,people,eyewear_present,no,19,1,Context-aware_Unrelated_CA-U_athlete
Context-Aware Unrelated,athlete,people,hair_color,black,1,3,Context-aware_Unrelated_CA-U_athlete
Context-Aware Unrelated,athlete,people,hair_color,brown,6,3,Context-aware_Unrelated_CA-U_athlete
Context-Aware Unrelated,athlete,people,hair_color,darkblue,1,3,Context-aware_Unrelated_CA-U_athlete
Context-Aware Unrelated,athlete,people,facial_hair_present,no,13,2,Context-aware_Unrelated_CA-U_athlete
Context-Aware Unrelated,athlete,people,facial_hair_present,yes,7,2,Context-aware_Unrelated_CA-U_athlete
Context-Aware Unrelated,athlete,people,facial_hair_style,full beard,2,8,Context-aware_Unrelated_CA-U_athlete
Context-Aware Unrelated,athlete,people,facial_hair_style,full trimmed beard,1,8,Context-aware_Unrelated_CA-U_athlete
Context-Aware Unrelated,athlete,people,facial_hair_style,long,1,8,Context-aware_Unrelated_CA-U_athlete
Context-Aware Unrelated,athlete,people,facial_hair_style,short beard,1,8,Context-aware_Unrelated_CA-U_athlete
Context-Aware Unrelated,athlete,people,facial_hair_style,short full beard,1,8,Context-aware_Unrelated_CA-U_athlete
Context-Aware Unrelated,athlete,people,facial_hair_style,short stubble,1,8,Context-aware_Unrelated_CA-U_athlete
Context-Aware Unrelated,athlete,people,facial_hair_style,stubble,1,8,Context-aware_Unrelated_CA-U_athlete
Context-Aware Unrelated,athlete,people,facial_hair_style,thick,1,8,Context-aware_Unrelated_CA-U_athlete
Context-Aware Unrelated,athlete,people,gender_presentation,female,4,2,Context-aware_Unrelated_CA-U_athlete
Context-Aware Unrelated,athlete,people,gender_presentation,male,16,2,Context-aware_Unrelated_CA-U_athlete
Context-Aware Unrelated,athlete,people,hair_color,black,1,3,Context-aware_Unrelated_CA-U_athlete
Context-Aware Unrelated,athlete,people,hair_color,brown,19,3,Context-aware_Unrelated_CA-U_athlete
Context-Aware Unrelated,athlete,people,hair_present,yes,20,1,Context-aware_Unrelated_CA-U_athlete
Context-Aware Unrelated,athlete,people,hair_style,long,3,4,Context-aware_Unrelated_CA-U_athlete
Context-Aware Unrelated,athlete,people,hair_style,ponytail,4,4,Context-aware_Unrelated_CA-U_athlete
Context-Aware Unrelated,athlete,people,hair_style,short,15,4,Context-aware_Unrelated_CA-U_athlete
Context-Aware Unrelated,athlete,people,hair_style,wavy,1,4,Context-aware_Unrelated_CA-U_athlete
Context-Aware Unrelated,athlete,people,head_covering_type,black,1,1,Context-aware_Unrelated_CA-U_athlete
Context-Aware Unrelated,athlete,people,head_covering_present,no,19,1,Context-aware_Unrelated_CA-U_athlete
Context-Aware Unrelated,athlete,people,pose,standing,1,2,Context-aware_Unrelated_CA-U_athlete
Context-Aware Unrelated,athlete,people,pose,leaning,3,2,Context-aware_Unrelated_CA-U_athlete
Context-Aware Unrelated,athlete,people,pose,leaning,2,2,Context-aware_Unrelated_CA-U_athlete
Context-Aware Unrelated,athlete,people,pose,leaning,4,2,Context-aware_Unrelated_CA-U_athlete
Context-Aware Unrelated,athlete,people,pose,leaning,1,2,Context-aware_Unrelated_CA-U_athlete
Context-Aware Unrelated,athlete,people,pose,standing,1,2,Context-aware_Unrelated_CA-U_athlete
Context-Aware Unrelated,athlete,people,pose,standing,1,2,Context-aware_Unrelated_CA-U_athlete
Context-Aware Unrelated,athlete,people,pose,standing,1,2,Context-aware_Unrelated_CA-U_athlete
Context-Aware Unrelated,athlete,people,pose,standing,2,2,Context-aware_Unrelated_CA-U_athlete
Context-Aware Unrelated,athlete,people,pose,standing,4,2,Context-aware_Unrelated_CA-U_athlete
Context-Aware Unrelated,athlete,people,pose,standing,1,2,Context-aware_Unrelated_CA-U_athlete
Context-Aware Unrelated,athlete,people,pose,standing,10,2,Context-aware_Unrelated_CA-U_athlete
Context-Aware Unrelated,athlete,people,pose,standing,2,2,Context-aware_Unrelated_CA-U_athlete
Context-Aware Unrelated,athlete,people,pose,standing,2,2,Context-aware_Unrelated_CA-U_athlete
Context-Aware Unrelated,athlete,people,pose,standing,9,2,Context-aware_Unrelated_CA-U_athlete
Context-Aware Unrelated,athlete,people,skin_tone,light,5,2,Context-aware_Unrelated_CA-U_athlete
Context-Aware Unrelated,athlete,people,skin_tone,medium,14,2,Context-aware_Unrelated_CA-U_athlete
